سلام۔	Hi.
مدد۔	Help!
شکریہ۔	Thanks.
!چلو	Let's go!
پہت خوب۔	Good job!
ہم جیت گئے۔	We won.
بھاگ جائو۔	Beat it.
کیسا ہے؟	How is it?
ہم ہار گئے۔	We lost.
پتلی رہو۔	Stay thin.
پتلے رہو۔	Stay thin.
شب بخیر۔	Good night.
دفعہ ہو جائو۔	Beat it.
ہم جیتے گے۔	We'll win.
ٹام موٹا ہے۔	Tom's fat.
ٹام اداس یے۔	Tom's sad.
ٹام تیز ہے۔	Tom's fast.
شام بخیر۔	Good evening.
صبح بخير۔	Good morning.
اور پڑھو۔	Keep reading.
آگے پڑھو۔	Keep reading.
موٹی نہ ہونا۔	Stay thin.
موٹے نہ ہونا۔	Stay thin.
ٹام ناراض ہے۔	Tom's mad.
ہم نے بات کی۔	We talked.
ٹام بہرہ ہے۔	Tom's deaf.
ٹام آذاد ہے۔	Tom's free.
ٹام ادھر ہے۔	Tom's here.
ٹام زخمی ہے۔	Tom's hurt.
ٹام ٹھیک ہے۔	Tom's well.
تم کیسی ہو؟	How are you?
ٹام غلط ہے۔	Tom's wrong.
ہم ناچے گے۔	We'll dance.
پڑھتے رہو۔	Keep reading.
ٹام اٹھ چکا ہے۔	Tom's up.
میں بیمار ہوں۔	I am sick.
ٹام شرمیلا ہے۔	Tom's shy.
ٹام محفوظ ہے۔	Tom's safe.
ٹام بیمار ہے۔	Tom's sick.
ٹام کمزور ہے۔	Tom's weak.
آپ کیسے ہو ؟	How are you?
آپ کیسی ہیں؟	How are you?
ٹام صحیص ہے۔	Tom's right.
ٹام عجیب ہے۔	Tom's weird.
ٹام جوان ہے۔	Tom's young.
سب کھائو۔	Eat everything.
ہم کوشش کرے گے۔	We'll try.
کیا ہو رہا ہیں؟	What's up?
ٹام مر چکا ہے۔	Tom's dead.
ٹام مر گیا ہے۔	Tom's died.
ٹام گھر پہ ہے۔	Tom's home.
ہم مدد کرے گے۔	We'll help.
سب کو سلام۔	Hi, everybody.
تم ٹھیک ہو؟	You all right?
سب کھا لو۔	Eat everything.
کیا تم ٹھیک ہو؟	Are you OK?
ٹام چلا گیا ہے۔	Tom's gone.
ہم رقص کرے گے۔	We'll dance.
یہ پیو۔	Take a sip of this.
مجھ پر بھروسہ کرو۔	Trust me!
مجھے اندر آنے دو۔	Let me in.
میں گھر پہ ہوں۔	I'm at home.
کیا یہ سفید ہے؟	Is it white?
ٹام نشہ میں ہے۔	Tom's drunk.
ٹام عقل مند ہے۔	Tom's smart.
زندگی مشکل ہے۔	Life is hard.
ٹام طاقتور ہے۔	Tom's strong.
یہ دیکھو۔	Hey, look at this.
آئیے ہم کوشش کریں!	Let's try!
ہم انتظار کرے گے۔	We'll wait.
چلو یہ کرتے ہیں۔	Let's do it.
ٹام تھکا ہوا ہے۔	Tom's tired.
آرام سے کام کرو۔	Work slowly.
میرا ہاتھ پکڑو۔	Grab my hand.
ٹام ڈرا ہوا ہے۔	Tom's scared.
اسے فورا٘ کرو۔	Do it at once.
جلدی واپس آنا۔	Don't be long.
چھوڑ دو اسے۔	Leave it behind.
مجھے چائے پسند ہے۔	I like tea.
مجھے روک پسند ہے۔	I love rock.
میرا ہاتھ تھامو۔	Grab my hand.
میں نہیں جانتا ۔	I don't know.
میں بہت گرم ہوں۔	I'm very hot.
نیا سال مبارک۔	Happy New Year!
تم بدل گئے ہو۔	You've changed.
کتاب بند کرو۔	Close your book.
میں معلم تھا۔	I was a teacher.
آگ بجھ گئی۔	The fire went out.
مجھے تم سے پیار ہے۔	I love you.
مجھے نیند آ رہی ہے۔	I'm sleepy.
آپ کا کیا حال ہے ؟	How are you?
میں یہاں رہتا ہوں۔	I live here.
میں ادھر رہتا ہوں۔	I live here.
شاید بارش ہو جائے۔	It may rain.
میں ہل نہیں سکتا۔	I can't move.
یہ بہت بڑا ہے۔	This is too big.
مجھے آپ کی ضرورت ہے۔	I need you.
میں کتا رکھتا ہوں۔	I keep a dog.
میں نہیں ہاروں گا۔	I won't lose!
مجھے کال مت کرنا۔	Don't call me.
ٹام پھنسا ہوا ہے۔	Tom's trapped.
تم کیا کرتے ہو ؟	What do you do?
مایوس نہ ہونا۔	Don't lose heart.
تم مجھے بتائو۔	You must tell me.
کتاب سفید ہے۔	The book is white.
درخت گر گیا۔	The tree fell down.
یہ دیکھیں۔	Take a look at these.
مجھے تمھاری ضرورت ہے۔	I need you.
چلو اسے ازماتے ہیں۔	Let's try it.
مجھے کافی پسند ہے۔	I like coffee.
مجھے کھیل پسند ہے۔	I like sports.
کيسا چل رہا ہے ؟	How is it going?
یہ بہت زیارہ ہے۔	This is too big.
حوصلہ مت کھونا۔	Don't lose heart.
مجھے کیک چاہیئے	I want some cake.
بڑی مہربانی۔	Thank you very much.
وہاں دیکھو۔	Take a look in there.
مجھے خماری چڑھ رہی ہے۔	I'm sleepy.
مجھے مدد کی ضرورت ہے۔	I need help.
مجھے تم پر بھروسہ ہے۔	I trust you.
شاید برفباری ہو جائے۔	It may snow.
زیارہ دیر نہ لگانا۔	Don't be long.
میں طلاق یافتہ ہوں۔	I am divorced.
مجھے فلمیں پسند ہے۔	I love movies.
یہ کام نہیں کرے گا۔	It won't work.
وہ سستا لگتا تھا۔	It looked cheap.
میں گھر میں ہوں۔	I'm in the house.
ٹام نے مریم کو دیکھا۔	Tom saw Mary.
میری طلاق ہو چکی ہے۔	I am divorced.
مجھے انڈے پسند نہیں	I dislike eggs.
مجھے دودھ چاہئیے۔	I want some milk.
آپ کیا بناتے ہو ؟	What do you make?
تم مجھے یہ بتائو۔	You must tell me.
تم حقیقت پسند ہو۔	You're realistic.
آپ حقیقت پسند ہے۔	You're realistic.
وہ بھاگا کیوں؟	Why did he run away?
غلطی نہ کرنا۔	Don't make a mistake.
قصور میرا ہے۔	I'm the one to blame.
میں اس سے پیار کرتا ہوں۔	I love her.
میں تم سے محبت کرتا ہوں۔	I love you.
وہ میری عزت کرتا ہے۔	He respects me.
مجھے تیراکی پسند ہے۔	I like to swim.
وہ عقلمند لڑکا ہے۔	He's a smart boy.
مجھے تلاش مت کرو۔	Don't look for me.
مجھے مزہ آرہا ہے۔	I'm enjoying this.
میری کم عقلی تھی۔	I've been foolish.
وہ اس طرف گئی ہے۔	She went that way.
تم فارغ کب ہو گے؟	When are you free?
برف پگھل رہی ہے۔	The ice is melting.
اس نے الٹا کیا۔	He did the opposite.
آج بہت گرمی ہے۔	It's very hot today.
یہ گھر خالی ہے۔	The house is vacant.
یہ لوگ کون ہے؟	Who are those people?
مجھے کوئی پڑوا نہیں ہے۔	I don't care.
میں ایک طالب علم ہوں۔	I am a student.
آپ کو تیرنا نہیں آتا۔	You can't swim.
تمہیں تیرنا نہیں آتا۔	You can't swim.
یہ ظہرانے کا وقت ہے۔	It's lunch time.
اس نے نظریں جھکا لی۔	She looked away.
ہمیں یہ کرنا چاہئیے۔	We should do it.
کیا سب کچھ ٹھیک ہے؟	Is everything OK?
تمہیں پیسے چاہیئے؟	Do you want money?
آپ کو پیسے چاہیئے؟	Do you want money?
مجھے تلاش مت کرنا۔	Don't look for me.
آپ فارغ کب ہوں گے؟	When are you free?
یہ اچھا سودا ہے۔	It's a real bargain.
گیارہ بج گئے ہے۔	It's already eleven.
مجھے کچھ دن دو۔	Give me a day or two.
ٹام سے پوچھ لو۔	Go ahead and ask Tom.
اونچا بولو۔	Please speak more loudly.
مجھے کوئی فرق نہیں پڑتا۔	I don't care.
زنگی پھولوں کا سیج نہیں۔	Life is hard.
مجھے ایک آئڈیا آیا تھا۔	I had an idea.
ٹام تم سے نفرت کرتا ہے۔	Tom hates you.
ٹام آپ سے نفرت کرتا ہے۔	Tom hates you.
تمہیں تیراکی نہیں آتی۔	You can't swim.
تم بیواقوف لگ رہے ہو۔	You look stupid.
کافی تیز بارش ہوئی۔	A heavy rain fell.
تم کیسے کر رہے ہو ؟	How are you doing?
میں نیا سٹوڈنٹ ہوں۔	I'm a new student.
میں ہی بیواقوف تھا۔	I've been foolish.
قیمتیں بڑھ رہی ہیں۔	Prices are rising.
تم ایک اچھے بچے ہو۔	You're a good boy.
ایک محافظ باہر ہے۔	A guard is outside.
یہ کارآمد نہیں ہے۔	It's not practical.
تم کیا کر رہے ہو ؟	What are you doing?
وہ میرے دوست ہیں۔	They are my friends.
تمھیں ٹکٹ چاہیے؟	Do you want a ticket?
وہ ایک جھوٹ تھا۔	It was all a big lie.
میں سٹوڈنٹ ہوں۔	I'm a college student.
جلدی جواب دو۔	Come on, answer quickly.
زور سے بولو۔	Please speak more loudly.
میں ابھی بھی مصروف ہوں۔	I'm still busy.
تم تیراکی نہیں کر سکتے۔	You can't swim.
کیا کوئی فرق پڑتا ہے؟	Does that matter?
تم یہاں بیٹھ سکتے ہو۔	You may sit here.
آپ یہاں بیٹھ سکتے ہے۔	You may sit here.
میں انکار نہ کر سکا۔	I couldn't refuse.
میں انکار نہ کر سکی۔	I couldn't refuse.
وہ مجھے نہیں معلوم ۔	I don't know that.
ٹام ناخوش لگ رہا ہے۔	Tom looks unhappy.
ٹام خوش نہیں لگ رہا۔	Tom looks unhappy.
مجھے کیا کہنا چاہیے؟	What should I say?
کافی کچھ ہو گیا ہے۔	A lot has happened.
کیا یہ میرا وہم ہے؟	Am I seeing things?
کیا تم جلدی میں ہو؟	Are you in a hurry?
میں سنگاپور سے ہوں۔	I'm from Singapore.
روشنی کو بند کر دو۔	Turn off the light.
اس کے اندر دیکھو۔	Take a look in there.
اس نے آج کیا کیا؟	What did he do today?
مسلہ ہو جائے گا۔	There'll be a problem.
تمہیں مجھے بتانا ہوگا۔	You must tell me.
اس نے سب کچھ جیت لیا۔	He won everything.
مجھے ابھی فورا بھیجو۔	Send it to me now.
ٹام نے پیزہ آرڈر کیا۔	Tom ordered pizza.
روشنی کو بند کر دیں۔	Turn off the light.
میں نے بھی جانا ہے۔	I'd like to go, too.
وہ میری سہلیاں ہیں۔	They are my friends.
کوئی غلطی نہ کرنا۔	Don't make a mistake.
مجھے یہ نہیں یاد۔	I don't remember that.
تم کیا کرو گے؟	What are you going to do?
ٹام بوریت کا شکار ہو رہا ہے۔	Tom's bored.
مجھے کام کرنے سے نفرت ہے۔	I hate working.
وہ کافی جوان دکھ رہی ہے۔	She looks young.
ٹیکسی انتظار کر رہی ہے۔	A cab is waiting.
میری چابی گم ہو گئی ہے۔	I've lost my key.
کونسے دانت میں درد ہے؟	Which tooth hurts?
یہاں گند مچا ہوا ہے۔	It's a mess in here.
ہمیں یہ کام کرنا ہے۔	We have a job to do.
بہت بڑا دن گزرا آج۔	I've had a lousy day.
میرا سر پھٹ رہا ہے۔	My head is exploding.
وہ فورا مان گیا۔	He readily agreed to it.
کتنی ٹیمیں ہیں؟	How many teams are there?
آواز اونچی کرو۔	Please speak more loudly.
آپ کیا کریں گے؟	What are you going to do?
میں اپنی پوری کوشش کرتا ہوں۔	I do my best.
مجھے کوئی اندازہ نہیں ہے ۔	I have no idea.
آئو ٹام کا شکریہ ادا کرے۔	Let's thank Tom.
تمہیں بڑی زور کی لگی ہے۔	You got hit hard.
آپ کو بڑی زور کی لگی ہے۔	You got hit hard.
میں جلدی داپس آجاؤنگا ۔	I'll be back soon.
ایک بچہ گُم ہو گیا ہے۔	A child is missing.
ہم ظہرانہ کھا رہے ہیں۔	We're having lunch.
یہ زندگی کی حقیقت ہے۔	It's a fact of life.
چند دن کی چھٹی لے لو۔	Take a few days off.
پیانو کافی مہنگا ہے۔	A piano is expensive.
الزام مجھے دیا جائے۔	I'm the one to blame.
میں کوئی ۱ میل چلا۔	I walked about 1 mile.
ٹام کی عینک ٹوٹ گئ۔	Tom broke his glasses.
ٹام ابھی اناڑی ہے۔	Tom is only a beginner.
ہمیں ٹھنڈ نہیں لگ رہی تھی۔	We weren't cold.
مجھے نفرت ہے اُس کتاب سے۔	I hate that book.
میں نے اس سے پوچھ لیا ہے۔	I have asked him.
ٹام کی اب طبیعت کیسی ہے؟	How does Tom feel?
لکڑی آرام سے جل جاتی ہے۔	Woods burn easily.
میں ابھی واپس آجاؤنگا ۔	I'll be right back.
اس میں کافی خامیاں ہے۔	She has many faults.
وہ سکون سے رہ رہا ہے۔	He lives comfortably.
ٹام ایک امیر آدپی ہے۔	Tom is a wealthy man.
انہیوں نے آج کیا کیا؟	What did he do today?
وہ بینک کے اندر گیا۔	He went into the bank.
وہ ان کی کتابیں ہیں۔	Those are their books.
میں استاد ہوتا تھا۔	I used to be a teacher.
سارے ڈبے خالی ہیں۔	All the boxes are empty.
مجھے لغت لا کے دو۔	Bring me the dictionary.
ان کے تین بچے ہے۔	They have three children.
میں نے بھاگنے کی کوشش کی۔	I tried to escape.
مجھے کتوں سے ڈر لگتا ہے۔	I'm afraid of dogs.
ہم سارے کافی زیادہ روئے۔	We all cried a lot.
تم نے مجھے ڈھونڈا کیسے؟	How did you find me?
آپ نے مجھے ڈھونڈا کیسے؟	How did you find me?
ابھی بھی دیر نہیں ہوئی۔	It's never too late.
مجھے ایک قرض چکانا ہے۔	I have a debt to pay.
وہ باورچی خانے میں ہے۔	It is in the kitchen.
ٹام نے اچھا وقت گزارا۔	Tom had a great time.
. میں پہاڑوں پر تھا.	I was in the mountains.
تم اچھے نہیں لگ رہے۔	You don't look so good.
میں دوبارہ کب آئو؟	When should I come again?
بس یہ اسی طرح ہے۔	That's just the way it is.
وہ زیادہ ذہین ہے۔	They are more intelligent.
بس تھوڑی دور ہے۔	It's just a little further.
تم کیا کھائو گے؟	What would you like to eat?
یہ دوپہر کے کھانے کا وقت ہے۔	It's lunch time.
میں جلد ہی واپس آ جائو گا۔	I'll be back soon.
آپ کے پاس تین بلیاں ہیں۔	You have three cats.
تم کافی بیمار لگ رہے ہو۔	You look quite sick.
مجھے مچھلی سے الرجی ہے۔	I'm allergic to fish.
ممکن ہے کہ وہ آجائے گی۔	She'll probably come.
تم سارے کہاں رہتے ہوں؟	Where do you all live?
مجھے آج رات کال کرنا۔	Give me a call tonight.
آپ کیا کھائیں گے؟	What would you like to eat?
اس کا مطلب کیا ہو سکتا ہے؟	What could he mean?
میرا دماغ خراب ہو گیا ہے۔	I must have lost it.
تمہارے پاس تین بلیاں ہیں۔	You have three cats.
مجھے دل کا دورہ پڑا تھا۔	I had a heart attack.
یہ میری کتابیں نہیں ہیں۔	They aren't my books.
ٹام نے اسے نیچے گرا دیا۔	Tom knocked him down.
ہم اس کے مخالف نہیں ہیں۔	We're not against it.
میں کالج میں پڑھتا ہوں۔	I'm a college student.
میں کالج میں پڑھتی ہوں۔	I'm a college student.
اپنی آنکھیں کھلی رکھنا۔	Keep your eyes peeled!
اسے ایک عجیب خواب آیا۔	He had a strange dream.
یہ ایک حالیہ تصویر ہے؟	Is it a recent picture?
تم وہاں کس سے ملے تھے؟	Who did you meet there?
میں فوراً لوٹ آؤنگا ۔	I'll return immediately.
یہ بلکل صحیح جواب ہے۔	That's the right answer.
میں اس کو ثابت کر سکتا ہوں۔	I can confirm this.
میں ٹام کو گھر لے جاتا ہوں۔	I'll take Tom home.
مجھے صرف ایک دفعہ جانے دے۔	Let me go just once.
میں تمھیں سچ بتا رہا ہوں۔	I tell you the truth.
میں جامعہ میں پڑھتا ہوں۔	I'm a college student.
میں جامعہ میں پڑھتی ہوں۔	I'm a college student.
اس نے جو کیا وہ غلط تھا۔	What he did was wrong.
ہم کھڑکی کھول سکتے ہیں۔	We can open the window.
موسم تھوڑا گرم ہو گیا۔	The weather became warm.
لنکلن الیکشن جیت گیا۔	Lincoln won the election.
یہ گلی آگے سے بند ہے۔	This is a dead-end alley.
پیو کم اور سو زیادہ۔	Drink less and sleep more.
یہ اخبار روزنامہ ہے۔	This is a daily newspaper.
تمھیں جشن کیسا لگا؟	How did you like the party?
ٹام ٹھیک ہو رہا ہے۔	Tom is going to get better.
تمہارے سونے کا وقت ہو گیا ہے۔	It's your bedtime.
میرے لئیے بھی ایک ٹکٹ لینا۔	Get a ticket for me.
میں اس کے پلین سے متفک ہوں۔	I agree to his plan.
وہ کھیلوں میں کافی بڑی ہے۔	She is bad at sports.
ٹام تمھیں جانے نہیں دے گا۔	Tom won't let you go.
بہت محنت والا کام تھا یہ۔	It was real hard work.
مجھے ایک اور گھڑی دکھائو۔	Show me another watch.
مجھے ایک اور گھڑی دکھائے۔	Show me another watch.
میری ترجیح سیاہ والا ہے۔	I prefer the black one.
میری پتلون بہت چھوٹی ہے۔	My pants are too short.
میرا پین چوری ہو گیا ہے۔	My pen has been stolen.
ٹام نے ابھی ابتدا کی ہے۔	Tom is only a beginner.
تم کس کے ساتھ جا رہے ہو؟	Who are you going with?
تم کس کے ساتھ جا رہی ہو؟	Who are you going with?
آپ کس کے ساتھ جا رہے ہے؟	Who are you going with?
آپ کس کے ساتھ جا رہی ہے؟	Who are you going with?
میں آٹھویں منزل پر ہوں۔	I'm on the eighth floor.
مجھے حیرانی نہیں ہو گی۔	It wouldn't surprise me.
اس گھر میں کون رہتا ہے؟	Who lives in this house?
مجھے دعوت نامہ ملا ہے۔	I received an invitation.
یہ گھر کافی بڑا ہے۔	This house is very spacious.
قیامت آ چکی ہے۔	The day of judgment has arrived.
مجھے تمہارا سکارف پسند آیا ہے۔	I like your scarf.
مجھے تمہارا سکارف اچھا لگا ہے۔	I like your scarf.
تمھیں ملے ہوئے عرصہ ہو گیا ہے۔	Long time, no see.
برائے مہربانی، یہاں دستخط کرے۔	Sign here, please.
اس نے ایک لمبی زندگی گزاری۔	He lived a long life.
کھانے کی خوشبو بہت اچھی ہے۔	The dish smells good.
جانوروں کو کھانا نہ ڈالے۔	Don't feed the animals.
ٹام ہیٹر ٹھیک کر سکتا ہے۔	Tom can fix the heater.
تمھیں زیادہ پڑھنا چاہئیے۔	You need to study more.
میں انہیں آج مل رہا ہوں۔	I'm seeing them tonight.
وہ زیادہ دور نہیں رہتا۔	He doesn't live far away.
وہ بینچ پہ لیٹا ہوا ہے۔	He is lying on the bench.
میں کل چھٹی کر ریا ہوں۔	I am taking tomorrow off.
ٹام رات کو گھر آیا تھا۔	Tom came over last night.
ٹام بہت گالیاں دیتا ہے۔	Tom swears like a sailor.
وہ سیدھا میرے پاس آیا۔	He came straight up to me.
تم میرا دجسٹر لے جانا۔	I'll lend you my notebook.
یہ کبھی ختم نہ ہوگی ۔	This is never going to end.
وہ اس کی بیوی ہو گی۔	That woman must be his wife.
میں کہ رہا ہوں رکو،	I told you to stop, didn't I?
کل موسم کیسا تھا؟	What was the weather yesterday?
میں اُس ( لڑکی ) کو نہیں جانتا ۔	I don't know her.
اس کا ذائقہ بھی بہت اچھا ہے۔	It tastes great, too.
گلابوں کی خوشبو بہت اچھی ہے۔	The roses smell good.
اس نے ایک عجیب خواب دیکھا۔	He had a strange dream.
مجھے لگ رہا ہے کہ بخار ہے۔	I seem to have a fever.
ٹام کو شطرنج پسند نہیں ہے۔	Tom doesn't like chess.
تم شاید جیتو شاید نہ جیتو۔	You may or may not win.
کیا وہ کالا بیگ آپ کا ہے؟	Is that black bag yours?
ٹام نے اپنا منہ بند رکھا۔	Tom kept his mouth shut.
میں نے اسے تیرنا سکھایا۔	I taught him how to swim.
اس میں تھوڑا وقت لگے گا۔	This will take some time.
ٹام صحت یاب ہو رہا ہے،	Tom is going to get better.
ابھی بھی بہت ٹھنڈ ہے۔	It is still as cold as ever.
ٹام کو کچھ ہو گیا ہے۔	Something's happened to Tom.
یہ صحیح جواب نہیں ہے۔	That's not the right answer.
وہ سٹیشن کی طرف دوڑے۔	They hurried to the station.
اس نے میرے منہ پہ ہی جھوٹ بولا۔	He lied to my face.
میں کافی زیادہ گوشت کھاتا ہوں۔	I eat a lot of meat.
کیا میں جلدی ٹھیک ہو جائو گا؟	Will I get well soon?
کیا میں جلدی ٹھیک ہو جائو گی؟	Will I get well soon?
کتنی دیر آپ نے قیام کیا تھا؟	How long did you stay?
مجھے بہت بڑی درد ہو رہی ہے۔	I have a terrible pain.
میرا دل تیزی سے دھڑکنے لگا۔	My heart began to race.
ہمیں جلدی سے کچھ کرنا ہوگا۔	We have to act quickly.
وہ مطمئن نہیں ہوئے تھے کیا؟	Weren't they satisfied?
اس نے میری پیشکش ٹھکرا دی۔	He turned down my offer.
مجھے پتا ہے کہ تم امیر ہو۔	I know that you're rich.
مجھے پتا ہے کہ آپ امیر ہے۔	I know that you're rich.
کیا وہ کالا بیگ تمہارا ہے؟	Is that black bag yours?
میں نے اسے تیراکی سکھائی۔	I taught him how to swim.
صفحہ نمبر دس سے رجوع کرے۔	Please refer to page ten.
تم کسی وقت بھی آ سکتے ہو۔	You can come at any time.
آپ کسی وقت بھی آ سکتے ہے۔	You can come at any time.
میرا خیال ہے یہ ممکن ہے۔	I suppose that's possible.
اس معاملے میں تم غلط ہو۔	You're wrong in this case.
اس معاملے میں آپ غلط ہے۔	You're wrong in this case.
تحفہ دینے کا بہت شکریہ۔	Thank you for your present.
گھر کی مرغی دال برابر۔	Familiarity breeds contempt.
وہ افواہ سچی نکلی۔	The rumor turned out to be true.
میں نے ایک ہفتے کی چھٹی لے لی ہے۔	I took a week off.
مجھے کسی بھی چیز سے ڈر نہیں لگتا۔	Nothing scares me.
میں نے خریدنے کے لئیے حامی بھری۔	I agreed to buy it.
میں ٹام کو گھر لے کے جا رہا ہوں۔	I'll take Tom home.
ٹام ہیٹر کی مرمت کر سکتا ہے۔	Tom can fix the heater.
میرے پاس زیادہ وقت نہیں ہے۔	I do not have much time.
اس میں تھوڑا وقت درکار ہے۔	This will take some time.
بینک کتنی دیر تک کھلا ہے؟	How late is the bank open?
وہ لڑکی رونے شروع ہو گئی۔	The girl broke into tears.
تم نے پھول کہاں سے خریدے؟	Where did you buy flowers?
آپ نے پھول کہاں سے خریدے؟	Where did you buy flowers?
وہ سوچ میں ڈوبا ہوا تھا۔	He was absorbed in thought.
اس پھل کا ذائقہ خراب ہے۔	This fruit has a bad taste.
میں بعد میں آ جائو گا۔	I think I'll come back later.
کل کا موسم کیسا تھا؟	What was the weather yesterday?
امنے ہمسایوں سے بہترین سلوک کرو۔	Love your neighbors.
وہ بہت محنت کے ساتھ پڑھتا ہے۔	He always studies hard.
اس نے ایک نئی نوکرانی رکھ لی۔	He employed a new maid.
دروازہ کون کھلا چھوڑ گیا تھا؟	Who left the door open?
تمہیں یہاں نہیں کھانا چاہئیے۔	You shouldn't eat here.
میں جانتا ہوں کہ تم امیر ہو۔	I know that you're rich.
میں جانتا ہوں کہ آپ امیر ہے۔	I know that you're rich.
وہ ایک کسان بننا چاھتا تھا۔	He wanted to be a farmer.
اس کی گاڑی دو سال پرانی ہے۔	His car is two years old.
ان کی گاڑی دو سال پرانی ہے۔	His car is two years old.
میں اور زیادہ نہیں لڑ سکتا۔	I can't fight any longer.
مجھے نہیں پتا کیا کہنا ہے ۔	I don't know what to say.
پتہ نہیں وہ آئے گا کہ نہیں۔	I wonder if he will come.
میں اسے ابھی فون کرتا ہوں۔	I'll call her immediately.
تمہیں سب کچھ نہیں مل سکتا۔	You can't have everything.
بہت خوبصورت نام ہے تمہارا۔	You have a beautiful name.
کیا تم گرین ٹی پی رہے ہو؟	Are you drinking green tea?
کیا تم گرین ٹی پی رہی ہو؟	Are you drinking green tea?
کیا آپ گرین ٹی پی رہے ہے؟	Are you drinking green tea?
کیا آپ گرین ٹی پی رہی ہے؟	Are you drinking green tea?
تم کیا کھانا پسند کرو گے؟	What would you like to eat?
تمہیں کتنی پلیٹیں چاہیے؟	How many plates do you want?
آپ کو کتنی پلیٹیں چاہیے؟	How many plates do you want?
وہ جانور بھوک سے مر گیا۔	The animal died from hunger.
آخری ٹرین جا چکی ہے۔	The last train has already gone.
وہ ایک آرامدہ زندگی گزار رہا ہے۔	He lives comfortably.
اس نے ایک نئی کام والی رکھ لی۔	He employed a new maid.
میں سیاہ والے کو ترجیح دوں گا۔	I prefer the black one.
میں سیاہ والے کو ترجیح دوں گی۔	I prefer the black one.
انہوں نے میری پیشکش ٹھکرا دی۔	He turned down my offer.
اس نے میرے ہاتھ کو تھام لیا۔	He caught me by the hand.
میں نے پورے یورپ کا سفر کیا۔	I traveled around Europe.
پتہ نہیں وہ آئِں گے کہ نہیں۔	I wonder if he will come.
یہ ایک بالکل نیا پڑوڈکٹ ہے۔	It is a brand new product.
سانپ زندہ ہے یا مر گیا ہے؟	Is the snake alive or dead?
آپ کیا کھانا پسند کریں گے؟	What would you like to eat?
وہ آج صبح جلدی اٹھا تھا۔	He got up early this morning.
اسے گاڑی چلانا نہیں آتی۔	He isn't able to drive a car.
وہ زمین پہ کھڑا ہوا تھا۔	He was standing on the floor.
میں سونے کیلئے بستر پر لیٹ چکا ہوں	I have to go to bed.
میں تمہیں مس نہیں کرنا چاہتا۔	I don't want to miss you.
میں نے اس کے دس ڈالر دینے ہے۔	I owe ten dollars to her.
تم سب کچھ حاصل نہیں کر سکتے۔	You can't have everything.
وہ کوئی عام طافان نہیں تھا۔	That was no ordinary storm.
تمہیں یہ کتاب سمجھ آئی ہے؟	Do you understand this book?
تمھارا کوٹ بہت خوبصورت ہے۔	Your coat is very beautiful.
اسے وکیل ہونا چاہئیے تھا۔	He should have been a lawyer.
وہ ہماری پہلی ملاقات تھی۔	That was our first encounter.
تم اب پیچھے نہیں ہٹ سکتے۔	You can't back out on me now.
اس کا سائز انڈے جتنا ہے۔	It's about the size of an egg.
ٹام کی ایک بیٹی ہے مریم۔	Tom has a daughter named Mary.
انہوں نے گفتگو شروع کی۔	They entered into a discussion.
اس کے انگریزی میں ۹۰ فیصد آئے ہے۔	He got 90% in English.
میں اس کے خیال سے اتفاق کرتا ہوں۔	I agree with his idea.
میں ان کے خیال سے اتفاق کرتا ہوں۔	I agree with his idea.
میں ٹام کے ساتھ یہ نہیں کر سکتا۔	I can't do this to Tom.
میں ٹام کے ساتھ یہ نہیں کر سکتی۔	I can't do this to Tom.
وہ کبھی کبھار امید کھو دیتا ہے۔	He sometimes loses hope.
اس نے اپنی مرضی سے میری مدد کی۔	She helped me willingly.
وہ ( لڑکی ) میرے لئے اجنبی ہے ۔	She is a stranger to me.
وہ واقعی بہت خوبصورت لگ رہی ہے۔	She really looks pretty.
ٹام اور میں دونوں ہی مصروف ہیں۔	Tom and I are both busy.
ٹام کبھی تمہیں دکھ نہیں دے گا۔	Tom would never hurt you.
میں فٹ بال روزانہ کھیلتا ہوں۔	I play football every day.
میں فٹ بال روزانہ کھیلتی ہوں۔	I play football every day.
ٹام فٹبال ٹیم کو لیڈ کرتا ہے۔	Tom leads the soccer team.
ہم اپنے پرانے سکول ہو کے آئے۔	We visited our old school.
تم یہاں کافی مصروف لگ رہے ہو۔	You seem pretty busy here.
فرانسیسی میری مادری زبان ہے۔	French is my mother tongue.
اس کا سارا سامان گم ہو گیا۔	He lost all his possessions.
میں نے اگلے کمرے میں دیکھا۔	I looked into the next room.
میں ریڈہو بہت کم سنتا ہوں۔	I rarely listen to the radio.
میری گھڑی دس منٹ پیچھے ہے۔	My watch is ten minutes slow.
ہم عشائیہ باہر کر رہے ہیں۔	We're eating dinner outdoors.
آپ کے گھر والے کیسے ہے؟	How's it going with your family?
کیا تمہیں ٹام سے پیار ہو رہا ہے؟	Are you falling for Tom?
برائے مہربانی تھوڑا اونچا بولے۔	Please speak more loudly.
ٹام اور مریم کی منگنی ہوگئی ہے۔	Tom and Mary are engaged.
کیوبا کے سب لوگوں کو پسند ہیں۔	Everyone in Cuba likes it.
میں اپنی پوری کوشش کر رہا ہوں۔	I am trying my level best.
ٹام نے مریم کو ایک نوٹ پکرایا۔	Tom handed a note to Mary.
اس نے اپنی ایلبم مجھے دکھائی۔	She showed her album to me.
یہ ہی تو میں جاننا چاہتا ہوں۔	That's what I want to know.
یہ ہی تو میں جاننا چاہتی ہوں۔	That's what I want to know.
یہ کتا ایک آنکھ سے اندھا ہے۔	The dog is blind in one eye.
اس سیب کا ذائقہ بہت کڑوا ہے۔	This apple tastes very sour.
وہ آج صبح جلدی اٹھ گیا تھا۔	He got up early this morning.
میں آپ کے بھائی سے بڑا ہوں۔	I am older than your brother.
میں آپ کے بھائی سے بڑی ہوں۔	I am older than your brother.
چاول گرم ممالک میں اگتا ہے۔	Rice grows in warm countries.
میرے چاکلیٹ کا ڈبہ کدھر ہے؟	Where's my box of chocolates?
میرے چاکلیٹ کا ڈبہ کہاں ہے؟	Where's my box of chocolates?
ہر مسمی کی قیمت ۷ پینس ہے۔	The oranges cost 7 pence each.
فوج کے پاس کافی اسلحہ تھا۔	The troops had plenty of arms.
ٹام کچھ کہنے ہی والا تھا۔	Tom was about to say something.
تمھارے گھر والے کیسے ہے؟	How's it going with your family?
کیوں نہ ہم اسے ملنے چلے؟	Why don't we drop by to see her?
وہ اس گھر میں رہتا ہے۔	He lives in that house over there.
چلو کچھ نہ کچھ کرنے کی کوشش کرتے ہیں۔	Let's try something.
مجھے پتہ ہے کہ تمہیں کافی پسند ہے۔	I know you like coffee.
اس نے مجھے میرے ہاتھ سے پکڑ لیا۔	He caught me by the hand.
کیا وہ ہوٹل میں قیام کر رہی ہے؟	Is she staying at a hotel?
ٹام نے بیمار ہونے کا ڈرامہ کیا۔	Tom pretended he was sick.
اس کو اپنی قسمت قبول کرنا پڑی۔	She had to accept her fate.
ان کو اپنی قسمت قبول کرنا پڑی۔	She had to accept her fate.
مجھے قرض کی اب ضرورت نہیں ہے۔	I don't need a loan anymore.
مجھے نہیں لگتا کہ وہ مخلص ہے۔	I don't think he is sincere.
آج ریل گاڑی پورے ٹائم پہ تھی۔	The train was on time today.
میں تمہارے بھائی سے بڑا ہوں۔	I am older than your brother.
میں تمہارے بھائی سے بڑی ہوں۔	I am older than your brother.
ہسپانوی اس کی مادری زبان ہے۔	Spanish is his mother tongue.
ہسپانوی ان کی مادری زبان ہے۔	Spanish is his mother tongue.
تمھیں خود حاضری دینی پڑے گی۔	You have to appear in person.
جاپانی ہماری مادری زبان ہے۔	Japanese is our mother tongue.
ڈاکٹر ابھی موجود نہیں ہے۔	The doctor is not available now.
وہ پورا دن مصروف رہا ہے۔	He has been working all day long.
ہر کھلاڑی نے اپنی بھرپور کوشش کی۔	Each player did his best.
تم ٹام کو کتنی اچھی طرح جانتے ہو؟	How well do you know Tom?
میں نے اس پہ ۱۰ ڈالڑ خرچ کیئے ہے۔	I spent 10 dollars on it.
وہ عجائب گھر کس نے ڈیزائن کیا ہے؟	Who designed that museum?
فرانسیسی ڈبر روٹی بہت مزیدار یے۔	French bread is delicious.
اپنی کتاب صفحہ نمبر ۵۹ پہ کھولو۔	Open your book to page 59.
اپنی دائیں آستین کو اوپر چڑھائو۔	Roll up your right sleeve.
ٹام صحت یابی کی طرف بڑھ رہا ہے۔	Tom is going to get better.
ٹام اپنے باغ کو پانی دے رہا ہے۔	Tom is spraying his garden.
ہم کھاتے ہیں زندہ رہنے کے لئیے۔	We eat so that we can live.
لگتا ہے کہ قیمتیں گر رہی ہیں۔	Prices seem to be going down.
تم جہاں جانا چاہو جا سکتے ہو۔	You can go wherever you want.
تم جہاں جانا چاہو جا سکتی ہو۔	You can go wherever you want.
اس نے اسی وقت پیسے ادا کئیے۔	He paid the money on the spot.
تم اس سے شادی نہیں کر سکتے۔	I'm afraid you can't marry her.
پیرس فرانس کا دارلخلافہ ہے۔	Paris is the capital of France.
غبارے میں پوا بھری ہوئی ہے۔	The balloon is filled with air.
انہوں نے گفتگو کا آغاز کیا۔	They entered into a discussion.
ٹام اور مریم آنا چاہتے ہیں۔	Tom and Mary want to come over.
ٹام نے مریم کی تصویر بنائی۔	Tom painted a picture for Mary.
فرج گوشت کو تازہ رکھتا ہے۔	A refrigerator keeps meat fresh.
اس کلاس میں کتنے لڑکے ہیں؟	How many boys are in this class?
مجھے صرف قینچیاں ملی ہے۔	All I found is a pair of scissors.
وہ ہوٹل کافی لیٹ پہنچی۔	She got to the hotel late at night.
میں جانتا ہوں کہ تمہیں کافی پسند ہے۔	I know you like coffee.
میں جانتا ہوں کہ آپ کو کافی پسند ہے۔	I know you like coffee.
مجھے اس کی آنکھوں میں آنسو نظر آئے۔	I saw tears in his eyes.
میں نے اس کو دس ڈالر واپس کرنے ہے۔	I owe ten dollars to her.
برائے مہربانی تھوڑا سا اونچا بولے۔	Please speak more loudly.
ٹام قیمتی وسائل کا ضیاع کر رہا ہے۔	Tom is wasting resources.
انہوں نے ایک اچھا موقعہ گنوا دیا۔	They missed a good chance.
اس نے وکالت کی تربیت حاصل کی ہے۔	He was trained as a lawyer.
ٹام کار کے حادثے میں بچ گیا تھا۔	Tom survived the car crash.
اسے کل تک ٹھیک ہو جانا چاہئیے۔	It ought to be fine tomorrow.
گیند کو دونوں ہاتھوں سے پکڑو۔	Hold the ball with both hands.
پناہ گزین پل کے نیچے چھپ گئے۔	Refugees hid under the bridge.
بیلجیم فرانس جتنا برا نہیں۔	Belgium is not as big as France.
میں ٹام کا لنگوٹیا یار ہوں۔	I'm a childhood friend of Tom's.
تمہیارے برآمدے میں میز ہے؟	Do you have a table on the patio?
اس نے تیس ہزار ڈالر کمائے۔	She made thirty thousand dollars.
کرسی کھڑکی کے پاس نہیں ہے۔	The chair is not near the window.
جہاذ پہاڑ کے اوپر سے گزرا۔	The plane flew over the mountain.
وہ چھٹیوں میں وہیں رہا۔	He stayed there during the vacation.
اس نے دروازہ کو دھکا دے کر بند کیا۔	She pushed the door shut.
ٹام کو امید ہے کہ مریم نہیں مرے گی۔	Tom hopes Mary won't die.
ٹام قیمتی وسائل کو ضائیع کر رہا ہے۔	Tom is wasting resources.
میں اس پر دوبارہ نظر ثانی کرو گا۔	I'm going to reconsider it.
اس نے یہ غلطی جان بوجھ کے کی ہے۔	His mistake was intentional.
آج ریل کاڑی وقت پہ پہنج گئی تھی۔	The train was on time today.
میں نے اسے بتایا کہ وہ غلط تھا۔	I told him that he was wrong.
فرانسیسی ان کی مادری زبان ہیں۔	French is their mother tongue.
میں جاپان دو سال پہلے آیا تھا۔	I came to Japan two years ago.
میں اگلے ہفتے یورپ جا رہا ہوں۔	I'm going to Europe next week.
میں اگلے ہفتے یورپ جا رہی ہوں۔	I'm going to Europe next week.
میں ٹام اور مریم کا دوست ہوں۔	I'm a friend of Tom and Mary's.
اکاؤنٹس کو آڈٹ کر دیا گیا ہے۔	The accounts have been audited.
ٹام پچھلے ہفتے کہیں نہیں گیا۔	Tom didn't go out last weekend.
کیا تم ڈاکٹر کو بلا سکتے ہو؟	Could you call a doctor, please?
کیا آپ ڈاکٹر کو بلا سکتے ہے؟	Could you call a doctor, please?
کیا تم ڈاکٹر کو بلا سکتی ہو؟	Could you call a doctor, please?
کیا آپ ڈاکٹر کو بلا سکتی ہے؟	Could you call a doctor, please?
کاش میں ابھی بوسٹن میں ہوتا۔	I wish I could be in Boston now.
میں ٹام کا بچپن کا دوست ہوں۔	I'm a childhood friend of Tom's.
اس سوال کا جواب بہت آسان ہے۔	That question is easy to answer.
اس گھڑی کو مرمت کی ضرورت ہے۔	This watch needs to be repaired.
وہ سارا دن کام کوتا رہا ہے۔	He has been working all day long.
کرسی کھڑکی کے ساتھ نہیں ہے۔	The chair is not near the window.
وہ اپنے خرچے کم کرے گے۔	They will cut down on their expenses.
میں نے اسے بیس بال کھیلتے ہوئے دیکھا۔	I saw him play baseball.
یہ آپ کو خطرے میں مبتلا کر سکتا ہے۔	That'll put you in danger.
یہ تم کو خطرے میں مبتلا کر سکتا ہے۔	That'll put you in danger.
میں چاہتا ہوں کہ تم ٹام کو ڈھونڈو۔	I want you to look for Tom.
ٹام کو ڈھائی بجے تک گھر پہنچنا ہے۔	Tom has to be home by 2:30.
میرے چاچا نے مجھے یہ گھڑی دی تھی۔	My uncle gave me this watch.
میرے تایا نے مجھے یہ گھڑی دی تھی۔	My uncle gave me this watch.
میرے خالو نے مجھے یہ گھڑی دی تھی۔	My uncle gave me this watch.
تم کیا چاہتے ہو کہ میں کیا کروں؟	What would you like me to do?
ٹام کی ایک بیٹی کا نام ہے مریم۔	Tom has a daughter named Mary.
میں نے یہ سویٹر کل خریدا تھا۔	I bought this sweater yesterday.
کوئی بھی بچہ نہیں بیٹھا ہوا۔	None of the children are sitting.
بھاگتے چور کی لنگوٹی ہی سہی۔	Something is better than nothing.
تمھیں کل کسی نے کال کی تھی؟	Did anybody call on you yesterday?
اس کائنات کی ابتدا کیا ہے؟	What is the origin of the universe?
ٹریفک حادثہ کیسے پیش آیا؟	How did the traffic accident happen?
تمہاری امی بس آتی ہونگی۔	Your mother will be back before long.
تم رات کو سو سکے تھے۔	Did you get any sleep at all last night?
قطع قلامی معاف۔	I'm sorry to disturb you while you're talking.
برائے مہربانی، دھیان سے فیصلہ کی جیئے گا۔	Please choose wisely.
کیا تم اس پہیلی کا جواب دے سکتے ہو؟	Can you answer this riddle?
غربت نے اسے چوری کرنے پر مجبور کیا۔	Poverty drove him to steal.
میرے ماموں نے مجھے یہ گھڑی دی تھی۔	My uncle gave me this watch.
میرے پھپھا نے مجھے یہ گھڑی دی تھی۔	My uncle gave me this watch.
لگتا ہے کہ اس کی ٹرین چھٹ گئی ہے۔	He may have missed the train.
اس نے کتاب کو الماری میں رکھ دیا۔	He put the book on the shelf.
میں نے ان کو بتایا کہ وہ غلط تھے۔	I told him that he was wrong.
میں دریا میں تیراکی کرنے گیا تھا۔	I went swimming in the river.
میں ڈھائی بجے وہاں پہنچ جائوں گا۔	I'll get there at about 2:30.
اگر تم اسے پوچھو گے تو وہ آئی گی۔	She will come if you ask her.
ہم رات کا کھانا باہر کھا رہے ہیں۔	We're eating dinner outdoors.
تم جدھر بھی جانا چاہو جا سکتے ہو۔	You can go wherever you want.
تم جدھر بھی جانا چاہو جا سکتی ہو۔	You can go wherever you want.
مجھے ابھی نہیں پتا کیا کہنا ہے ۔	I just don't know what to say.
انہوں نے جاپانی شہریت حاصل کرلی۔	They became citizens of Japan.
میرا نہیں خیال ٹام واپس آئے گا۔	I don't think Tom will be back.
وہ اس کتے کا خیال نہیں رکھتے۔	They don't take care of that dog.
وہ پیانو کی روذ مشق کرتی ہے۔	She practices the piano every day.
تم ہمیشہ دیر سے کیوں آتے ہو؟	Why is it that you're always late?
جہاز دس منٹ میں اڑ جائے گا۔	The plane takes off in ten minutes.
میرے پاس کھیل کود کے لئیے وقت نہیں ہے۔	I have no time for games.
ٹام کو امید ہے کہ مریم فوت نہیں ہو گی۔	Tom hopes Mary won't die.
میں اس واقعے کو تفصیل سے سمجھاتا ہوں۔	I'll explain the incident.
میں اس واقعے کو تفصیل سے سمجھاتی ہوں۔	I'll explain the incident.
وہ وہاں دس گھنٹے میں پہنچ جائے گا۔	He'll get there in ten hours.
سردی ہو یا گرمی، وہ پہنج جائے گا۔	He'll be there, rain or shine.
پتہ نہیں وہ کیوں اتنی پریشان ہے۔	I wonder why she is so worried.
میں ہنسے بغیر نہیں رہ سکتا تھا۔	I couldn't keep from snickering.
میں ہنسے بغیر نہیں رہ سکتی تھی۔	I couldn't keep from snickering.
آسمان میں ایک بھی بادل نہیں ہے۔	There wasn't a cloud in the sky.
کیا تم پہلی دفعہ جاپان آئے ہو؟	Is this your first time in Japan?
کیا تم پہلی دفعہ جاپان آئی ہو؟	Is this your first time in Japan?
کیا آپ پہلی دفعہ جاپان آئے ہے؟	Is this your first time in Japan?
کیا آپ پہلی دفعہ جاپان آئی ہے؟	Is this your first time in Japan?
تمھارے پاس اتنا تجربہ نہیں ہے۔	You don't have enough experience.
گلاب کے پتے بہت نازک ہوتے ہے۔	A rose's petals are very delicate.
مجھے چائے پسند ہے نہ ہی کافی۔	I don't like either tea or coffee.
تم نے صرف اس بٹن کو دبانا ہے۔	You have only to push this button.
تینوں لڑکوں کو انعام ملے گا۔	Each of the three boys got a prize.
وہ رات کو دیر سے ہوٹل پہنچی۔	She got to the hotel late at night.
بچے کھلونوں سے کھیل رہے ہیں۔	The children are playing with toys.
ٹام ہمیشہ تیز کافی پیتا ہے۔	Tom always drinks his coffee strong.
الفاظوں کو لغت میں ڈھونڈو۔	Look up the words in your dictionary.
ٹام امید کر رہا ہے کہ مریم نہیں مرے گی۔	Tom hopes Mary won't die.
وہ وہاں دس گھنٹے میں پہنچ جائیں گے۔	He'll get there in ten hours.
تم نے اپنے کمرے کی صفائی کی ہے آج؟	Did you clean your room today?
میں اپنے خاندان کو سہارا دیتا ہوں۔	I manage to support my family.
میں اپنے خاندان کو سہارا دیتی ہوں۔	I manage to support my family.
ٹام سے تم فون پہ رابطہ کر سکتے ہو۔	Tom can be contacted by phone.
مجھے سڑک پہ ایک ڈالر گرا ہوا ملا۔	I found a dollar in the street.
آسمان میں ایک بھی بادل نہیں تھا۔	There wasn't a cloud in the sky.
اجلاس پچھلے ہفتے منعقد ہوا تھا۔	The meeting took place last week.
کیا ہوٹل ہوائی اڈے کے قریب ہے؟	Is the hotel close to the airport?
میں ریڈیو کبھی کبھی سنتا ہوں۔	I almost never listen to the radio.
کیا تم مجھے ۱۰۰۰۰ ین ادھار دے سکتے ہو؟	Can you lend me 10,000 yen?
اس نے مجھے اپنی زندگی کی کہانی سنائی۔	He told me his life's story.
انہوں نے کتاب کو الماری میں رکھ دیا۔	He put the book on the shelf.
کیا میں آپ کی لغت ادھار لے سکتا ہوں؟	May I borrow your dictionary?
وہ ایک اچھے خاندان سے تعلق رکھتی ہے۔	She comes from a good family.
اس کو لوگوں پہ دھونس جمانا پسند ہے۔	He just loves to bully people.
اس نے اس کو اپنے سارے پیسے دے دیئے۔	She gave him all of her money.
میں بہت خوش ہوں تمھاری کامیابی پہ۔	I'm so glad that you succeeded.
کیا تم پچھلے مہینے امریکا میں تھے؟	Were you in America last month?
کیا آپ پچھلے مہینے امریکا میں تھے؟	Were you in America last month?
میری بائسیکل کو مرمت کی ضرورت ہے۔	My bicycle is in need of repair.
تم نے نانا کی ویل چیئر دیکھی ہے؟	Did you see grandpa's wheelchair?
وہ میرے لیئے اب مسکراتی نہیں ہے۔	She doesn't smile for me anymore.
اصل میں میں یونیورسٹی ٹیچر ہوں۔	I'm actually a university teacher.
اس آدمی کو سزائے موت دی گئی ہے۔	The man was given a life sentence.
وہ دوپہر سے پہلے نظر نہیں آیا۔	He did not appear until about noon.
وہ گھر ایک ہفتہ بعد ہی گر گیا۔	The house fell down one week later.
یہ گھر ایک ہفتہ بعد ہی گر گیا۔	The house fell down one week later.
مجھے یہ فلم بہت دلچسپ لگی ہے۔	I found this movie very interesting.
کیوٹو میں کافی پرانے مندر ہے۔	There are many old temples in Kyoto.
وہ ضرور امتحان میں پاس ہوگا۔	He is likely to pass the examination.
سارے بڑے غور سے سن رہے تھے۔	Everyone was listening very carefully.
ابھی بہت سارے کام رہتے ہیں۔	There are still a lot of things to do.
پارٹی پہ صرف چھہ لوگ تھے۔	There were only six people at the party.
میں ٹام کو تمہاری مدد کے لئیے بھیجتا ہوں۔	I'll get Tom to help you.
میرا خیال ہے کہ وہ عورت اس کی پیوی ہے۔	That woman must be his wife.
میں غلطی سے آپ کو اپنا بھائی سمجھا۔	I mistook you for your brother.
میں یہ اپنی والدہ کے لیے چنوں گا۔	I will choose them for my mother.
کیا تم اپنی لغت ادھار دے سکتے ہو؟	Will you lend me your dictionary?
کیا آپ اپنی لغت ادھار دے سکتے ہے؟	Will you lend me your dictionary?
کیا تم نے سب کچھ صحیح سے کیا ہے؟	Have you ever done anything right?
کیا تم نے سب کچھ ٹھیک سے کیا ہے؟	Have you ever done anything right?
تم اکیلے ہو یا کسی کے ساتھ ہو؟	Are you by yourself or with someone?
اپ کو لغت استعمال کرنا آتی ہے؟	Do you know how to use a dictionary?
یہ گوند پلاسٹک کو نہیں جورتی۔	This glue does not adhere to plastic.
اس ہفتے کو تم کیا کر رہے ہو؟	What'll you be doing over the weekend?
اس ہفتے کو تم کیا کر رہی ہو؟	What'll you be doing over the weekend?
اس کے انگریزی میں ۱۰۰ میں سے ۹۰ مارکس آئے ہے۔	He got 90% in English.
ٹام کو ہر وقت کچھ نا کچھ چاہئہے ہوتا ہے۔	Tom always wants something.
میرے الفاظوں کو توڑ مڑوڑ کے پیش نہ کرو۔	Don't twist my words around.
میں ریادہ تر ڈھیڑ سارا دودھ پیتا ہوں۔	I usually drink a lot of milk.
میں کسی طرح سے آٹھ بجے پہنچ جائو گا۔	I'll be there by eight somehow.
میں کسی طرح سے آٹھ بجے پہنچ جائو گی۔	I'll be there by eight somehow.
مجھے ایک اور گاڑی کی ضرورت نہیں ہے۔	I don't really need another car.
میں اپنا کمرہ روزانہ صاف کرتا ہوں۔	I clean my room almost every day.
میں نے ٹام کا کافی دیر انتظار کیا۔	I waited for Tom for a long time.
وہ مجھ سے تین گنا زیادہ کماتا ہے۔	He earns three times more than me.
لائنوں کے درمیان زیادہ فاصلہ دو۔	Leave more space between the lines.
تم بس دھیان رکھنا کہ یہ ٹوٹے نا۔	You must take care not to break it.
میں کل فلم دیکھنے نہیں جا رہا۔	I'm not going to the movies tomorrow.
تمہاری ماں بس راستے میں ہو گی۔	Your mother will be back before long.
میں گھر پہنچتےساتھ ہی سو گیا۔	I went to sleep as soon as I got home.
اس ہفتے کو تمہارا کیا سین ہے؟	What'll you be doing over the weekend?
ایک دریا قصبے کو دو حصوں میں تقسیم کرتی ہے۔	A river divides the town.
انہوں نے مجھے اپنی زندگی کی کہانی سنائی۔	He told me his life's story.
آج ریل گاڑی پابندی کے ساتھ پہنچ گئی تھی۔	The train was on time today.
مجھے لگ رہا ہے کہ آندھی تیز ہو رہی ہے۔	I think the wind's picking up.
ٹام نے مریم کو کتاب پڑھتے ہوِئے دیکھا۔	Tom found Mary reading a book.
مجھے نہیں پتا تھا کہ تم اتنے امیر ہو۔	I didn't know you were so rich.
پولیس نے اس کو رنگے ہاتھوں پکڑ لیا۔	The police caught him red handed.
میز کے اوپر پڑی پوئی لغت میری ہے۔	The dictionary on the desk is mine.
آسٹریلوی لڑکیاں بہت خوبصورت ہیں۔	Australian women are very beautiful.
میں نے اس فلم کو بہت دلچسپ پایا۔	I found this movie very interesting.
صرف چھہ لوگ دعوت پہ آئے تھے۔	There were only six people at the party.
حادثہ پرسو ہوا تھا۔	The accident took place the day before yesterday.
میں آپ کو مقدپے کے بارے میں بتاتا ہوں۔	Let me tell you about the case.
میں آپ کو مقدپے کے بارے میں بتاتی ہوں۔	Let me tell you about the case.
کیا میں آپ کا فون نمبر پوچھ سکتا ہوں؟	May I ask for your phone number?
سورج سے ہمیں حرارت اور روشنی ملتی ہے۔	The sun gives us heat and light.
تم نے دادا ابو کی ویل چیئر دیکھی ہے؟	Did you see grandpa's wheelchair?
آپ نے دادا ابو کی ویل چیئر دیکھی ہے؟	Did you see grandpa's wheelchair?
آپ نے نانا ابو کی ویل چیئر دیکھی ہے؟	Did you see grandpa's wheelchair?
میں نے امتحان میں ایک غلطی کر دی ہے۔	I made a bad mistake on the test.
ٹام نے مریم کو بتایا کہ وہ صحیح تھی۔	Tom told Mary that she was right.
وہ گاڑی کے حادثے میں زخمی ہوئی تھی۔	She was injured in a car accident.
انہوں نے لڑکے کو ڈوبنے سے بچا لیا۔	They rescued the boy from drowning.
وہ اپنے بچوں کا خیال نہیں کرتا۔	He does not take care of his children.
میں شام کو انگریزی پڑھو گا۔	I'm going to study English this afternoon.
میں نے اپنے دوست کو کچھ پیسے ادھار دیے ہے۔	I lent my friend some money.
میری ہارڈ ڈرائیو تقریبا پوری بھڑھ گئی ہے۔	My hard drive is almost full.
میرے پاس یہ خریدنے کے لئیے کافی پیسے ہے۔	I have enough money to buy it.
میرا خیال ہے کہ وہ ایک ایماندار عورت ہے۔	I think she's an honest woman.
مجھے لگتا ہے کہ وہ ایک ایماندار عورت ہے۔	I think she's an honest woman.
ٹام اور مریم نے اپنے آپ کو خود قتل کیا۔	Tom and Mary killed themselves.
اس نے جمیکا میں اپنا نیا گھر بنایا ہے۔	He set up a new home in Jamaica.
میرا خیال ہے ٹام پھر سے لیٹ ہو جائے گا	I assume Tom will be late again.
میں نے ٹام کا کافی دیر تک انتظار کیا۔	I waited for Tom for a long time.
استاد نے میری پیٹھ پر مجھے تھپکی دی۔	The teacher patted me on the back.
آپ کے پاس یہ جوتے میرے سائز میں ہے؟	Do you have these shoes in my size?
میں آپ کی طرف سے اس خط کا جواب دوں؟	Shall I answer this letter for you?
میں تماری طرف سے اس خط کا جواب دوں؟	Shall I answer this letter for you?
کیا آپ اکیلے ہے یا کسی کے ساتھ ہے؟	Are you by yourself or with someone?
ہمیں سزائے موت ختم کر دینی چاہئیے۔	We should abolish the death penalty.
تمہیں صرف زمین کی صفائی کرنی ہے۔	All you have to do is sweep the floor.
مختلف لوگوں کے مختلف خیالات ہیں۔	Different people have different ideas.
اس کے نظریہ کو سمجھنا مشکل ہے۔	It's difficult to understand his theory.
ان کے نظریہ کو سمجھنا مشکل ہے۔	It's difficult to understand his theory.
تم نے وایلن بجانا کیسے سیکھا؟	How did you learn how to play the violin?
میں نے تمہیں رکنے کے لئیے کہا تھا کہ نہیں؟	I told you to stop, didn't I?
میں تھکا ہوا تھا اسی لئے میں سونے چلا گیا۔	I was tired so I went to bed.
یہ وہ بندہ ہے جس پہ آپ بھروسہ کر سکتے ہو۔	He is the man you can rely on.
میں معذرت چاہتا ہوں۔ میں یہاں اجنبی ہوں۔	I am sorry. I am not from here.
میں معافی چاہتا ہوں۔ میں یہاں اجنبی ہوں۔	I am sorry. I am not from here.
میں ماضی کو زیادہ کریدنا نہیں چاہتا۔	I don't want to dredge up the past.
ٹام اور مریم دونوں تیراکی جانتے ہیں۔	Tom and Mary both know how to swim.
تمہیں اس کو راز رکھنا ہوگا، ٹھیک ہے؟	You've got to keep this secret, OK?
اس نے جو بتاہا تھا وہ جھوٹ نکل آیا۔	What he said turned out to be a lie.
وہ تقریباّ میری بہن کی عمر کی ہے۔	She's about the same age as my sister.
بہار کا موسم آتے ہی برف پگھل گئی۔	The snow melted away when spring came.
مجھے لگ رہا ہے کہ وہ آج آئے گی۔	I have a feeling that she'll come today.
تمھارے خاندان میں کتنے لوگ ہے؟	How many people are there in your family?
ٹام پیر کو شاید مصروف ہو گا۔	Tom is probably going to be busy on Monday.
میں نے اپنی بہن کے لئیے ایک نئی ٹوپی خریدی۔	I bought my sister a new hat.
میں نے اپنی بہن کے لئیے ایک نئی ٹوپی لی ہے۔	I bought my sister a new hat.
میں معذرت چاہتا ہوں۔ میں یہاں خود نیا ہوں	I am sorry. I am not from here.
کاش میں نے کسی اور مرد سے شادی کرلی ہوتی۔	I wish I'd married another man.
میں نہیں جانتا اگر میرے پاس وقت ہوا تو ۔	I don't know if I have the time.
کیا کبھی کسی نے اس کے بارے میں سوچا ہے؟	Has anybody ever thought of this?
خربوزہ خربوزے کو دیکھ کر رنگ پکڑتا ہے۔	Birds of a feather flock together.
میں اس سے پیار کرتا تھا مگر اب نہیں۔	I used to love her, but not anymore.
سیمسٹر امتہان آخرکار ختم ہو گئے ہیں۔	The semester exams are finally over.
جیسے ہی بارش رکتی ہے، ہم چل پڑے گے۔	Let's go as soon as it stops raining.
عمارت کے سامنے ایک گاڑی کھڑی ہے۔	There is a car in front of the building.
وہ اس ملک میں آتی جاتی رہتی ہے۔	She's a frequent visitor to this country.
میں نے چھت پہ ہلکے نیلے رنگ کا پینٹ کیا ہے۔	I painted the roof light blue.
وہ تھکا ہوا تھا اس لئے وہ سونے چلا گیا ہے۔	He was tired so he went to bed.
میں معذرت چاہتا ہوں۔ میں یہاں سے نہیں ہوں۔	I am sorry. I am not from here.
میں معافی چاہتا ہوں۔ میں یہاں خود نیا ہوں۔	I am sorry. I am not from here.
میں معافی چاہتا ہوں۔ میں یہاں سے نہیں ہوں۔	I am sorry. I am not from here.
میرا نہیں خیال تھا کہ تم اتنے بوڑھے ہو گے۔	I didn't think you were so old.
میں تمھارے جانے کے بعد اکیلی ہو جائو گی۔	I'll be lonely after you've gone.
میں تمھارے جانے کے بعد اکیلا ہو جائو گا۔	I'll be lonely after you've gone.
کیا کسی کو پتہ ہے کہ میرا بیٹا کدھر ہے؟	Does someone know where my son is?
وہ زیادہ تر آنکھیں بند کر کے سوچتا ہے۔	He often thinks with his eyes shut.
وہ زیادہ تر آنکھیں بند کر کے سوچتے ہے۔	He often thinks with his eyes shut.
وہ غیر ملکیوں سے بات کرنے کا عادی ہے۔	He is used to talking to foreigners.
ہم رات بارہ بجے تک باتیں کرتے رہیں۔	We talked on the phone until midnight.
وہ انگریزی جرمن لہجہ میں بولتا ہے۔	He speaks English with a German accent.
تمھیں دکان سڑک کے کونے میں ملے گی۔	You'll find the shop around the corner.
ٹھنڈا موسم اور کتنا عرصہ رہے گا؟	How long will this cold weather continue?
تمھارے خاندان میں کتنے افراد ہے؟	How many people are there in your family?
مجھے گانے کی دھن یاد نہیں آ رہی۔	I can't remember the melody of that song.
میں اپنی گاڑی کی چابیاں پیچھے چھوڑ آیا ہوں۔	I have left my car keys behind.
بہت کم جاپانی صحیح انگریزی بول سکتے ہیں۔	Few Japanese can use English well.
تم نے بعد میں چہل قدمی کے لئیے چلنا ہے؟	Do you want to go for a walk later?
آپ نے بعد میں چہل قدمی کے لئیے چلنا ہے؟	Do you want to go for a walk later?
میری اس سے ملاقات میکسیکو میں ہوئی تھی۔	I met her during my stay in Mexico.
اب بچھتائے کیا ہوت جب چڑیا چگ گئی کھیت۔	It's no use crying over spilt milk.
وہ گھر ایک ہفتہ بعد ہی زمین بوس ہو گیا۔	The house fell down one week later.
یہ گھر ایک ہفتہ بعد ہی زمین بوس ہو گیا۔	The house fell down one week later.
میرے پاس آج دوپہر کچھ کرنے کو نہیں ہے۔	I have nothing to do this afternoon.
وہ اور صرف وہ ہی پوری سچائی جانتا ہے۔	He and only he knows the whole truth.
میں ٹرین پر اپنا ٹینس ریکیٹ چھوڑ آیا۔	I left my tennis racket on the train.
مجھے حیرت ہے کہ تم نے انعام جیت لیا ۔	I'm surprised that you won the prize.
مجھے حیرت ہے کہ آپ نے انعام جیت لیا ۔	I'm surprised that you won the prize.
میں ہمیشہ سے وہ کتاب پڑھنا چاہتا تھا۔	I've always wanted to read that book.
میں ہمیشہ سے وہ کتاب پڑھنا چاہتی تھی۔	I've always wanted to read that book.
انگریزی پوری دنیا میں پڑھای جاتی ہے۔	English is studied all over the world.
اس کے خیالات کو سمجھنا آسان نہیں ہے۔	It's not easy to understand his ideas.
کمپیوٹر میں معلومات کا اندراج کرو۔	Enter the information into the computer.
پتا نہیں میرے پاس وقت ہے کہ نہیں ۔	I don't know whether I have time or not.
ہر وقت ایماندار ہونا آسان نہیں ہے۔	It's not easy to be honest all the time.
ہم نے گاڑی میں کافی سامان ڈال دیا۔	We loaded a lot of luggage into the car.
تم یہاں اتنی رات کو کیا کر رہے ہو؟	What're you doing here so late at night?
گرم موسم میں پانی جلد اڑ جاتا ہے۔	In hot weather, water evaporates quickly.
اسی چیز کے ہونے کی مجھے امید تھی۔	That's exactly what I expected to happen.
یہ پتھر اس والے سے دگنا بھاری ہے۔	This stone is twice as heavy as that one.
میں کبھی دوبارہ تمہاری شکل نہیں دیکھنا چاہتا۔	I don't want to see you again.
میں کبھی دوبارہ تمہاری شکل نہیں دیکھنا چاہتی۔	I don't want to see you again.
برائے مہربانی سب کو بتادو کہ میں شرمندہ ہوں۔	Please tell everyone I'm sorry.
برائے مہربانی ان کی واپسی تک انتظار فرمائیے۔	Please wait till he comes back.
میں اپنی اگلی سالگرہ پہ سولہ کی ہو جائو گی۔	I will be sixteen next birthday.
کیونکہ میں تھکا ہوا تھا، میں سونے چلا گیا۔	Since I was tired, I went to bed.
ہاتھی ایشیا اور افریقہ میں پائے جاتے ہیں۔	Elephants live in Asia and Africa.
کیا تم مجھے بتا سکتے ہو کہ یہاں کیا ہوا؟	Can you tell me what happened here?
میرے دادا ابو کو کتابیں پڑھنے کا شوق ہے۔	My grandfather likes reading books.
میرے نانا ابو کو کتابیں پڑھنے کا شوق ہے۔	My grandfather likes reading books.
تمھیں اتنی جلدی جانے کی ضرورت نہیں ہے۔	You don't need to go in such a hurry.
بجھے نہیں پتہ کہ میں کب واپس آئو گا۔	I don't know exactly when I'll be back.
ہمارے ملک میں سمندری اشیائیں بہت ہے۔	Our country is rich in marine products.
ان کتابوں کی ہمیشہ بہت مانگ رہتی ہے۔	Those books are always in great demand.
پہلے مجھے لگا کہ وہ آپ کا بھائی ہے۔	At first, I thought he was your brother.
طالب علموں کی عمر ۱۸ سے ۲۵ سال ہیں۔	The students range in age from 18 to 25.
آپ اپنی سیٹ تھوڑی اوپر کر سکتے ہے؟	Could you put your seat back up a little?
تم نے کبھی سنیما میں چیخ ماری ہے؟	Have you ever screamed in a movie theater?
آپ نے کبھی سنیما میں چیخ ماری ہے؟	Have you ever screamed in a movie theater?
کہنے میں اور کرنے میں بڑا فرق ہے۔	Saying and doing are two different things.
چھوٹے بچے زیادہ الفاظ نہیں جانتے۔	Very young children don't know many words.
مجھ سے یہ ٹھنڈ اور زیادہ برداشت نہیں ہو رہی۔	I can't stand this cold anymore.
اس نے اسے ریادہ ورزش کرنے کا مشورہ دیا۔	She advised him to get more exercise.
میں کچھ ٹیلی فون کالیں کرنا چاہتا تھا۔	I wanted to make some telephone calls.
میں کچھ ٹیلی فون کالیں کرنا چاہتی تھی۔	I wanted to make some telephone calls.
اس نے بزرگ کی سڑک پاڑ کرنے میں مدد کی۔	She helped the old man cross the road.
تم پاگل تھے جو اکیلے کرنے چلے گئے تھے۔	You are mad to try to do it all alone.
تم بلکل اپنے بڑے بھائی کی طرح لگتے ہو۔	You look just like your older brother.
پہلے مجھے لگا کہ وہ تمھارا بھائی ہے۔	At first, I thought he was your brother.
میرا آج کچھ کھانے کا دل نہیں کر رہا۔	I don't feel like eating anything today.
بولنے میں اور کرنے میں بڑا فرق ہے۔	Saying and doing are two different things.
میں نے خبر سن کے سکھ کا سانس لیا۔	I felt very relieved when I heard the news.
وہ اس نوکری کے لئیے ابھی بھی کافی چھوٹا ہے۔	He is still too young for the job.
میں پارک سٹریٹ پہ ایک ریستوران کا مالک ہوں۔	I own a restaurant on Park Street.
بچپن میں مجھے کتابیں پڑھنے کا بہت شوق تھا۔	I loved reading when I was a child.
بھیڑیے عام طور پر لوگوں پہ حملہ نہیں کرتے۔	Wolves don't usually attack people.
تمہیں پتہ ہے کی لغت استعمال کیسے کرتے ہے؟	Do you know how to use a dictionary?
میں تمھارے دانتوں کے کچھ ایکس -رے لوں گا۔	I'll take some X-rays of your teeth.
انہوں نے دیکھا کہ بیرا جلدی سے آرہا ہے۔	They saw the waiter coming in a hurry.
آپ بلکل اپنے بڑے بھائی کی طرح لگتے ہیں۔	You look just like your older brother.
میں اپنی زندگی ایسے نہیں گزارنا چاہتا۔	I don't want to live my life like this.
میں اس کے ساتھ اتوار کو ٹینس کھیلو گا۔	I would play tennis with him on Sunday.
ڈاکٹر نے وقت پہ آ کے اس کی جان بچا لی۔	The doctor arrived in time to save her.
دروازے پہ زور کی دستک نے اسے جگا دیا۔	A loud knocking at the door woke him up.
اس وقت دفتر میں کوئی نہیں ہے۔	At the moment, there isn't anyone in the office.
دور کے ڈھول سہانے۔	The grass is always greener on the other side of the fence.
ٹام جانتا تھا کہ مریم نے جون کو دھمکی دی ہے۔	Tom knew Mary had threatened John.
میں اپنی کچھ کتابیں پڑھنے کے لئیے لایا ہوں۔	I brought some of my books to read.
میں اپنی کچھ کتابیں پڑھنے کے لئیے لائی ہوں۔	I brought some of my books to read.
ٹام نے مریم سے پوچھا کہ وہ کیوں ہنس رہی ہے۔	Tom asked Mary why she was smiling.
بہت کم لوگ ۱۰۰ سال کی عمر تک زندہ رہتے ہے۔	Few people live to be 100 years old.
۱۰۰ سال کی عمر نک بہت کم لوگ زندہ رہتے ہے۔	Few people live to be 100 years old.
وہ سونے چلا گیا ہے کیونکہ وہ تھکا ہوا تھا.	He went to bed because he was tired.
اس نے ابھی تک میرے خط کا جواب نہیں دیا۔	He still hasn't responded to my letter.
خرگوش کے کان لمبے اور دم چھوٹی ہوتی ہے۔	Rabbits have long ears and short tails.
وہ میری زندگی کے سب سے غمگین لمحے تھے۔	Those were the saddest hours of my life.
تم نکلو۔ میں تھوڑی دیر میں نکلتا ہوں۔	Go on ahead. I'll catch up with you soon.
اس دن چودھویں کا چاند دیکھا گیا تھا۔	It was a full moon that was seen that day.
تم تین سے چار دن تک بستر پر رہو۔	You should stay in bed for three or four days.
میرا خیال ہے کہ ہم نہ ہی کوشش کرے تو بہتر ہے۔	I think it's better not to try it.
میں تمہیں دیادہ تفصیل بتا کے بور نہیں کرو گا۔	I won't bore you with the details.
میں تمہیں دیادہ تفصیل بتا کے بور نہیں کرو گی۔	I won't bore you with the details.
ہم سارے کمرے کی صفائی کرنے میں مصروف تھے۔	All of us were busy cleaning the room.
انہوں نے بزرگ کی سڑک پاڑ کرنے میں مدد کی۔	She helped the old man cross the road.
وہ اس وقت ایک اجلاس میں شرکت کر رہے ہیں۔	They are currently attending a meeting.
وہ کسی بھی گروہ کی ہمایت نہیں کرتے۔	They did not support one group or the other.
مجلس پورے چار بجے شروع ہو جائے گی۔	The meeting will start at four o'clock sharp.
تمہیں اس کو صیغہ راز میں رکھنا ہوگا، ٹھیک ہے؟	You've got to keep this secret, OK?
مجھے کافی زیادہ پاسورڈس یاد دکھنے پڑتے ہے۔	I have a lot of passwords to remember.
میں آج جو کچھ ہوں، اپنی ماں کی وجہ سے ہوں۔	My mother has made me what I am today.
اس کی خاموشی نے لڑکی کو ناراض کر دیا تھا۔	It was his silence that made her angry.
ٹام نے دو ہفتوں سے اپنے بال نہیں دھوئے۔	Tom hasn't washed his hair for two weeks.
وہ مجھ سے تین گنا زیادہ پیسے کماتا ہے۔	He makes three times more money than I do.
اس کی نئی کتاب اگلے مہینے آ رہی ہے۔	His new book is going to come out next month.
میٹنگ پورے چار بجے شروع ہو جائے گی۔	The meeting will start at four o'clock sharp.
وہ صبح جلدی اٹھنے کا عادی ہے۔	He's accustomed to getting up early in the morning.
میں نے دو گھنٹے ٹی وِی دیکھ کے کاافی مزہ کیا۔	I enjoyed watching TV for two hours.
اس نے اپنا استعفی جمع کرانے کا فیصلہ کر لیا۔	He decided to submit his resignation.
وہ تھکا ہوا تھا مگر وہ پھر بھی کام کرتا رہا۔	He was tired, but he kept on working.
میرے دوست کو یاد تھا کہ کس راستے پہ جانا ہے۔	My friend remembered which way to go.
اس نے اپنا ہوم ورک ایک گھنٹے میں ختم کر لیا۔	She finished her homework in an hour.
اسے یاد ہے کہ وہ اسے ہر ہفتہ خط لکھتا تھا۔	He remembers writing to her every week.
میرے پاس ایک پیغام ہے جو تم نے پہنچانا ہے۔	I have a message I want you to deliver.
وہ تقریباّ میری بڑی بہن کی عمر کی ہے۔	She's about the same age as my older sister.
کیا کہ رہے ہو؟ دوبارہ کہ سکتے ہو؟	What did you say? Could you please say it again?
حب وہ کمرے میں داخل ہوئی تو وہ کھڑا ہو گیا۔	When she entered the room, he stood up.
شہزادی نے بہت زیادہ میک اپ لگایا ہوا تھا۔	The princess was wearing too much makeup.
کوئی بھی طلبہ سکول کے لئیے لیٹ نہیں تھا۔	None of the students were late for school.
وہ سوپر مارکیٹ ہر تین دن بعد جاتی ہے۔	She goes to the supermarket every three days.
کھانے سے پہلے ہمیشہ ہاتھ دھویا کرو۔	You should always wash your hands before meals.
لیکچر کے بات تھورے سے لوگوں نے تالیاں بجائی۔	A few people clapped after his lecture.
مریم نے کھانے پکانے میں اپنی ماں کی مدد کی۔	Mary helped her mother with the cooking.
پیسے ادھار لینا میرے اصولوں کے خلاف ہے۔	It is against my principles to borrow money.
میں وہی پہ تھا جب بم دھماکہ ہوا تھا۔	When the bomb exploded, I happened to be there.
اس نے مجھے ڈھیڑ ساری خوبصورت تصویریں دکھائیں۔	He showed me a lot of beautiful photos.
پلیز آجائو۔ میں تم سے ملنے کے لیئے بیتاب ہوں۔	Please come. I really want to meet you.
حالانکہ وہ ذخمی تھے مگر وہ پھر بھی لڑتے رہے۔	Though wounded, they continued to fight.
وہ پانچ دن کے لئے اسکول سے غیر حاصر تھی۔	She's been absent from school for five days.
تم میری زندگی کے سب سے زیادہ اہم شخص ہو۔	You're the most important person in my life.
تم نے تو فیصلہ نہیں کر لیا نہ جانے کا؟	You've already decided not to go, haven't you?
آپ نے تو فیصلہ نہیں کر لیا نہ جانے کا؟	You've already decided not to go, haven't you?
ہمارا دفتر عمارت کے شمال جانب ہے۔	Our office is on the northern side of the building.
مریم نے کھانے پکانے میں اپنی والدہ کی مدد کی۔	Mary helped her mother with the cooking.
میں نے اس گیت کا فرانسیسی ورژن سنا ہوا ہے۔	I've heard the French version of this song.
اس کی مشکل کا کوئی حل نظر نہیں آ رہا تھا۔	There seemed to be no answer to the problem.
میرے ابو کو فوت ہوئے پانچ سال ہو گئے ہے۔	Five years have gone by since my father died.
اس نے اپنی بیٹی کو پھل اور سبزیاں بھیجی۔	He sent fruit and vegetables to his daughter.
دس سال ہو گئے ہیں اسے امریکہ گئے ہوئے۔	Ten years have passed since he went to America.
ہسپتال کی تعمیر بس ختم ہونے والی ہے۔	The construction of the hospital is about to end.
تمہارے خیال میں ہمیں کتنا انتظار کرنا پڑے گا؟	How long do you think we'll have to wait?
میرے والد کو فوت ہوئے پانچ سال ہو گئے ہے۔	Five years have gone by since my father died.
میرے ابو کو گزرے ہوئے پانچ سال ہو گئے ہے۔	Five years have gone by since my father died.
میں بہار کی چھٹیوں میں کام پہ جا رہا ہوں۔	I'm going to work during the spring vacation.
امریکہ میں اسکول کی بسوں کا رنگ پیلا ہیں	In the United States, school buses are yellow.
جو لڑکی پیانو بجا رہی ہے وہ میری بہن ہے۔	The girl who's playing the piano is my sister.
ہم نے کل رات ٹی وی پر بیس بال گیم دیکھی۔	We watched the baseball game on TV last night.
ٹام اور مریم کے بیج میں کچھ چل رہا ہے۔	There's something going on between Tom and Mary.
یہ کہانی دوسرے سے زیادو مزیدار ہے۔	This story is by far more interesting than that one.
وہ ہر روز چیزیں خریدنے کے لئے بازار جاتی ہے۔	She goes to market every day to buy things.
میرے والد کو گزرے ہوئے پانچ سال ہو گئے ہے۔	Five years have gone by since my father died.
مجھے یقین ہے کہ میں ٹینس میچ جیت جائوں گا۔	I'm confident that I'll win the tennis match.
اس کی ایک گاڑی نیلی ہے اور باقی لال ہیں۔	One of her cars is blue and the others are red.
ہماری زندگیاں بغیر بجلی کے کیسی ہونگی؟	What would our lives be like without electricity?
میں نے ٹام کو بتایا میرا چلنے کا موڈ نہیں ہے	I told Tom I didn't feel like taking a walk.
وہ اپنی بڑی بہن کی طرح اتنی خوبصورت نہیں ہے۔	She is not as beautiful as her older sister.
وہ غلط قسم کے بچوں کے ساتھ اٹھتا بیٹھتا ہے۔	He hangs around with the wrong group of kids.
انہوں نے اپنی بیٹی کو پھل اور سبزیاں بھیجی۔	He sent fruit and vegetables to his daughter.
کیا تمہیں پورا یقین ہے کہ ٹام یہ کر لے گا؟	Are you absolutely sure that Tom will do that?
اس کے ناول، زیادہ تر، کافی بورنگ ہوتے ہے۔	His novels are, for the most part, very boring.
کیا آپ مجھے بتائیں گے کہ میں اب کیا کروں؟	Would you please tell me what I should do next?
اتنی گرمی تھی کہ میں کھڑکی کھول کے سویا۔	It was so hot that I slept with the window open.
بزرگ عورت بڑی مشکل سے سیڑھیاں چڑھی تھی۔	The old woman climbed the stairs with difficulty.
تم کیا کبھی ملک سے باہر جاتے ہو چھٹیاں منانے؟	Do you sometimes go abroad on your holidays?
میں دس سال میں پہلی دفعہ جاپان سے باہر نکلا۔	I left Japan for the first time in ten years.
ہم نے اپنے نئے ہمسائیوں کو چائے پہ دعوت دی۔	We invited our new neighbors over for a drink.
بیس بال کھیل بارش کی وجہ سے ملتوی کر دیا گیا۔	The baseball game was called off due to rain.
کیا آپ مجھے بتا سکتے ہے کہ میں اب کیا کروں؟	Would you please tell me what I should do next?
کاش تم نے وہ کہانی میری امی کو نہ بتائی ہوتی۔	I wish you hadn't told that story to my mother.
کاش تم نے وہ کہانی میری ماں کو نہ بتائی ہوتی۔	I wish you hadn't told that story to my mother.
اس کی ایک گاڑی نیلی ہے اور باقی ساری لال ہیں۔	One of her cars is blue and the others are red.
کیا آپ مجھے بتائیں گے کہ میں اب آگے کیا کروں؟	Would you please tell me what I should do next?
حادثہ میں زخمی ہونے کے بعد، وہ چل نہیں سکتا۔	Being injured in an accident, he could not walk.
اس کی فطرت میں دوسروں کی برائی کرنا نہیں ہے۔	It was not in his nature to speak ill of others.
ان کی فطرت میں دوسروں کی برائی کرنا نہیں ہے۔	It was not in his nature to speak ill of others.
کمیٹی میں تین مرد اور سات عورتیں ہیں۔	The committee is composed of three men and seven women.
بلے کے ساتھ ساتھ کل گیندیں بھی چوری ہو گئی۔	The bat was stolen yesterday, along with the balls.
ہمیں دو کپ چائے اور ایک کپ کافی لا دینا۔	Please bring us two cups of tea and one cup of coffee.
ٹام اپنی رائے کو اظہار کرنے میں کتراتا تھا۔	Tom never felt comfortable expressing his own opinion.
تم جیسے مرضی کرو، اس کا نتیجہ ایک ہی نکلے گا۔	No matter how you do it, the results will be the same.
وہ پچھلے پانچ دنوں سے ہوٹل میں قیام پزیر ہے۔	He's been staying at that hotel for the past five days.
میرے بس سٹاپ پہنچنے تک آخری بس نکل چکی تھی۔	The last bus had already gone when I got to the bus stop.
سردی اس سال کافی لمبی ہو گئی ہے۔	Winter seems to be sticking around a lot longer than usual this year.
مجھے امتہان سے پہلے ایک انٹرویو دینا پڑے گا۔	I have to have an interview before taking the examination.
تم کچھ مہینوں میں بہترین انگریزی بول سکو گے۔	You will be able to speak fluent English in another few months.
