buenos dias, Juan.	good morning, Juan.
buenos dias a todos.	good morning everyone.
buenos dias, mi amigo.	good morning, my friend.
buenas tardes, señora.	good afternoon, ma'am.
buenas tardes a todos.	good afternoon everyone.
buenas tardes, señor.	good afternoon, sir.
encantado de conocerte, Ana.	nice to meet you, Ana.
estoy encantado de conocerte.	I am nice to meet you.
hola, encantado de conocerte.	hello, nice to meet you.
como estas hoy?	how are you today?
hola, como estas?	hello, how are you?
como estas, mi amigo?	how are you, my friend?
muchas gracias por todo.	thank you very much for everything.
muchas gracias, señor.	thank you very much, sir.
muchas gracias, amiga.	thank you very much, friend.
discúlpeme, ¿donde esta el baño?	excuse me, where is the bathroom?
discúlpeme, ¿como se llama?	excuse me, what is your name?
discúlpeme, no hablo español.	excuse me, I do not speak Spanish.
esta bien, gracias.	okay, thanks.
si, esta bien.	yes, it is okay.
esta bien por mi.	okay by me.
por supuesto que si.	of course yes.
por supuesto, yo voy.	of course, I am going.
si, por supuesto.	yes, of course.
tal vez voy mañana.	maybe I go tomorrow.
tal vez es verdad.	maybe it is true.
tal vez no puedo.	maybe I cannot.
hola, Señorita.	hello, Miss.
buenos dias, Señorita.	good morning, Miss.
la Señorita esta aqui.	the Miss is here.
nos vemos luego.	see you later.
adiós, nos vemos luego.	goodbye, see you later.
nos vemos luego, amigo.	see you later, friend.
cuidate mucho.	take care a lot.
adiós, cuidate.	goodbye, take care.
hola, cuidate.	hello, take care.
que tengas un buen dia.	have a nice day.
adiós, que tengas un buen dia.	goodbye, have a nice day.
amigo, que tengas un buen dia.	friend, have a nice day.
Tengo catorce libros.	I have fourteen books.
Ella tiene catorce años.	She is fourteen years old.
Son catorce gatos aquí.	There are fourteen cats here.
Tengo veintiuno días libres.	I have twenty-one free days.
Son veintiuno puntos hoy.	It is twenty-one points today.
Él tiene veintiuno lápices.	He has twenty-one pencils.
Eso cuesta sesenta euros.	That costs sixty euros.
Tengo sesenta monedas.	I have sixty coins.
Son sesenta minutos ahora.	It is sixty minutes now.
Ella tiene setenta fotos.	She has seventy photos.
Son setenta días totales.	It is seventy total days.
Tengo setenta cartas.	I have seventy letters.
Cuesta noventa pesos.	It costs ninety pesos.
Tengo noventa hojas.	I have ninety sheets.
Son noventa días más.	It is ninety more days.
Él es el sexto hijo.	He is the sixth son.
Es el sexto libro.	It is the sixth book.
Vivo en el sexto piso.	I live on the sixth floor.
Es el séptimo día.	It is the seventh day.
Tengo el séptimo vaso.	I have the seventh glass.
Él es el séptimo invitado.	He is the seventh guest.
Es el noveno gato.	It is the ninth cat.
Llegó el noveno avión.	The ninth plane arrived.
Es el noveno piso.	It is the ninth floor.
Soy el décimo alumno.	I am the tenth student.
Es el décimo libro.	It is the tenth book.
Llegó el décimo perro.	The tenth dog arrived.
Hablamos mas tarde	We will talk later.
Vuelvo mas tarde	I will come back later.
Nos vemos mas tarde	See you later.
El caldo vegetal es rico.	The vegetable broth is tasty.
Quiero un producto vegetal.	I want a vegetable product.
El aceite vegetal es caro.	The vegetable oil is expensive.
El yogur es blanco.	The yogurt is white.
Me gusta el yogur.	I like the yogurt.
Tomo yogur cada día.	I drink yogurt every day.
La merienda es dulce.	The snack is sweet.
¿Dónde está la merienda?	Where is the snack?
Quiero una merienda sana.	I want a healthy snack.
Me duele el pulgar.	My thumb hurts.
El pulgar es corto.	The thumb is short.
Toca con el pulgar.	Touch with the thumb.
El cerebro es grande.	The brain is large.
Cuido mi cerebro.	I take care of my brain.
El cerebro es complejo.	The brain is complex.
La sala de estar es grande.	The living room is large.
Me gusta la sala de estar.	I like the living room.
La sala de estar es blanca.	The living room is white.
El balcón es muy pequeño.	The balcony is very small.
Estoy en el balcón.	I am on the balcony.
El balcón tiene flores.	The balcony has flowers.
El patio es muy bonito.	The yard is very pretty.
El perro está en el patio.	The dog is in the yard.
Tengo un patio grande.	I have a large yard.
El fregadero es nuevo.	The sink is new.
Limpio el fregadero hoy.	I clean the sink today.
El fregadero es gris.	The sink is gray.
El búfalo es muy grande.	The buffalo is very big.
Veo un búfalo aquí.	I see a buffalo here.
El búfalo corre rápido.	The buffalo runs fast.
El gallo canta mucho.	The rooster sings a lot.
Un gallo es rojo.	A rooster is red.
Mira el gallo.	Look at the rooster.
El canguro salta alto.	The kangaroo jumps high.
Un canguro vive allá.	A kangaroo lives over there.
Veo el canguro gris.	I see the gray kangaroo.
El panda come bambú.	The panda eats bamboo.
Un panda es blanco.	A panda is white.
El panda es lento.	The panda is slow.
El águila vuela alto.	The eagle flies high.
Veo el águila real.	I see the golden eagle.
El águila es grande.	The eagle is big.
El gobernante es muy fuerte.	The ruler is very strong.
Un gobernante justo es bueno.	A just ruler is good.
El oficial de policia ayuda.	The police officer helps.
Busco al oficial de policia.	I am looking for the police officer.
Necesito vestirse rápido.	I need to get dressed quickly.
Ellos prefieren vestirse tarde.	They prefer to get dressed late.
El cepillo es azul.	The brush is blue.
Busca el cepillo aquí.	Look for the brush here.
Vete a la cama ahora.	Go to bed now.
Por favor, vete a la cama.	Please, go to bed.
Es un día laborable.	It is a weekday.
No trabajo el día laborable.	I do not work the weekday.
Es el precio habitual.	It is the usual price.
Tengo mi rutina habitual.	I have my usual routine.
Tengo mucho frio.	I am very cold.
El invierno es frio.	The winter is cold.
El camino es brumoso.	The path is foggy.
El cielo está brumoso.	The sky is foggy.
Escucho el trueno.	I hear the thunder.
El trueno es fuerte.	The thunder is loud.
Mira el relámpago.	Look at the lightning.
El relámpago es rápido.	The lightning is fast.
El arcoiris es lindo.	The rainbow is pretty.
Veo un arcoiris.	I see a rainbow.
El pronóstico es malo.	The forecast is bad.
Leo el pronóstico.	I read the forecast.
El agua puede congelar.	The water can freeze.
El frio puede congelar.	The cold can freeze.
Voy al centro comercial.	I am going to the mall.
El centro comercial es grande.	The mall is big.
Puedes probarte el vestido.	You can try on the dress.
Quieres probarte los zapatos.	You want to try on the shoes.
Mi estado de ánimo es bueno.	My mood is good.
Tiene un estado de ánimo triste.	He has a sad mood.
Es una emoción fuerte.	It is a strong emotion.
No siento esa emoción.	I do not feel that emotion.
Él está pescando ahora.	He is fishing now.
Estamos pescando en el lago.	We are fishing in the lake.
La tableta es nueva.	The tablet is new.
Tengo una tableta gris.	I have a gray tablet.
La clínica está abierta.	The clinic is open.
Busco la clínica dental.	I am looking for the dental clinic.
Tengo un dolor de muelas.	I have a toothache.
El dolor de muelas es malo.	The toothache is bad.
El frio es intenso.	The cold is intense.
Necesito un chequeo médico.	I need a medical check-up.
El chequeo es rápido.	The check-up is fast.
La prescripción es clara.	The prescription is clear.
Leo la prescripción médica.	I read the medical prescription.
El tratamiento es largo.	The treatment is long.
Busco un tratamiento nuevo.	I am looking for a new treatment.
La vacuna es necesaria.	The vaccine is necessary.
Necesito una vacuna hoy.	I need a vaccine today.
Quiero sentirse mejor pronto.	I want to feel better soon.
Puedes sentirse mejor ahora.	You can feel better now.
La oficina de correos está abierta.	The post office is open.
Voy a la oficina de correos.	I am going to the post office.
El templo es muy antiguo.	The temple is very old.
Busco el templo de oro.	I am looking for the golden temple.
La mezquita es blanca.	The mosque is white.
Visito la mezquita hoy.	I visit the mosque today.
El dibujo es un cuadrado.	The drawing is a square.
Busco la plaza del cuadrado.	I am looking for the square plaza.
La plataforma es muy grande.	The platform is very large.
Subo a la plataforma ahora.	I am getting on the platform now.
El atasco de tráfico es terrible.	The traffic jam is terrible.
Odio el atasco de tráfico.	I hate the traffic jam.
El trafico es muy lento.	The traffic is very slow.
No me gusta el trafico.	I do not like the traffic.
La fecha límite es mañana.	The deadline is tomorrow.
Tengo una fecha límite hoy.	I have a deadline today.
Él quiere una promoción pronto.	He wants a promotion soon.
La promoción es muy buena.	The promotion is very good.
Quiero aplicar para el trabajo.	I want to apply for the job.
Debes aplicar ahora mismo.	You must apply right now.
Mi currículum es muy largo.	My resume is very long.
Envía tu currículum por correo.	Send your resume by email.
Es una responsabilidad muy grande.	It is a very big responsibility.
Tengo mucha responsabilidad aquí.	I have a lot of responsibility here.
Mi lugar de trabajo es pequeño.	My workplace is small.
Me gusta mi lugar de trabajo.	I like my workplace.
El empleador es muy amable.	The employer is very kind.
Busco un nuevo empleador.	I am looking for a new employer.
El conocimiento es poder.	Knowledge is power.
Busco más conocimiento.	I seek more knowledge.
La conferencia es hoy.	The lecture is today.
Me gusta la conferencia.	I like the lecture.
Él es un graduado.	He is a graduate.
Soy graduado en arte.	I am a graduate in art.
La investigación es lenta.	The research is slow.
Hago una investigación.	I am doing research.
Mi tutor es amable.	My tutor is kind.
Busco a mi tutor.	I am looking for my tutor.
Tengo mi diploma.	I have my diploma.
El diploma es nuevo.	The diploma is new.
La educación es importante.	Education is important.
Quiero una buena educación.	I want a good education.
Es una tradicion bonita.	It is a pretty tradition.
La tradicion es vieja.	The tradition is old.
Es un regalo personalizado.	It is a personalized gift.
Quiero un plan personalizado.	I want a personalized plan.
Los mercados locales son buenos.	The local markets are good.
Busco productos locales.	I am looking for local products.
Es un punto de referencia.	It is a landmark.
Busco el punto de referencia.	I am looking for the landmark.
El templo es grande.	The temple is large.
Visito el templo hoy.	I visit the temple today.
Quiero explorar la ciudad.	I want to explore the city.
Vamos a explorar el bosque.	Let's explore the forest.
Cuidamos el medio ambiente.	We take care of the environment.
El medio ambiente es importante.	The environment is important.
Hay mucha contaminación aquí.	There is a lot of pollution here.
La contaminación es mala.	Pollution is bad.
Debemos reciclar el papel.	We must recycle the paper.
Me gusta reciclar.	I like to recycle.
Los residuos son basura.	The waste is trash.
Recoge los residuos.	Pick up the waste.
No uses más plastico.	Do not use more plastic.
El plastico es malo.	Plastic is bad.
El invernadero es grande.	The greenhouse is large.
Voy al invernadero.	I am going to the greenhouse.
La vida silvestre es bella.	The wildlife is beautiful.
Protejamos la vida silvestre.	Let's protect the wildlife.
Los paneles solares funcionan.	The solar panels work.
Tengo rayos solares.	I have solar rays.
La energía es renovable.	The energy is renewable.
Es un recurso renovable.	It is a renewable resource.
El carbono está aquí.	The carbon is here.
El ciclo del carbono.	The carbon cycle.
La emisión es alta.	The emission is high.
Evita la emisión de gas.	Avoid the emission of gas.
Este jabón es ecológico.	This soap is eco-friendly.
Es un producto ecológico.	It is an eco-friendly product.
Mi teléfono inteligente es nuevo.	My smartphone is new.
El teléfono inteligente es caro.	The smartphone is expensive.
La aplicación es gratis.	The app is free.
Uso una aplicación.	I use an app.
La pantalla es pequeña.	The screen is small.
Limpia la pantalla.	Clean the screen.
Quiero descargar el juego.	I want to download the game.
Puedes descargar la foto.	You can download the photo.
Tengo un correo electrónico.	I have an email.
Escribe el correo electrónico.	Write the email.
Estoy fuera de línea.	I am offline.
El sistema está fuera de línea.	The system is offline.
El mouse es inalámbrico.	The mouse is wireless.
Busco un teclado inalámbrico.	I am looking for a wireless keyboard.
El software es lento.	The software is slow.
Instala el software.	Install the software.
El hardware es viejo.	The hardware is old.
Tengo el hardware.	I have the hardware.
Haga clic aquí.	Click here.
Haga clic en el botón.	Click on the button.
Uso las redes sociales.	I use social media.
No me gustan las redes sociales.	I don't like social media.
Tengo relojes digitales.	I have digital watches.
Los datos son digitales.	The data are digital.
Mi telefono es rojo.	My phone is red.
¿Donde esta el telefono?	Where is the phone?
El anfitrión es muy amable.	The host is very kind.
¿Quién es el anfitrión hoy?	Who is the host today?
Puede depender del clima.	It can depend on the weather.
No debe depender de él.	It should not depend on him.
Quiero llevarse bien con todos.	I want to get along with everyone.
El titular es muy corto.	The headline is very short.
Leí el titular hoy.	I read the headline today.
Quieren transmitir el juego.	They want to broadcast the game.
Puedes transmitir la señal.	You can broadcast the signal.
Veo las redes sociales.	I check the social media.
El anuncio es rojo.	The advertisement is red.
Veo un anuncio aquí.	I see an advertisement here.
La audiencia es grande.	The audience is large.
La audiencia está callada.	The audience is quiet.
Son noticias de última hora.	It is breaking news.
Leí las noticias de última hora.	I read the breaking news.
Quiero publicar el libro.	I want to publish the book.
Ella puede publicar la foto.	She can publish the photo.
El lugar es publico.	The place is public.
Es un transporte publico.	It is public transport.
Tengo un hábito bueno.	I have a good habit.
Es un hábito común.	It is a common habit.
El plato es equilibrado.	The plate is balanced.
Busco un plan equilibrado.	I am looking for a balanced plan.
Tengo un estilo de vida activo.	I have an active lifestyle.
Es un estilo de vida sano.	It is a healthy lifestyle.
Hago yoga por la mañana.	I do yoga in the morning.
Me gusta el yoga.	I like yoga.
La meditación es calma.	Meditation is calm.
Práctica la meditación hoy.	Practice meditation today.
La nutrición es muy importante.	Nutrition is very important.
Estudio la nutrición básica.	I study basic nutrition.
Como mucha proteína.	I eat a lot of protein.
La proteína es necesaria.	Protein is necessary.
Esta caloria es alta.	This calorie is high.
Cuenta cada caloria.	Count every calorie.
Busco el bienestar total.	I seek total wellness.
El bienestar es clave.	Wellness is key.
Tengo una buena aptitud.	I have a good fitness.
La aptitud es necesaria.	Fitness is necessary.
La sociedad es muy grande.	The society is very large.
Ella estudia la sociedad.	She studies society.
Buscamos la igualdad real.	We seek real equality.
La igualdad es un derecho.	Equality is a right.
Mi comunidad es amable.	My community is friendly.
Vivo en una comunidad pequeña.	I live in a small community.
La campaña empieza hoy.	The campaign starts today.
Es una campaña electoral.	It is an electoral campaign.
Hay mucha desigualdad aquí.	There is much inequality here.
La desigualdad es un problema.	Inequality is a problem.
El prejuicio es malo.	Prejudice is bad.
No tenemos prejuicio.	We have no prejudice.
El bienestar es importante.	Welfare is important.
Busco mi bienestar personal.	I seek my personal welfare.
Él está sin hogar.	He is homeless.
Hay personas sin hogar.	There are homeless people.
El gobierno es lento.	The government is slow.
Hablamos con el gobierno.	We speak with the government.
La democracia es vital.	Democracy is vital.
Vivimos en una democracia.	We live in a democracy.
Necesito una vivienda nueva.	I need a new housing.
La vivienda es cara.	Housing is expensive.
La asistencia sanitaria es básica.	Healthcare is basic.
Busco asistencia sanitaria.	I seek healthcare.
La educación es clave.	Education is key.
Ella ama la educación.	She loves education.
Es una nueva generación.	It is a new generation.
Mi generación es joven.	My generation is young.
Somos una minoría.	We are a minority.
La minoría tiene voz.	The minority has a voice.
Estudio las finanzas hoy.	I study finance today.
Ella trabaja en finanzas.	She works in finance.
Recibí una bonificación pequeña.	I received a small bonus.
La bonificación es alta.	The bonus is high.
Tengo muchos valores aquí.	I have many stocks here.
Los valores bajaron hoy.	The stocks dropped today.
La quiebra fue rápida.	The bankruptcy was fast.
Evitamos la quiebra total.	We avoided total bankruptcy.
Es mi responsabilidad legal.	It is my legal liability.
No hay responsabilidad civil.	There is no civil liability.
La inflación es alta.	Inflation is high.
Odiamos la inflación actual.	We hate current inflation.
La recesión es global.	The recession is global.
Tememos una recesión larga.	We fear a long recession.
El crecimiento es lento.	The growth is slow.
Queremos crecimiento económico.	We want economic growth.
La industria es fuerte.	The industry is strong.
Trabajo en la industria.	I work in the industry.
Quiero invertir mi dinero.	I want to invest my money.
Es bueno invertir ahora.	It is good to invest now.
El comercio es vital.	Trade is vital.
Estudio el comercio local.	I study local trade.
Es un producto nuevo.	It is a new product.
Vendo este producto caro.	I sell this expensive product.
El margen de beneficio bajó.	The profit margin dropped.
Buscamos un margen de beneficio.	We seek a profit margin.
La investigación es muy larga.	The research is very long.
Necesito más investigación.	I need more research.
La teoria es compleja.	The theory is complex.
Tengo una teoria nueva.	I have a new theory.
La hipótesis es falsa.	The hypothesis is false.
Tengo una hipótesis.	I have a hypothesis.
El método es simple.	The method is simple.
Uso un método nuevo.	I use a new method.
La observación es clave.	The observation is key.
Hago una observación.	I am making an observation.
La conclusión es clara.	The conclusion is clear.
Busco una conclusión.	I am looking for a conclusion.
Puedo medir el agua.	I can measure the water.
Quieres medir el tiempo.	You want to measure the time.
Es difícil predecir el clima.	It is difficult to predict the weather.
No puedo predecir eso.	I cannot predict that.
Quiero comparar los precios.	I want to compare the prices.
Vamos a comparar todo.	Let's compare everything.
Debemos desarrollar el plan.	We must develop the plan.
Quiero desarrollar la idea.	I want to develop the idea.
La invención es genial.	The invention is great.
Es una invención vieja.	It is an old invention.
La innovación es necesaria.	Innovation is necessary.
Buscamos una innovación.	We are looking for an innovation.
La tecnología es rápida.	The technology is fast.
Uso la tecnología nueva.	I use the new technology.
La fisica es fascinante.	Physics is fascinating.
Estudio la fisica.	I study physics.
La genética es compleja.	Genetics is complex.
Leo sobre la genética.	I read about genetics.
La molécula es pequeña.	The molecule is small.
Veo la molécula.	I see the molecule.
Es un organismo vivo.	It is a living organism.
El organismo es raro.	The organism is rare.
Cuido el medio ambiente.	I take care of the environment.
El medio ambiente sufre.	The environment suffers.
El cambio es significativo.	The change is significant.
Es un dato significativo.	It is a significant piece of data.
Debo validar el dato.	I must validate the data.
Quiero validar la cuenta.	I want to validate the account.
Ella tiene una personalidad fuerte.	She has a strong personality.
No me gusta su personalidad.	I do not like his personality.
Mi estado de ánimo cambia mucho.	My mood changes a lot.
¿Cómo está tu estado de ánimo?	How is your mood?
El comportamiento del perro es bueno.	The dog's behaviour is good.
Necesitamos un mejor comportamiento.	We need better behaviour.
Él tiene mucha ambición.	He has a lot of ambition.
La ambición es importante.	Ambition is important.
Soy un hombre muy practico.	I am a very practical man.
El plan es muy practico.	The plan is very practical.
Él es muy determinado.	He is very determined.
Soy determinado en mi trabajo.	I am determined in my work.
La conclusión es muy clara.	The conclusion is very clear.
Busco una conclusión rápida.	I am looking for a quick conclusion.
Quiero reclamar mi equipaje.	I want to claim my luggage.
Él puede reclamar el premio.	He can claim the prize.
Tengo una perspectiva diferente.	I have a different perspective.
Cambia tu perspectiva ahora.	Change your perspective now.
El significado es profundo.	The significance is profound.
No entiendo el significado.	I don't understand the significance.
Hay una implicación grave.	There is a serious implication.
La implicación es obvia.	The implication is obvious.
Debemos evaluar el riesgo.	We must evaluate the risk.
Es difícil evaluar esto.	It is difficult to evaluate this.
Su razonamiento es lógico.	His reasoning is logical.
El razonamiento es lento.	The reasoning is slow.
El debate fue largo.	The debate was long.
No me gusta el debate.	I don't like the debate.
No debes criticar así.	You should not criticize like that.
Es fácil criticar.	It is easy to criticize.
Puedes interpretar el sueño.	You can interpret the dream.
Intenta interpretar la música.	Try to interpret the music.
Es bueno comparar.	It is good to compare.
Puedo concluir la historia.	I can conclude the story.
Es hora de concluir.	It is time to conclude.
Puedes inferir la respuesta.	You can infer the answer.
Trata de inferir más.	Try to infer more.
Puedes deducir la verdad.	You can deduce the truth.
Es difícil deducir eso.	It is difficult to deduce that.
Es un dato basado en evidencia.	It is an evidence-based datum.
El método es basado en evidencia.	The method is evidence-based.
El pasaporte es válido.	The passport is valid.
Tu argumento es válido.	Your argument is valid.
El código es inválido.	The code is invalid.
El acceso es inválido.	The access is invalid.
El juez es parcializado.	The judge is biased.
No seas parcializado.	Do not be biased.
Es un punto subjetivo.	It is a subjective point.
El arte es subjetivo.	Art is subjective.
El argumento es convincente.	The argument is convincing.
No es muy convincente.	It is not very convincing.
Los criterios son estrictos.	The criteria are strict.
Sigue los criterios.	Follow the criteria.
Esta es una debilidad.	This is a weakness.
Es una debilidad común.	It is a common weakness.
El problema es mundial.	The problem is global.
Es una crisis mundial.	It is a global crisis.
El cambio climático es real.	Climate change is real.
Evitemos el cambio climático.	Let us avoid climate change.
La inmigración es compleja.	Immigration is complex.
Hablamos sobre la inmigración.	We talk about immigration.
El plan es sostenible.	The plan is sustainable.
Busco un modo sostenible.	I seek a sustainable way.
El desarrollo es lento.	The development is slow.
Queremos el desarrollo económico.	We want economic development.
Controlamos la emisión.	We control the emission.
Hay mucha contaminación.	There is a lot of pollution.
Odiamos la contaminación.	We hate pollution.
La deforestación es grave.	Deforestation is serious.
Evitemos la deforestación.	Let us avoid deforestation.
La sequía es larga.	The drought is long.
Tememos una sequía.	We fear a drought.
La hambruna es terrible.	The famine is terrible.
No queremos la hambruna.	We do not want famine.
La migración es constante.	Migration is constant.
Estudio la migración.	I study migration.
La diplomacia es clave.	Diplomacy is key.
Usamos la diplomacia.	We use diplomacy.
La sanción es justa.	The sanction is fair.
la sanción es dura.	The sanction is harsh.
Es una coalición fuerte.	It is a strong coalition.
Formamos una coalición.	We form a coalition.
Es una alianza nueva.	It is a new alliance.
La alianza es útil.	The alliance is useful.
Necesito la vacuna.	I need the vaccine.
La vacuna es gratis.	The vaccine is free.
Es energía renovable.	It is renewable energy.
Busco algo renovable.	I look for something renewable.
La conservación es vital.	Conservation is vital.
Apoyo la conservación.	I support conservation.
La biodiversidad es rica.	Biodiversity is rich.
Protejamos la biodiversidad.	Let us protect biodiversity.
Buscamos la estabilidad.	We seek stability.
La estabilidad es buena.	Stability is good.
El personaje es muy malo.	The character is very bad.
Me gusta este personaje.	I like this character.
La galería es grande.	The gallery is big.
Voy a la galería.	I am going to the gallery.
La exposición termina hoy.	The exhibition ends today.
Es una exposición moderna.	It is a modern exhibition.
El lienzo es blanco.	The canvas is white.
Pinto en el lienzo.	I paint on the canvas.
El cepillo es pequeño.	The brush is small.
Uso un cepillo nuevo.	I use a new brush.
El retrato es antiguo.	The portrait is old.
Hago un retrato rápido.	I am making a quick portrait.
El paisaje es hermoso.	The landscape is beautiful.
Pinto un paisaje verde.	I paint a green landscape.
El resumen es corto.	The summary is short.
Leo el resumen ahora.	I read the summary now.
Siento una emoción fuerte.	I feel a strong emotion.
La emoción es clara.	The emotion is clear.
El círculo es un símbolo.	The circle is a symbol.
Es un símbolo sagrado.	It is a sacred symbol.
La metáfora es compleja.	The metaphor is complex.
Uso una metáfora simple.	I use a simple metaphor.
La narrativa es lenta.	The narrative is slow.
Es una narrativa oral.	It is an oral narrative.
El género es triste.	The genre is sad.
Busco un género nuevo.	I am looking for a new genre.
La ficción es divertida.	The fiction is fun.
Leo mucha ficción.	I read a lot of fiction.
Esto es no ficción.	This is non-fiction.
Prefiero la no ficción.	I prefer non-fiction.
El capitulo es largo.	The chapter is long.
Leo el primer capitulo.	I read the first chapter.
El dialogo es corto.	The dialogue is short.
No me gusta el dialogo.	I do not like the dialogue.
La audiencia aplaude mucho.	The audience applauds a lot.
Ellos requerir ayuda ahora.	They require help now.
Los trámites requerir tiempo.	The procedures require time.
Ellos consisten en tres partes.	They consist of three parts.
Las reglas consisten en esto.	The rules consist of this.
Quiero enfatizar este punto.	I want to emphasize this point.
Debemos enfatizar la calidad.	We must emphasize the quality.
Quieren establecer un plan.	They want to establish a plan.
Es difícil establecer la fecha.	It is difficult to establish the date.
Los precios pueden aumentar.	Prices can increase.
El ruido puede aumentar.	The noise can increase.
Los riesgos pueden disminuir.	The risks can decrease.
Las lluvias suelen disminuir.	The rains usually decrease.
Debemos reducir los costos.	We must reduce the costs.
Ella quiere reducir el azúcar.	She wants to reduce the sugar.
El negocio quiere expandir.	The business wants to expand.
Ellos buscan expandir el mapa.	They seek to expand the map.
No quiero desalentar el grupo.	I do not want to discourage the group.
Es triste desalentar el sueño.	It is sad to discourage the dream.
Trato de persuadir al jefe.	I try to persuade the boss.
Ella puede persuadir al cliente.	She can persuade the client.
Quiero sugerir una idea.	I want to suggest an idea.
Ellos suelen sugerir el camino.	They usually suggest the path.
Ellos suelen insistir mucho.	They usually insist a lot.
No quiero insistir más.	I do not want to insist more.
Suelo asumir el riesgo.	I usually assume the risk.
No debes asumir eso.	You should not assume that.
Tengo una estimación baja.	I have a low estimate.
La estimación es correcta.	The estimate is correct.
Puedo calcular el precio.	I can calculate the price.
Ellos saben calcular el tiempo.	They know how to calculate the time.
Debemos determinar la causa.	We must determine the cause.
Ella quiere determinar el valor.	She wants to determine the value.
Los ojos suelen reflejar miedo.	Eyes usually reflect fear.
Las aguas pueden reflejar luz.	The waters can reflect light.
Ellos quieren revelar el secreto.	They want to reveal the secret.
Debemos revelar la verdad.	We must reveal the truth.
La hipótesis es muy simple.	The hypothesis is very simple.
Tengo una hipótesis nueva.	I have a new hypothesis.
El paradigma cambió ayer.	The paradigm changed yesterday.
Es un nuevo paradigma.	It is a new paradigm.
La metodología es clara.	The methodology is clear.
Uso una metodología básica.	I use a basic methodology.
Es un fenómeno raro.	It is a rare phenomenon.
Vimos el fenómeno hoy.	We saw the phenomenon today.
No hay consenso aquí.	There is no consensus here.
Buscamos un consenso rápido.	We are looking for a quick consensus.
La correlación es débil.	The correlation is weak.
No existe una correlación.	There is no correlation.
Esta variable es fija.	This variable is fixed.
Cambio la variable ahora.	I am changing the variable now.
Sigue los criterios correctos.	Follow the correct criteria.
La justificación es lógica.	The rationale is logical.
Necesito una justificación breve.	I need a brief rationale.
El dato es empírico.	The datum is empirical.
Es un estudio empírico.	It is an empirical study.
El marco es teórico.	The framework is theoretical.
Tengo un modelo teórico.	I have a theoretical model.
La dimensión es pequeña.	The dimension is small.
Es una nueva dimensión.	It is a new dimension.
La encuesta es larga.	The survey is long.
Hago una encuesta hoy.	I am doing a survey today.
Estoy encontrando el error.	I am finding the error.
Sigo encontrando pistas.	I keep finding clues.
El conjunto de datos es grande.	The data set is large.
Uso el conjunto de datos.	I use the data set.
Las estadísticas son claras.	The statistics are clear.
Mira las estadísticas hoy.	Look at the statistics today.
Es un salto significativo.	It is a significant jump.
La relevancia es alta.	The relevance is high.
No tiene mucha relevancia.	It does not have much relevance.
La validez es dudosa.	The validity is doubtful.
Buscamos la validez total.	We seek total validity.
La confiabilidad es clave.	The reliability is key.
Es una fuente de confiabilidad.	It is a source of reliability.
El alcance es limitado.	The scope is limited.
Definimos el alcance ahora.	We define the scope now.
Es una limitación real.	It is a real limitation.
Tengo una limitación técnica.	I have a technical limitation.
No podemos extrapolar esto.	We cannot extrapolate this.
Es difícil extrapolar datos.	It is difficult to extrapolate data.
Debemos cuantificar el riesgo.	We must quantify the risk.
Quiero cuantificar los resultados.	I want to quantify the results.
Necesito sintetizar la idea.	I need to synthesize the idea.
Puedes sintetizar el texto.	You can synthesize the text.
La crítica es justa.	The critique is fair.
Hago una crítica breve.	I am making a brief critique.
Quiero examinar el caso.	I want to examine the case.
Debemos examinar la prueba.	We must examine the evidence.
Es una afirmación falsa.	It is a false assertion.
Su afirmación es correcta.	His assertion is correct.
La premisa es simple.	The premise is simple.
Cambia la premisa ahora.	Change the premise now.
Debes delegar más tareas hoy.	You must delegate more tasks today.
Es difícil delegar todo el trabajo.	It is difficult to delegate all the work.
Esto puede facilitar el proceso.	This can facilitate the process.
Quiero facilitar la comunicación.	I want to facilitate communication.
Vamos a implementar el plan.	We are going to implement the plan.
Es hora de implementar cambios.	It is time to implement changes.
Ella debe supervisar el equipo.	She must oversee the team.
Él prefiere supervisar el proyecto.	He prefers to oversee the project.
Debemos racionalizar el gasto.	We must streamline the spending.
Ayúdanos a racionalizar el flujo.	Help us streamline the flow.
Debes priorizar tus metas.	You must prioritize your goals.
Es vital priorizar la salud.	It is vital to prioritize health.
Queremos optimizar el tiempo.	We want to optimize the time.
Podemos optimizar el sistema.	We can optimize the system.
Necesitamos elaborar estrategias nuevas.	We need to develop new strategies.
Ellos saben elaborar estrategias.	They know how to develop strategies.
Quiero planear el viaje.	I want to plan the trip.
Debemos planear la reunión.	We must plan the meeting.
Puedo organizar la oficina.	I can organize the office.
Ella sabe organizar eventos.	She knows how to organize events.
Debemos coordinar la logística.	We must coordinate the logistics.
Él puede coordinar el grupo.	He can coordinate the group.
Aprendo a gestionar el tiempo.	I am learning to manage time.
Ella sabe gestionar crisis.	She knows how to manage crises.
Él sabe liderar equipos.	He knows how to lead teams.
Quieres liderar el proyecto.	You want to lead the project.
Debemos motivar al equipo.	We must motivate the team.
Palabras que pueden motivar.	Words that can motivate.
Ellos quieren inspirar confianza.	They want to inspire confidence.
Tus ideas pueden inspirar otros.	Your ideas can inspire others.
Él debe supervisar la obra.	He must supervise the work.
Ella prefiere supervisar sola.	She prefers to supervise alone.
Debemos evaluar los resultados.	We must evaluate the results.
Es tiempo de evaluar todo.	It is time to evaluate everything.
Hago una revisión rápida.	I am doing a quick review.
La revisión es necesaria.	The review is necessary.
Debemos comunicar el cambio.	We must communicate the change.
Es vital comunicar la idea.	It is vital to communicate the idea.
No puede corresponder a eso.	It cannot correspond to that.
Eso no suele corresponder.	That does not usually correspond.
Hago un seguimiento diario.	I do a daily follow-up.
Necesito el seguimiento ahora.	I need the follow-up now.
Mañana es la fecha límite.	Tomorrow is the deadline.
No olvides la fecha límite.	Do not forget the deadline.
Tengo mucha carga de trabajo.	I have a heavy workload.
Reduce tu carga de trabajo.	Reduce your workload.
El proceso es eficiente.	The process is efficient.
Eres muy eficiente hoy.	You are very efficient today.
Debemos llevar a cabo el plan.	We must carry out the plan.
El viento puede provocar fuego.	The wind can bring about fire.
No quiero provocar problemas.	I do not want to bring about problems.
Voy a mirar en la caja.	I am going to look into the box.
Ella quiere mirar en el libro.	She wants to look into the book.
No podemos posponer la cita.	We cannot put off the appointment.
Ellos deciden posponer el viaje.	They decide to put off the trip.
Debo idear un plan nuevo.	I must come up with a new plan.
Puedes idear una solución.	You can come up with a solution.
Él quiere señalar el error.	He wants to point out the error.
Ella puede señalar la salida.	She can point out the exit.
Voy a configurar el teléfono.	I am going to set up the phone.
Ayúdame a configurar el router.	Help me set up the router.
Esto no cuenta para la nota.	This does not account for the grade.
Tu esfuerzo cuenta para todo.	Your effort accounts for everything.
Debes hacer copia de seguridad hoy.	You must back up today.
Quiero hacer copia de seguridad ahora.	I want to back up now.
El coche puede descomponerse pronto.	The car can break down soon.
No quiero que llegue a descomponerse.	I do not want it to break down.
Quiero ponerse al día con ella.	I want to catch up with her.
Ellos deben ponerse al día pronto.	They must catch up soon.
Suelo encontrarse con amigos aquí.	I usually come across friends here.
Él puede encontrarse con el jefe.	He can come across the boss.
Debo reducir el consumo de sal.	I must cut down on salt.
Quieres reducir los gastos hoy.	You want to cut down on expenses today.
Debo tratar con el cliente.	I must deal with the client.
Ella sabe tratar con la gente.	She knows how to deal with people.
Ellos quieren llevarse bien con todos.	They want to get along with everyone.
Nos podemos llevarse bien con ellos.	We can get along with them.
Es difícil mantenerse al día con todo.	It is hard to keep up with everything.
Debo mantenerse al día con las noticias.	I must keep up with the news.
Ella espero con ansias el viaje.	She looks forward to the trip.
Yo espero con ansias tu respuesta.	I look forward to your answer.
Ella quiere maquillar sus ojos.	She wants to make up her eyes.
No debes maquillar tanto la cara.	You should not make up the face so much.
Podemos quedarse sin leche pronto.	We can run out of milk soon.
No quiero quedarse sin dinero.	I do not want to run out of money.
Ellos deben presentarse a las diez.	They must show up at ten.
Él no quiere presentarse hoy.	He does not want to show up today.
Tú quieres tomar después de él.	You want to take after him.
Ella suele tomar después de mamá.	She tends to take after mom.
El avión va a despegar ahora.	The plane is going to take off now.
El avión puede despegar tarde.	The plane can take off late.
La legislación es muy compleja.	The legislation is very complex.
Estudio la legislación actual.	I study the current legislation.
No es mi jurisdicción.	It is not my jurisdiction.
La jurisdicción es clara.	The jurisdiction is clear.
La enmienda es necesaria.	The amendment is necessary.
Leyeron la enmienda hoy.	They read the amendment today.
La constitución es antigua.	The constitution is old.
Respetamos la constitución.	We respect the constitution.
El veredicto es final.	The verdict is final.
Esperamos el veredicto.	We await the verdict.
El poder judicial es independiente.	The judiciary is independent.
Trabajo en el poder judicial.	I work in the judiciary.
El referéndum es el domingo.	The referendum is on Sunday.
Votamos en el referéndum.	We voted in the referendum.
La soberanía es importante.	Sovereignty is important.
Defendemos la soberanía nacional.	We defend national sovereignty.
El parlamento está lleno.	The parliament is full.
El parlamento votó ayer.	The parliament voted yesterday.
El gabinete se reúne ahora.	The cabinet is meeting now.
Es un gabinete pequeño.	It is a small cabinet.
La regulación es estricta.	The regulation is strict.
Necesitamos una nueva regulación.	We need a new regulation.
El estatuto es claro.	The statute is clear.
Leí el estatuto legal.	I read the legal statute.
La cláusula es injusta.	The clause is unfair.
Cambiamos la cláusula uno.	We changed clause one.
La provisión es limitada.	The provision is limited.
Leyeron la provisión legal.	They read the legal provision.
El demandante llegó tarde.	The plaintiff arrived late.
El demandante quiere dinero.	The plaintiff wants money.
El testimonio fue largo.	The testimony was long.
El testimonio es falso.	The testimony is false.
La apelación fue rechazada.	The appeal was rejected.
Presento una apelación hoy.	I am filing an appeal today.
Tiene una convicción fuerte.	He has a strong conviction.
La convicción fue justa.	The conviction was fair.
La sanción es severa.	The sanction is severe.
Recibió una sanción económica.	He received a financial sanction.
Ella tiene inmunidad total.	She has total immunity.
La inmunidad es temporal.	The immunity is temporary.
El candidato es joven.	The candidate is young.
Es un candidato fuerte.	He is a strong candidate.
La campaña empezó ayer.	The campaign started yesterday.
La campaña es costosa.	The campaign is expensive.
Es una circunscripción grande.	It is a large constituency.
Él representa la circunscripción.	He represents the constituency.
La moralidad es muy importante.	Morality is very important.
Su moralidad es cuestionable.	His morality is questionable.
La percepción es subjetiva.	Perception is subjective.
Cambió mi percepción del arte.	It changed my perception of art.
La doctrina es antigua.	The doctrine is old.
Siguen una doctrina estricta.	They follow a strict doctrine.
Su ideología es clara.	His ideology is clear.
No comparto esa ideología.	I do not share that ideology.
El escepticismo es útil.	Skepticism is useful.
Tengo un poco de escepticismo.	I have a little skepticism.
Es un crisis existencial.	It is an existential crisis.
El miedo existencial es real.	Existential fear is real.
Es una paradoja extraña.	It is a strange paradox.
No entiendo la paradoja.	I do not understand the paradox.
El razonamiento es lógico.	The reasoning is logical.
Usa un razonamiento simple.	He uses simple reasoning.
La sabiduría viene con tiempo.	Wisdom comes with time.
Busco la sabiduría eterna.	I seek eternal wisdom.
Es una creencia fuerte.	It is a strong belief.
Tengo una creencia diferente.	I have a different belief.
Lee el resumen ahora.	Read the abstract now.
Tengo la certeza total.	I have total certainty.
No hay certeza aquí.	There is no certainty here.
La contemplación es paz.	Contemplation is peace.
Amo la contemplación sola.	I love contemplation alone.
La existencia es un misterio.	Existence is a mystery.
Dudo de mi existencia.	I doubt my existence.
Busco el significado real.	I seek the real meaning.
Estudio la epistemología ahora.	I study epistemology now.
La epistemología es difícil.	Epinistemology is difficult.
El determinismo es complejo.	Determinism is complex.
No creo en el determinismo.	I do not believe in determinism.
Él es inteligente y además es amable.	He is intelligent and furthermore he is kind.
Ella canta y además baila muy bien.	She sings and moreover she dances very well.
No estudió y en consecuencia reprobó.	He didn't study and consequently he failed.
Llovió mucho y en consecuencia hay tráfico.	It rained a lot and accordingly there is traffic.
Él corre y de manera similar ella camina.	He runs and similarly she walks.
Yo quiero té, por el contrario él quiere café.	I want tea, conversely he wants coffee.
Primero comió y posteriormente salió.	First he ate and subsequently he left.
El hielo inevitablemente se derrite.	The ice inevitably melts.
Es posiblemente el mejor libro.	It is arguably the best book.
Tengo hambre, por lo tanto voy a comer.	I am hungry, therefore I am going to eat.
No hay pan, por lo tanto voy al mercado.	There is no bread, hence I am going to the market.
Él ahorra dinero y por lo tanto puede viajar.	He saves money and thereby he can travel.
Come ahora o de lo contrario tendrás hambre.	Eat now or otherwise you will be hungry.
Él es alto e igualmente fuerte.	He is tall and likewise strong.
El azul es bello e igualmente el rojo.	Blue is beautiful and equally red.
Me gusta el postre, especialmente el pastel.	I like dessert, especially the cake.
Me gusta el arte, particularmente la pintura.	I like art, particularly painting.
El niño creció notablemente este año.	The boy grew remarkably this year.
Sin duda ella es la jefa.	Undoubtedly she is the boss.
Presumiblemente el tren llega tarde.	Presumably the train is late.
Aparentemente no hay nadie en casa.	Apparently there is nobody at home.
Aparentemente el plan es bueno.	Seemingly the plan is good.
En última instancia, nosotros decidimos.	Ultimately, we decide.
Eventualmente todo estará bien.	Eventually everything will be fine.
Inicialmente pensé que era fácil.	Initially I thought it was easy.
Él es principalmente un profesor.	He is primarily a teacher.
Este club es exclusivamente para socios.	This club is exclusively for members.
El clima está cada vez más caliente.	The weather is increasingly hot.
El precio subió significativamente.	The price rose significantly.
El pueblo creció considerablemente.	The town grew considerably.
Es un motivo puramente profesional.	It is a purely professional motive.
Es estrictamente prohibido fumar aquí.	It is strictly forbidden to smoke here.
Él lo dijo explícitamente ayer.	He said it explicitly yesterday.
Ella lo dijo implícitamente en el texto.	She said it implicitly in the text.
El plan es integral.	The plan is comprehensive.
Busco un enfoque integral.	I am looking for a comprehensive approach.
El proceso es riguroso.	The process is rigorous.
Él es muy riguroso.	He is very rigorous.
Hay un cambio sustancial.	There is a substantial change.
El ahorro es sustancial.	The saving is substantial.
El diseño es intrincado.	The design is intricate.
Es un camino intrincado.	It is an intricate path.
El mensaje es ambiguo.	The message is ambiguous.
Es un resultado ambiguo.	It is an ambiguous result.
Ella es muy elocuente.	She is very eloquent.
El discurso fue elocuente.	The speech was eloquent.
Sé muy pragmático.	Be very pragmatic.
Él tiene un plan pragmático.	He has a pragmatic plan.
El daño es extenso.	The damage is extensive.
Es un bosque extenso.	It is an extensive forest.
Es un motivo convincente.	It is a compelling motive.
El caso es convincente.	The case is convincing.
Es un testimonio convincente.	It is a convincing testimony.
El plan es plausible.	The plan is plausible.
Es una explicación plausible.	It is a plausible explanation.
El proyecto es viable.	The project is viable.
No es una opción viable.	It is not a viable option.
El tema es contencioso.	The topic is contentious.
Es un asunto contencioso.	It is a contentious matter.
El debate es controvertido.	The debate is controversial.
Es un tema controvertido.	It is a controversial topic.
Es un cambio sutil.	It is a subtle change.
Tiene un gusto sutil.	He has a subtle taste.
El tono es consistente.	The tone is consistent.
Es un trabajo consistente.	It is consistent work.
El relato es inconsistente.	The account is inconsistent.
Es un argumento inconsistente.	It is an inconsistent argument.
El daño es aparente.	The damage is apparent.
Es un éxito aparente.	It is an apparent success.
Leo el resumen corto.	I read the short abstract.
El resumen es claro.	The abstract is clear.
Dame un ejemplo concreto.	Give me a concrete example.
El plan es concreto.	The plan is concrete.
El aviso es explícito.	The warning is explicit.
Es un acuerdo explícito.	It is an explicit agreement.
El mensaje es implícito.	The message is implicit.
Es un acuerdo implícito.	It is an implicit agreement.
El color predominante es rojo.	The predominant color is red.
Es el grupo predominante.	It is the predominant group.
Ellos quieren contender el premio.	They want to contend for the prize.
No debes contender con todos.	You should not contend with everyone.
Él suele afirmar la verdad.	He usually asserts the truth.
Ella puede afirmar su postura.	She can assert her position.
Es difícil refutar este dato.	It is difficult to refute this datum.
Él intentó refutar mi teoría.	He tried to refute my theory.
Debes fundamentar tu respuesta ahora.	You must substantiate your answer now.
Ellos van a fundamentar el plan.	They are going to substantiate the plan.
El juez puede conceder el deseo.	The judge can concede the wish.
Ella no quiso conceder el punto.	She did not want to concede the point.
Debemos estipular las reglas hoy.	We must stipulate the rules today.
El contrato suele estipular el precio.	The contract usually stipulates the price.
Me gusta formular hipótesis nuevas.	I like to hypothesize new things.
Puedes formular hipótesis sobre eso.	You can hypothesize about that.
Quiero enfatizar este punto clave.	I want to emphasize this key point.
Ella suele enfatizar los detalles.	She usually emphasizes the details.
Quiero proponer una idea nueva.	I want to propose a new idea.
Ellos van a proponer el cambio.	They are going to propose the change.
Puedo sugerir un libro bueno.	I can suggest a good book.
Ella quiere sugerir un camino.	She wants to suggest a path.
Vengo a reclamar mi maleta.	I come to claim my suitcase.
Ellos suelen reclamar sus derechos.	They usually claim their rights.
No quiero oponerse al plan.	I do not want to oppose the plan.
Ellos tienden a oponerse siempre.	They tend to oppose always.
Debo admitir que fue difícil.	I must admit that it was difficult.
Él no quiere admitir el error.	He does not want to admit the error.
Podemos concluir la reunión ahora.	We can conclude the meeting now.
Ella quiere concluir el relato.	She wants to conclude the story.
Puedes inferir la respuesta aquí.	You can infer the answer here.
Él suele inferir conclusiones rápidas.	He usually infers quick conclusions.
Esto puede implicar un riesgo.	This can imply a risk.
No quiero implicar a nadie.	I do not want to imply anyone.
Puedo deducir el resultado final.	I can deduce the final result.
Ella puede deducir la lógica.	She can deduce the logic.
No quiso aludir al pasado.	He did not want to allude to the past.
Ella suele aludir a su gato.	She usually alludes to her cat.
Esto sirve para ilustrar el punto.	This serves to illustrate the point.
Él quiere ilustrar el libro.	He wants to illustrate the book.
Esto puede ejemplificar el problema.	This can exemplify the problem.
Ella quiere ejemplificar el caso.	She wants to exemplify the case.
Debo elaborar el plan detallado.	I must elaborate the detailed plan.
Ella quiere elaborar una tarta.	She wants to elaborate a cake.
El negocio quiere expandir la red.	The business wants to expand the network.
El gas tiende a expandir rápido.	The gas tends to expand quickly.
Debes validar el código ahora.	You must validate the code now.
Ella quiere validar la cuenta.	She wants to validate the account.
Un salto significativo es bueno.	A significant jump is good.
Tengo un monto sustancial.	I have a substantial amount.
El costo es marginal.	The cost is marginal.
Es un beneficio marginal.	It is a marginal benefit.
El proceso es gradual.	The process is gradual.
El cambio fue gradual.	The change was gradual.
Los precios pueden fluctuar.	Prices can fluctuate.
Los niveles suelen fluctuar.	Levels usually fluctuate.
La meseta es alta.	The plateau is high.
Llegamos a una meseta.	We reached a plateau.
El declive fue rápido.	The decline was fast.
Vemos un declive lento.	We see a slow decline.
El precio puede aumentar.	The price can increase.
Quiero aumentar mi ahorro.	I want to increase my savings.
El riesgo debe disminuir.	The risk must decrease.
El nivel va a disminuir.	The level is going to decrease.
Hubo una oleada de calor.	There was a heat wave.
Una oleada de gente llegó.	A surge of people arrived.
Los precios pueden caer en picado.	Prices can plummet.
Vimos caer en picado el valor.	We saw the value plummet.
El precio debe estabilizar.	The price must stabilize.
Es hora de estabilizar.	It is time to stabilize.
El agua debe nivelar.	The water must level off.
Debemos nivelar la base.	We must level off the base.
La inmersión fue corta.	The dip was short.
Hice una inmersión rápida.	I took a quick dip.
Ellos superan en número a nosotros.	They outnumber us.
Las mujeres superan en número hoy.	Women outnumber today.
La proporción es correcta.	The proportion is correct.
Es una proporción pequeña.	It is a small proportion.
El porcentaje es bajo.	The percentage is low.
Busco un porcentaje mayor.	I am looking for a higher percentage.
Mira las estadísticas reales.	Look at the real statistics.
Es una estimación baja.	It is a low estimate.
Hice una estimación rápida.	I made a quick estimate.
Llegamos aproximadamente a las diez.	We arrive approximately at ten.
Es aproximadamente un kilo.	It is approximately one kilo.
Tengo aproximadamente diez libros.	I have roughly ten books.
Cuesta aproximadamente cien pesos.	It costs roughly one hundred pesos.
No debe exceder el límite.	It must not exceed the limit.
Puede exceder la meta.	It can exceed the goal.
Eso cuenta para el total.	That accounts for the total.
Ella cuenta para el equipo.	She accounts for the team.
El frío baja gradualmente.	The cold drops gradually.
Mejoro gradualmente cada día.	I improve gradually every day.
El precio sube constantemente.	The price rises steadily.
Ella lee constantemente.	She reads steadily.
El precio bajó bruscamente.	The price dropped sharply.
El clima cambió bruscamente.	The weather changed sharply.
Todo cambió dramáticamente.	Everything changed dramatically.
El plan mejoró dramáticamente.	The plan improved dramatically.
El precio es notablemente alto.	The price is noticeably high.
Es notablemente más grande.	It is noticeably larger.
En general, todo está bien.	Overall, everything is fine.
Es bueno en general.	It is good overall.
Él lee mientras que ella escribe.	He reads while she writes.
Yo como mientras que tú bebes.	I eat while you drink.
Él mintió, por lo cual perdió todo.	He lied, whereby he lost everything.
No hay agua, por lo cual tengo sed.	There is no water, whereby I am thirsty.
Llueve, por lo tanto no voy.	It is raining, hence I am not going.
Es tarde, por lo tanto debo dormir.	It is late, hence I must sleep.
Él es amable, igualmente ella también.	He is kind, likewise she is too.
Ella estudia, igualmente él estudia.	She studies, likewise he studies.
Él es rico, por el contrario ella es pobre.	He is rich, conversely she is poor.
Yo quiero pan, mientras que él no.	I want bread, whereas he does not.
Es posiblemente la mejor opción.	It is arguably the best option.
Él es inteligente, además es muy trabajador.	He is intelligent, furthermore he is hardworking.
Tengo hambre, además tengo sed.	I am hungry, furthermore I am thirsty.
No hay pan, además no hay leche.	There is no bread, moreover there is no milk.
Estudio mucho, por lo tanto apruebo.	I study a lot, therefore I pass.
Llegué tarde, por lo tanto pido perdón.	I arrived late, therefore I apologize.
No estudió, en consecuencia reprobó.	He did not study, consequently he failed.
Hizo frío, en consecuencia usé abrigo.	It was cold, consequently I used a coat.
La ley cambió, en consecuencia actuamos.	The law changed, accordingly we acted.
Él gritó, en consecuencia yo respondí.	He shouted, accordingly I responded.
Ella canta, de manera similar él baila.	She sings, similarly he dances.
Ella lee, de manera similar él escribe.	She reads, similarly he writes.
Tú eres importante, igualmente yo también.	You are important, equally I am too.
Ella es alta, igualmente él es alto.	She is tall, equally he is tall.
El sol brilla, en contraste la luna es fría.	The sun shines, in contrast the moon is cold.
Él es lento, en contraste ella es rápida.	He is slow, in contrast she is fast.
No es rojo, por el contrario es azul.	It is not red, on the contrary it is blue.
No estoy triste, por el contrario estoy feliz.	I am not sad, on the contrary I am happy.
Me gusta el mar, por otro lado amo la montaña.	I like the sea, on the other hand I love the mountain.
Es caro, por otro lado es muy bueno.	It is expensive, on the other hand it is very good.
Comió mucho, como resultado se siente mal.	He ate a lot, as a result he feels bad.
Llovió mucho, como resultado hay inundaciones.	It rained a lot, as a result there are floods.
Tengo frutas, por ejemplo manzanas.	I have fruits, for instance apples.
Ella estudia idiomas, por ejemplo francés.	She studies languages, for instance French.
Uso colores, por ejemplo rojo y azul.	I use colors, for example red and blue.
Él juega deportes, por ejemplo tenis.	He plays sports, for example tennis.
Él es músico, además es poeta.	He is a musician, in addition he is a poet.
Tengo un perro, además tengo un gato.	I have a dog, in addition I have a cat.
Para resumir, el libro es corto.	To sum up, the book is short.
Para resumir, el plan falló.	To sum up, the plan failed.
En conclusión, ganamos el juego.	In conclusion, we won the game.
En conclusión, el viaje terminó.	In conclusion, the trip ended.
En última instancia, él decidió quedar.	Ultimately, he decided to stay.
En última instancia, el precio subió.	Ultimately, the price went up.
Evidentemente, ella tiene razón.	Evidently, she is right.
Evidentemente, el gato tiene hambre.	Evidently, the cat is hungry.
Innegablemente, el sol es caliente.	Undeniably, the sun is hot.
Innegablemente, ella es la jefa.	Undeniably, she is the boss.
Aparentemente, el coche no funciona.	Seemingly, the car does not work.
Aparentemente, él está cansado.	Seemingly, he is tired.
Presumiblemente, él llegará tarde.	Presumably, he.
Debemos dilucidar el misterio pronto.	We must elucidate the mystery soon.
Él quiere dilucidar los hechos.	He wants to elucidate the facts.
Puedo corroborar tu historia.	I can corroborate your story.
Ellos van a corroborar los datos.	They are going to corroborate the data.
No es fácil extrapolar estos resultados.	It is not easy to extrapolate these results.
Ella sabe extrapolar la tendencia.	She knows how to extrapolate the trend.
Necesito sintetizar la información.	I need to synthesize the information.
Él puede sintetizar el reporte.	He can synthesize the report.
Debes delinear el plan ahora.	You must delineate the plan now.
Ella quiere delinear los límites.	She wants to delineate the limits.
La lluvia puede precipitar la caída.	The rain can precipitate the fall.
No queremos precipitar la decisión.	We do not want to precipitate the decision.
Debemos mitigar el riesgo.	We must mitigate the risk.
El plan busca mitigar el daño.	The plan seeks to mitigate the damage.
No quieres exacerbar el problema.	You do not want to exacerbate the problem.
El ruido puede exacerbar el dolor.	The noise can exacerbate the pain.
Quiero determinar la causa exacta.	I want to ascertain the exact cause.
Él debe determinar el precio.	He must ascertain the price.
El postulado es muy simple.	The postulate is very simple.
Ella aceptó el postulado nuevo.	She accepted the new postulate.
El juez debe adjudicar el premio.	The judge must adjudicate the prize.
Ellos van a adjudicar los fondos.	They are going to adjudicate the funds.
Quieren amalgamar los dos estilos.	They want to amalgamate the two styles.
Podemos amalgamar estas ideas.	We can amalgamate these ideas.
El calor puede catalizar la reacción.	The heat can catalyze the reaction.
Él quiere catalizar el cambio.	He wants to catalyze the change.
Él intentó eludir la pregunta.	He tried to circumvent the question.
No puedes eludir tu responsabilidad.	You cannot circumvent your responsibility.
No debes combinar los dos conceptos.	You should not conflate the two concepts.
Es fácil combinar los colores.	It is easy to conflate the colors.
Puedes interpretar el texto así.	You can construe the text this way.
Ella sabe interpretar el silencio.	She knows how to construe the silence.
Debemos descifrar el código antiguo.	We must decipher the ancient code.
Él quiere descifrar el mensaje.	He wants to decipher the message.
Ella suele escudriñar cada detalle.	She usually scrutinizes every detail.
Debes escudriñar el documento bien.	You must scrutinize the document well.
Ellos suelen desaprobar esa actitud.	They usually deprecate that attitude.
No quiero desaprobar tu idea.	I do not want to deprecate your idea.
No es bueno menospreciar el esfuerzo.	It is not good to disparage the effort.
Él tiende a menospreciar el arte.	He tends to disparage art.
Debemos difundir la noticia ya.	We must disseminate the news now.
Ella quiere difundir el mensaje.	She wants to disseminate the message.
Puedes encapsular la idea aquí.	You can encapsulate the idea here.
Él sabe encapsular el concepto.	He knows how to encapsulate the concept.
Debes enumerar los ingredientes.	You must enumerate the ingredients.
Ella puede enumerar los errores.	She can enumerate the errors.
Necesito acelerar el proceso.	I need to expedite the process.
Ellos quieren acelerar la entrega.	They want to expedite the delivery.
Puedes yuxtaponer las dos imágenes.	You can juxtapose the two images.
Él quiere yuxtaponer los contrastes.	He wants to juxtapose the contrasts.
Ellos buscan legitimar el proceso.	They seek to legitimize the process.
Debemos legitimar el nuevo mando.	We must legitimize the new command.
Esto puede perpetuar el error.	This could perpetuate the error.
Él quiere perpetuar el legado.	He wants to perpetuate the legacy.
Debo reiterar mi punto.	I must reiterate my point.
Ella quiere reiterar la invitación.	She wants to reiterate the invitation.
Debemos estipular las reglas.	We must stipulate the rules.
Ellos van a estipular el precio.	They are going to stipulate the price.
Suelo suponer que es verdad.	I usually surmise that it is true.
No debes suponer nada.	You should not surmise anything.
El amor puede trascender el tiempo.	Love can transcend time.
El correo usa un guión bajo.	The email uses an underscore.
Pon un guión bajo aquí.	Put an underscore here.
Él quiere desenmarañar el hilo.	He wants to unravel the thread.
Es difícil desenmarañar el nudo.	It is difficult to unravel the knot.
No debes vilipendiar al artista.	You must not vilify the artist.
Ellos suelen vilipendiar al líder.	They usually vilify the leader.
Ella quiere reivindicar su derecho.	She wants to vindicate her right.
El grupo busca reivindicar la verdad.	The group seeks to vindicate the truth.
Es una espada de doble filo.	It is a double-edged sword.
Usa una espada de doble filo.	Use a double-edged sword.
Busco el quid de la cuestión.	I am looking for the crux of the matter.
Es el quid de la cuestión.	It is the crux of the matter.
Es un punto discutible ahora.	It is a moot point now.
No es un punto discutible.	It is not a moot point.
Es bueno a largo plazo.	It is good in the long run.
Mira a largo plazo.	Look in the long run.
Es así por la misma razón.	It is so by the same token.
Hago esto por la misma razón.	I do this by the same token.
Fue a expensas de todo.	It was at the expense of everything.
Vivo a expensas de otros.	I live at the expense of others.
Cocina con una pizca de sal.	Cook with a pinch of salt.
Tómalo con una pizca de sal.	Take it with a pinch of salt.
Quiero jugar al abogado del diablo.	I want to play devil's advocate.
Suele jugar al abogado del diablo.	He usually plays devil's advocate.
Debemos estar en la misma pagina.	We must be on the same page.
Tengo que morder la bala.	I have to bite the bullet.
Es hora de morder la bala.	It is time to bite the bullet.
Voy para quemar el aceite de medianoche.	I go to burn the midnight oil.
Sigue para quemar el aceite de medianoche.	Keep burning the midnight oil.
Es hora para trazar la línea.	It is time to draw the line.
Vengo para trazar la línea aquí.	I come to draw the line here.
Viene para estar atento al bebé.	He comes to keep an eye on the baby.
Necesito para estar atento al gato.	I need to keep an eye on the cat.
No debes dejar salir al gato de la bolsa.	You must not let the cat out of the bag.
Voy a dejar salir al gato de la bolsa.	I am going to let the cat out of the bag.
Suele darlo por sentado siempre.	He usually takes it for granted always.
No debes darlo por sentado.	You must not take it for granted.
Suele hacer la vista gorda.	He usually turns a blind eye.
No quiero hacer la vista gorda.	I do not want to turn a blind eye.
Parece estar sobre hielo fino.	He seems to be on thin ice.
No quieres estar sobre hielo fino.	You do not want to be on thin ice.
Puede costar un brazo y una pierna.	It can cost an arm and a leg.
Va a costar un brazo y una pierna.	It is going to cost an arm and a leg.
Suele tener un cambio de opinión.	He usually has a change of heart.
Quiero tener un cambio de opinión.	I want to have a change of heart.
Ella parece estar sobre la luna.	She seems to be over the moon.
Quiero estar sobre la luna.	I want to be over the moon.
Es bueno para verse cara a cara.	It is good to see eye to eye.
Quiero para verse cara a cara.	I want to see eye to eye.
No quiere sentarse en la valla.	He does not want to sit on the fence.
Suele sentarse en la valla.	He usually sits on the fence.
No quiere derramar los frijoles.	He does not want to spill the beans.
Ella va a derramar los frijoles.	She is going to spill the beans.
Parece estar bajo el clima hoy.	He seems to be under the weather today.
No quiero estar bajo el clima.	I do not want to be under the weather.
Es bueno para romper el hielo.	It is good to break the ice.
Quiero para romper el hielo ahora.	I want to break the ice now.
Es bueno para dar en el clavo.	It is good to hit the nail on the head.
Puedes para dar en el clavo.	You can hit the nail on the head.
No quiero tirarle la pierna a alguien.	I do not want to pull someone's leg.
Suele tirarle la pierna a alguien.	He usually pulls someone's leg.
En conclusión, el libro es bueno.	In conclusion, the book is good.
En conclusión, no hay tiempo.	In conclusion, there is no time.
Para resumir, la historia terminó.	To sum up, the story ended.
Para resumir, necesito más agua.	To sum up, I need more water.
En equilibrio, todo está bien.	On balance, everything is fine.
El precio está en equilibrio.	The price is on balance.
En esencia, somos iguales.	In essence, we are the same.
Es simple en esencia.	It is simple in essence.
Además, tengo un perro.	In addition, I have a dog.
Además, hace frío hoy.	In addition, it is cold today.
En contraste, ella es alta.	In contrast, she is tall.
El color es rojo en contraste.	The color is red in contrast.
No es así, por el contrario.	It is not so, on the contrary.
Por el contrario, yo prefiero té.	On the contrary, I prefer tea.
En otras palabras, es difícil.	In other words, it is difficult.
Dilo en otras palabras, por favor.	Say it in other words, please.
Como el sol, por ejemplo.	Like the sun, for instance.
Por ejemplo, me gusta el pan.	For instance, I like bread.
Como resultado, el gato saltó.	As a result, the cat jumped.
Ganamos como resultado del juego.	We won as a result of the game.
En primer lugar, leo el libro.	In the first place, I read the book.
En primer lugar, abre la puerta.	In the first place, open the door.
En segundo lugar, tomo café.	In the second place, I drink coffee.
En segundo lugar, ella llegó.	In the second place, she arrived.
Por último, cerramos la tienda.	Lastly, we closed the store.
Por último, el tren llegó.	Lastly, the train arrived.
En segundo lugar, el perro ladra.	Secondly, the dog barks.
En segundo lugar, el cielo es azul.	Secondly, the sky is blue.
En tercer lugar, el gato duerme.	Thirdly, the cat sleeps.
En tercer lugar, como una manzana.	Thirdly, I eat an apple.
Él habló y ella a su vez respondió.	He spoke and she in turn responded.
A su vez, el tiempo pasa.	In turn, time passes.
Por el contrario, el agua es fría.	By contrast, the water is cold.
Por el contrario, no quiero ir.	By contrast, I do not want to go.
En comparación, este es más grande.	In comparison, this one is larger.
Es pequeño en comparación.	It is small in comparison.
Por un lado, es caro.	On the one hand, it is expensive.
Por un lado, el día es largo.	On the one hand, the day is long.
Por otro lado, es muy bonito.	On the other hand, it is very pretty.
Por otro lado, no hay comida.	On the other hand, there is no food.
En lugar de té, quiero agua.	Instead of tea, I want water.
Camina en lugar de correr.	Walk instead of running.
Alternativamente, podemos ir al cine.	Alternatively, we can go to the cinema.
Alternativamente, usa el color azul.	Alternatively, use the blue color.
No estudié, por lo tanto reprobé.	I didn't study, therefore I failed.
Hace frío, por lo tanto uso abrigo.	It is cold, therefore I wear a coat.
En consecuencia, el perro corrió.	Consequently, the dog ran.
En consecuencia, ella no vino.	Consequently, she did not come.
Es tarde, por lo tanto duermo.	It is late, hence I sleep.
No hay pan, por lo tanto compro.	There is no bread, hence I buy.
Estudió mucho, por lo tanto ganó.	He studied a lot, thereby he won.
Usa el mapa, por lo tanto llega.	Use the map, thereby arrive.
El artista es notablemente joven.	The artist is notably young.
Es notablemente más rápido.	He is notably faster.
Comemos principalmente frutas.	We eat chiefly fruits.
Es principalmente un problema de tiempo.	It is chiefly a time problem.
El mensaje es inequívoco.	The message is unequivocal.
Es un éxito inequívoco.	It is an unequivocal success.
El dato es irrefutable.	The data is irrefutable.
La prueba es irrefutable.	The proof is irrefutable.
La luz es muy tenue.	The light is very tenuous.
Es un vínculo tenue.	It is a tenuous bond.
El riesgo es inherente.	The risk is inherent.
Es un valor inherente.	It is an inherent value.
El ruido es omnipresente.	The noise is ubiquitous.
Dios es omnipresente.	God is ubiquitous.
El orden es primordial.	Order is paramount.
Es un tema primordial.	It is a paramount theme.
El daño es insignificante.	The damage is negligible.
Es un costo insignificante.	It is a negligible cost.
El plan es viable.	The plan is viable.
Es un líder convincente.	He is a cogent leader.
El vidrio es opaco.	The glass is opaque.
El color es opaco.	The color is opaque.
El miedo es omnipresente.	The fear is pervasive.
El olor es omnipresente.	The smell is pervasive.
El autor es prolífico.	The author is prolific.
Es un artista prolífico.	He is a prolific artist.
El gasto es superfluo.	The expense is superfluous.
Es un detalle superfluo.	It is a superfluous detail.
Ella es muy resiliente.	She is very resilient.
Es un pueblo resiliente.	It is a resilient people.
El sistema es robusto.	The system is robust.
Tiene un cuerpo robusto.	He has a robust body.
Está escudriñando el mapa.	He is scrutinizing the map.
Sigo escudriñando la escena.	I continue scrutinizing the scene.
El amor es intangible.	Love is intangible.
Es un activo intangible.	It is an intangible asset.
El palacio es opulento.	The palace is opulent.
Es un estilo opulento.	It is an opulent style.
El monje es austero.	The monk is austere.
Es un paisaje austero.	It is an austere landscape.
Es un hombre sin escrúpulos.	He is an unscrupulous man.
Ella es sin escrúpulos.	She is unscrupulous.
Debemos discernir la verdad.	We must discern the truth.
Es difícil discernir la diferencia.	It is difficult to discern the difference.
El hecho es incontrovertible.	The fact is incontrovertible.
Es una verdad incontrovertible.	It is an incontrovertible truth.
Su récord es impecable.	His record is impeccable.
Tiene un gusto impecable.	She has impeccable taste.
El diamante es impecable.	The diamond is flawless.
Su ejecución fue impecable.	Her execution was flawless.
El juez es sagaz.	The judge is sagacious.
Es un hombre sagaz.	He is a sagacious man.
Él es muy circunspecto.	He is very circumspect.
Es un líder circunspecto.	He is a circumspect leader.
Tu implicación es muy importante.	Your implication is very important.
Busco una implicación clara.	I am looking for a clear implication.
La viabilidad del plan es baja.	The feasibility of the plan is low.
Estudio la viabilidad del proyecto.	I am studying the feasibility of the project.
La sostenibilidad es la clave.	Sustainability is the key.
Queremos más sostenibilidad ambiental.	We want more environmental sustainability.
La prevalencia del virus aumentó.	The prevalence of the virus increased.
Hay una prevalencia alta aquí.	There is a high prevalence here.
Hay una discrepancia en los datos.	There is a discrepancy in the data.
No acepto esa discrepancia.	I do not accept that discrepancy.
Tu discurso tiene coherencia.	Your speech has coherence.
Busco la coherencia del texto.	I am looking for the coherence of the text.
La validez del documento expiró.	The validity of the document expired.
¿Tiene validez este pasaporte?	Does this passport have validity?
La confiabilidad del equipo es buena.	The reliability of the team is good.
Dudo de su confiabilidad.	I doubt their reliability.
La magnitud del sismo fue alta.	The magnitude of the earthquake was high.
No entiendo la magnitud.	I do not understand the magnitude.
Él tiene una propensión al riesgo.	He has a propensity for risk.
La propensión varía según la edad.	The propensity varies by age.
Eso es solo una conjetura.	That is only a conjecture.
No baso mi idea en una conjetura.	I do not base my idea on a conjecture.
La postulación es muy interesante.	The postulation is very interesting.
Leo tu postulación científica.	I am reading your scientific postulation.
Usa un criterio estricto.	Use a strict criterion.
El criterio es muy simple.	The criterion is very simple.
Es un nuevo paradigma social.	It is a new social paradigm.
Cambiamos el paradigma actual.	We are changing the current paradigm.
El dogma es muy antiguo.	The dogma is very old.
No sigo ese dogma.	I do not follow that dogma.
La hegemonía cultural terminó.	The cultural hegemony ended.
Él busca la hegemonía política.	He seeks political hegemony.
El subsidio es para granjeros.	The subsidy is for farmers.
Recibí un subsidio estatal.	I received a state subsidy.
La tarifa es muy alta.	The tariff is very high.
Pagamos la tarifa del puerto.	We paid the port tariff.
La infraestructura es vieja.	The infrastructure is old.
Necesitamos mejor infraestructura.	We need better infrastructure.
La demografía de la ciudad cambió.	The demographics of the city changed.
Estudio la demografía local.	I study the local demographics.
La asignación de fondos falló.	The allocation of funds failed.
Espero mi asignación de tareas.	I await my allocation of tasks.
La atribución del cuadro es dudosa.	The attribution of the painting is doubtful.
Es una atribución incorrecta.	It is an incorrect attribution.
Busco la corroboración del dato.	I am looking for the corroboration of the data.
La corroboración fue rápida.	The corroboration was fast.
La autenticidad es difícil de probar.	Authenticity is hard to prove.
Dudo de la autenticidad.	I doubt the authenticity.
Tu credibilidad es baja.	Your credibility is low.
La credibilidad es fundamental.	Credibility is fundamental.
La verificación toma tiempo.	The verification takes time.
Hice la verificación ayer.	I did the verification yesterday.
La justificación es insuficiente.	The rationale is insufficient.
Dame una justificación lógica.	Give me a logical rationale.
La inferencia es errónea.	The inference is erroneous.
Hice una inferencia simple.	I made a simple inference.
Tu deducción es correcta.	Your deduction is correct.
Llegué a una deducción lógica.	I reached a logical deduction.
Llegamos a un consenso.	We reached a consensus.
No hay consenso hoy.	There is no consensus today.
Hay una divergencia de ideas.	There is a divergence of ideas.
Noté una divergencia clara.	I noticed a clear divergence.
La convergencia es evidente.	The convergence is evident.
Busco la convergencia de datos.	I am looking for the convergence of data.
Es una manifestación de arte.	It is a manifestation of art.
Fue una manifestación pacífica.	It was a peaceful manifestation.
Es la culminación del esfuerzo.	It is the culmination of the effort.
La culminación fue gloriosa.	The culmination was glorious.
