Schön dich kennenzulernen, Max!	Nice to meet you, Max!
Schön dich kennenzulernen, Anna!	Nice to meet you, Anna!
Hallo, Fräulein Schmidt!	Hello, Miss Schmidt!
Wo ist das Fräulein?	Where is the miss?
Ich wünsche dir einen schönen Tag!	I wish you a nice day!
Ich wünsche dir einen schönen Tag, Tim!	I wish you a nice day, Tim!
Ich bin sechzehn Jahre alt.	I am sixteen years old.
Es kostet sechzehn Euro.	It costs sixteen euros.
Ich habe einundzwanzig Bücher.	I have twenty-one books.
Sie ist einundzwanzig Jahre alt.	She is twenty-one years old.
Das kostet neunzig Cent.	That costs ninety cents.
Er ist neunzig Jahre alt.	He is ninety years old.
Das kostet ein Tausend Euro.	That costs one thousand euros.
Ich sehe ein Tausend Sterne.	I see a thousand stars.
Das ist zweitens wichtig.	That is secondly important.
Zweitens ist es zu teuer.	Secondly, it is too expensive.
Er ist der Dritter Gast.	He is the third guest.
Das ist der Dritter Tag.	That is the third day.
Das ist der Vierter Stock.	That is the fourth floor.
Er ist der Vierter Läufer.	He is the fourth runner.
Der Fünfter Tag ist heute.	The fifth day is today.
Das ist der Fünfter Monat.	That is the fifth month.
Das ist der Sechster Platz.	That is the sixth place.
Er ist der Sechster Schüler.	He is the sixth student.
Ich bin der siebter Gast.	I am the seventh guest.
Das ist der siebter Tag.	That is the seventh day.
Das ist der Achter Platz.	That is the eighth place.
Er ist der Achter Mann.	He is the eighth man.
Das ist der neunter Tag.	That is the ninth day.
Sie ist die neunter Person.	She is the ninth person.
Das ist ein Zehntel davon.	That is a tenth of it.
Ich nehme ein Zehntel.	I take a tenth.
Am Nachmittag trinke ich Tee.	In the afternoon I drink tea.
Der Nachmittag ist sehr warm.	The afternoon is very warm.
Zweitens ist das Auto rot.	Secondly, the car is red.
Zweitens kommen wir nach Hause.	Secondly, we come home.
Die Saison beginnt im Mai.	The season begins in May.
Es ist eine schöne Saison.	It is a beautiful season.
Dienstag ist ein guter Tag.	Tuesday is a good day.
Wir treffen uns am Dienstag.	We are meeting on Tuesday.
Meine Großmutter ist sehr alt.	My grandmother is very old.
Ich liebe meine Großmutter.	I love my grandmother.
Meine Großeltern wohnen in Berlin.	My grandparents live in Berlin.
Besuchen wir die Großeltern?	Are we visiting the grandparents?
Sie ist eine liebe Enkelin.	She is a dear granddaughter.
Die Enkelin spielt im Garten.	The granddaughter is playing in the garden.
Er ist mein bester Freund.	He is my best friend.
Mein bester Freund heißt Max.	My best friend is named Max.
Das ist relativ einfach.	That is relatively easy.
Der Weg ist relativ kurz.	The path is relatively short.
Hast du viele Geschwister?	Do you have many siblings?
Meine Geschwister sind jung.	My siblings are young.
Die Mango ist süß.	The mango is sweet.
Ich esse eine Mango.	I am eating a mango.
Die Mahlzeit war gut.	The meal was good.
Das ist eine leichte Mahlzeit.	That is a light meal.
Mein Kinn ist klein.	My chin is small.
Das Kinn tut weh.	The chin hurts.
Mein Ellenbogen ist rot.	My elbow is red.
Wo ist dein Ellenbogen?	Where is your elbow?
Mein Knöchel ist blau.	My ankle is blue.
Das ist ein kleiner Knöchel.	That is a small ankle.
Der Knochen ist hart.	The bone is hard.
Ein Knochen ist hier.	A bone is here.
Das Schlafzimmer ist sehr groß.	The bedroom is very large.
Wo ist dein Schlafzimmer?	Where is your bedroom?
Die Treppen sind alt.	The stairs are old.
Ich gehe die Treppen hoch.	I go up the stairs.
Das Kissen ist weich.	The pillow is soft.
Ich habe ein Kissen.	I have a pillow.
Der Kleiderschrank ist voll.	The wardrobe is full.
Hier ist der Kleiderschrank.	Here is the wardrobe.
Der Büffel ist groß.	The buffalo is big.
Ein Büffel frisst Gras.	A buffalo eats grass.
Der Truthahn ist laut.	The turkey is loud.
Ich sehe einen Truthahn.	I see a turkey.
Der Frosch ist grün.	The frog is green.
Ein Frosch springt.	A frog jumps.
Der Adler fliegt hoch.	The eagle flies high.
Das ist ein Adler.	That is an eagle.
Wo ist der Radiergummi?	Where is the eraser?
Der Radiergummi ist klein.	The eraser is small.
Der Herrscher ist alt.	The ruler is old.
Das ist ein Herrscher.	That is a ruler.
Wir testen das Auto.	We are testing the car.
Sie wollen testen.	They want to test.
Er ist ein Arbeiter.	He is a worker.
Der Arbeiter ist hier.	The worker is here.
Siehe die Karte.	See the map.
Siehe die Seite zehn.	See page ten.
Zieh dich an, wir gehen jetzt.	Get dressed, we are going now.
Bitte zieh dich an.	Please get dressed.
Der Pinsel ist sehr klein.	The brush is very small.
Wo ist mein Pinsel?	Where is my brush?
Die Rückkehr erfolgt morgen.	The return happens tomorrow.
Wann ist die Rückkehr?	When is the return?
Geh ins Bett, es ist spät.	Go to bed, it is late.
Bitte geh ins Bett.	Please go to bed.
Welcher Wochentag ist heute?	Which weekday is today?
Montag ist ein Wochentag.	Monday is a weekday.
Der Berg ist verschneit.	The mountain is snowy.
Ein verschneiter Weg ist schön.	A snowy path is beautiful.
Der Regenbogen ist sehr bunt.	The rainbow is very colorful.
Siehst du den Regenbogen?	Do you see the rainbow?
Die Prognose ist heute schlecht.	The forecast is bad today.
Ich lese die Prognose.	I am reading the forecast.
Die Saison beginnt jetzt.	The season begins now.
Es ist eine neue Saison.	It is a new season.
Ein Einfrieren kann passieren.	A freezing can happen.
Das Einfrieren dauert lange.	The freezing takes a long time.
Der Shop ist klein.	The shop is small.
Ich suche den Shop.	I am looking for the shop.
Bitte speichern Sie das Dokument.	Please save the document.
Kann ich das speichern?	Can I save this?
Der Supermarkt ist voll.	The supermarket is full.
Wo ist der Supermarkt?	Where is the supermarket?
Das Einkaufszentrum ist groß.	The mall is big.
Wir gehen zum Einkaufszentrum.	We are going to the mall.
Ich möchte kein Geld ausgeben.	I do not want to spend money.
Wie viel wollen Sie ausgeben?	How much do you want to spend?
Der Trolley ist leer.	The trolley is empty.
Nehmen Sie einen Trolley.	Take a trolley.
Die Rückkehr ist morgen.	The return is tomorrow.
Die Stimmung ist gut.	The mood is good.
Ich mag diese Stimmung.	I like this mood.
Die Emotion ist stark.	The emotion is strong.
Das ist eine Emotion.	That is an emotion.
Fotografie ist mein Hobby.	Photography is my hobby.
Ich liebe die Fotografie.	I love photography.
Die Klinik ist sehr groß.	The clinic is very large.
Wo ist die Klinik?	Where is the clinic?
Die Kontrolluntersuchung dauert kurz.	The check-up lasts a short time.
Wann ist die Kontrolluntersuchung?	When is the check-up?
Ich brauche ein Rezept.	I need a prescription.
Das Rezept ist fertig.	The prescription is ready.
Der Impfstoff ist hier.	The vaccine is here.
Ist der Impfstoff neu?	Is the vaccine new?
Die Moschee ist groß.	The mosque is large.
Wo ist die Moschee?	Where is the mosque?
Der Shop ist offen.	The shop is open.
Ich gehe in den Shop.	I am going into the shop.
Der Tisch ist quadratisch.	The table is square.
Das Bild ist quadratisch.	The picture is square.
Die Plattform ist sehr groß.	The platform is very large.
Wo ist die Plattform?	Where is the platform?
Ein Passagier wartet hier.	A passenger is waiting here.
Der Passagier ist spät.	The passenger is late.
Der Verkehr ist heute schlecht.	The traffic is bad today.
Ich hasse den Verkehr.	I hate the traffic.
Die Route ist sehr lang.	The route is very long.
Das ist eine neue Route.	That is a new route.
Guten Tag, Fräulein Schmidt.	Good day, Miss Schmidt.
Ist das Fräulein hier?	Is the miss here?
Die Züge abfahren jetzt.	The trains depart now.
Wann wird der Zug abfahren?	When will the train depart?
Die Verzögerung ist kurz.	The delay is short.
Es gibt eine Verzögerung.	There is a delay.
Meine Karriere ist sehr wichtig.	My career is very important.
Sie plant ihre Karriere.	She is planning her career.
Die Frist ist morgen.	The deadline is tomorrow.
Wir haben eine kurze Frist.	We have a short deadline.
Die Förderung ist gut.	The promotion is good.
Er braucht mehr Förderung.	He needs more promotion.
Ich bewerben mich heute.	I apply today.
Sie bewerben sich bald.	They apply soon.
Die Ausbildung dauert drei Jahre.	The training lasts three years.
Ich beginne meine Ausbildung.	I am starting my training.
Seine Geschicklichkeit ist beeindruckend.	His skill is impressive.
Sie hat viel Geschicklichkeit.	She has a lot of skill.
Das ist eine große Verantwortung.	That is a big responsibility.
Ich übernehme die Verantwortung.	I take the responsibility.
Mein Arbeitsplatz ist klein.	My workplace is small.
Wo ist dein Arbeitsplatz?	Where is your workplace?
Sie wollen in den Ruhestand gehen.	They want to retire.
Wann werden Sie in den Ruhestand gehen?	When will you retire?
Das ist eine tolle Leistung.	That is a great achievement.
Seine Leistung war sehr hoch.	His achievement was very high.
Er ist ein guter Mitarbeiter.	He is a good employee.
Wir suchen einen neuen Mitarbeiter.	We are looking for a new employee.
Mein Arbeitgeber ist fair.	My employer is fair.
Wer ist dein Arbeitgeber?	Who is your employer?
Das ist eine gute Gelegenheit.	That is a good opportunity.
Ich nutze diese Gelegenheit.	I am using this opportunity.
Seine Geschicklichkeit ist wirklich beeindruckend.	His skill is really impressive.
Sie braucht mehr Geschicklichkeit für das Spiel.	She needs more skill for the game.
Der Aufsatz ist sehr lang.	The essay is very long.
Ich schreibe einen Aufsatz.	I am writing an essay.
Der Vortrag beginnt jetzt.	The lecture begins now.
Ihr Vortrag war sehr gut.	Her lecture was very good.
Er ist ein junger Absolvent.	He is a young graduate.
Der Absolvent bekommt ein Zertifikat.	The graduate gets a certificate.
Das Stipendium hilft mir sehr.	The scholarship helps me a lot.
Sie bewirbt sich um ein Stipendium.	She is applying for a scholarship.
Die Forschung dauert viele Jahre.	The research takes many years.
Neue Forschung ist sehr wichtig.	New research is very important.
Mein Nachhilfelehrer ist sehr geduldig.	My tutor is very patient.
Wir suchen einen guten Nachhilfelehrer.	We are looking for a good tutor.
Der Campus ist sehr groß.	The campus is very large.
Wir treffen uns auf dem Campus.	We are meeting on the campus.
Ich muss die Vokabeln auswendig lernen.	I must memorize the vocabulary.
Kannst du das Gedicht auswendig lernen?	Can you memorize the poem?
Die Kultur ist sehr alt.	The culture is very old.
Ich liebe die deutsche Kultur.	I love the German culture.
Das ist eine alte Tradition.	That is an old tradition.
Wir bewahren die Tradition.	We preserve the tradition.
Das Souvenir ist klein.	The souvenir is small.
Ich kaufe ein Souvenir.	I am buying a souvenir.
Das Bier ist lokal.	The beer is local.
Wir essen lokal.	We eat local.
Wo ist mein Reisepass?	Where is my passport?
Der Reisepass ist rot.	The passport is red.
Das ist ein Wahrzeichen.	That is a landmark.
Wo ist das Wahrzeichen?	Where is the landmark?
Wir erkunden die Stadt.	We explore the city.
Sie erkunden den Wald.	They explore the forest.
Die Umgebung ist sehr schön.	The environment is very beautiful.
Ich liebe meine neue Umgebung.	I love my new environment.
Die Verschmutzung ist ein Problem.	The pollution is a problem.
Wir stoppen die Verschmutzung.	We are stopping the pollution.
Das Klima ist hier warm.	The climate is warm here.
Wir schützen unser Klima.	We protect our climate.
Wir müssen mehr recyceln.	We must recycle more.
Können Sie das recyceln?	Can you recycle this?
Das ist eine große Verschwendung.	That is a great waste.
Vermeide jede Verschwendung von Wasser.	Avoid any waste of water.
Wasser ist eine wichtige Ressource.	Water is an important resource.
Wir suchen eine neue Ressource.	We are looking for a new resource.
Kunststoff ist oft schlecht.	Plastic is often bad.
Ich brauche keinen Kunststoff.	I do not need plastic.
Das Gewächshaus ist groß.	The greenhouse is large.
Die Blumen sind im Gewächshaus.	The flowers are in the greenhouse.
Die Tierwelt ist wunderbar.	The wildlife is wonderful.
Wir beobachten die Tierwelt.	We observe the wildlife.
Das ist eine Solar Anlage.	That is a solar system.
Ich habe Solar Energie.	I have solar energy.
Wind ist erneuerbar.	Wind is renewable.
Wir nutzen erneuerbar Energie.	We use renewable energy.
Kohlenstoff ist ein Element.	Carbon is an element.
Zu viel Kohlenstoff ist schlecht.	Too much carbon is bad.
Die Emission ist zu hoch.	The emission is too high.
Wir senken die Emission.	We are lowering the emission.
Das Auto ist umweltfreundlich.	The car is eco-friendly.
Sei bitte umweltfreundlich.	Please be eco-friendly.
Mein Smartphone ist neu.	My smartphone is new.
Wo ist dein Smartphone?	Where is your smartphone?
Ich möchte das Foto herunterladen.	I want to download the photo.
Kannst du die Datei herunterladen?	Can you download the file?
Ich muss das Video hochladen.	I have to upload the video.
Bitte lade die Bilder hochladen.	Please upload the images.
Mein Handy ist jetzt offline.	My phone is now offline.
Bist du gerade offline?	Are you offline right now?
Das Netzwerk ist sehr langsam.	The network is very slow.
Ich kenne dieses Netzwerk nicht.	I do not know this network.
Mein Kopfhörer ist kabellos.	My headphones are wireless.
Das ist ein kabellos System.	That is a wireless system.
Das Gerät ist sehr klein.	The device is very small.
Ist dieses Gerät kaputt?	Is this device broken?
Die Software ist sehr gut.	The software is very good.
Ich installiere die neue Software.	I am installing the new software.
Die Hardware ist sehr teuer.	The hardware is very expensive.
Wir brauchen neue Hardware.	We need new hardware.
Ich muss das System aktualisieren.	I have to update the system.
Bitte aktualisieren Sie die Seite.	Please update the page.
Ich nutze soziale Medien.	I use social media.
Soziale Medien sind populär.	Social media are popular.
Das ist ein digital Archiv.	That is a digital archive.
Wir leben in einer digital Welt.	We live in a digital world.
Das ist relativ teuer.	That is relatively expensive.
Es ist relativ einfach.	It is relatively easy.
Der Gastgeber ist hier.	The host is here.
Sie ist eine gute Gastgeber.	She is a good host.
Die Beziehung ist wichtig.	The relationship is important.
Das ist eine neue Beziehung.	That is a new relationship.
Wir müssen logisch argumentieren.	We must argue logically.
Sie können gut argumentieren.	You can argue well.
Unsere Freundschaft ist stark.	Our friendship is strong.
Ich schätze unsere Freundschaft.	I value our friendship.
Verlassen Sie sich auf mich.	Rely on me.
Verlassen Sie sich nicht darauf.	Do not rely on that.
Die Preise abhängen vom Gewicht.	The prices depend on the weight.
Die Pläne abhängen vom Wetter.	The plans depend on the weather.
Komm zurecht mit der Arbeit.	Get along with the work.
Komm zurecht mit dem Stress.	Get along with the stress.
Die Pflege ist wichtig.	The care is important.
Ich brauche mehr Pflege.	I need more care.
Die Zeitschrift ist alt.	The magazine is old.
Ich lese eine Zeitschrift.	I am reading a magazine.
Die Schlagzeile ist groß.	The headline is big.
Das ist eine falsche Schlagzeile.	That is a false headline.
Soziale Medien sind schnell.	Social media are fast.
Der Park ist öffentlich.	The park is public.
Das ist ein öffentliches Bad.	That is a public bath.
Ich muss das Update aktualisieren.	I must update the update.
Hier sind aktuelle Nachrichten.	Here are breaking news.
Ich lese aktuelle Nachrichten.	I am reading breaking news.
Sie wollen das Buch veröffentlichen.	They want to publish the book.
Wir veröffentlichen den Artikel.	We are publishing the article.
Meine Routine ist sehr einfach.	My routine is very simple.
Sie liebt ihre morgendliche Routine.	She loves her morning routine.
Das Essen ist sehr ausgeglichen.	The food is very balanced.
Ein ausgeglichener Tag ist wichtig.	A balanced day is important.
Sein Lebensstil ist sehr aktiv.	His lifestyle is very active.
Wir suchen einen neuen Lebensstil.	We are looking for a new lifestyle.
Meditation hilft gegen Stress.	Meditation helps against stress.
Ich probiere heute Meditation.	I am trying meditation today.
Fisch hat viel Protein.	Fish has a lot of protein.
Ich brauche mehr Protein.	I need more protein.
Eine Kalorien zu zählen ist schwer.	Counting a calorie is hard.
Das hat wenig Kalorien.	That has few calories.
Wellness ist gut für die Seele.	Wellness is good for the soul.
Ich mag Wellness im Hotel.	I like wellness at the hotel.
Gleichheit ist ein wichtiges Recht.	Equality is an important right.
Wir streben nach sozialer Gleichheit.	We strive for social equality.
Die Gemeinschaft hilft jedem.	The community helps everyone.
Unsere Gemeinschaft ist sehr stark.	Our community is very strong.
Die Kampagne beginnt heute.	The campaign begins today.
Das ist eine neue Kampagne.	That is a new campaign.
Ungleichheit ist ein Problem.	Inequality is a problem.
Wir sehen oft soziale Ungleichheit.	We often see social inequality.
Diskriminierung ist falsch.	Discrimination is wrong.
Wir kämpfen gegen Diskriminierung.	We fight against discrimination.
Die staatliche Wohlfahrt hilft.	State welfare helps.
Wohlfahrt ist für alle da.	Welfare is there for everyone.
Nächstenliebe ist eine Tugend.	Charity is a virtue.
Sie zeigt viel Nächstenliebe.	She shows a lot of charity.
Arbeitslosigkeit ist ein Risiko.	Unemployment is a risk.
Die Arbeitslosigkeit sinkt langsam.	Unemployment is slowly decreasing.
Die Regierung trifft eine Entscheidung.	The government makes a decision.
Wer führt die Regierung?	Who leads the government?
Der Protest war friedlich.	The protest was peaceful.
Das ist einstarker Protest.	That is a strong protest.
Die Petition hat viele Unterschriften.	The petition has many signatures.
Ich unterschreibe die Petition.	I sign the petition.
Der Fonds ist nun voll.	The fund is now full.
Wir nutzen den Fonds.	We use the fund.
Das Gehäuse ist aus Metall.	The housing is made of metal.
Wir brauchen ein neues Gehäuse.	We need a new housing.
Das Gesundheitswesen ist teuer.	Healthcare is expensive.
Unser Gesundheitswesen muss besser werden.	Our healthcare must get better.
Eine neue Generation beginnt.	A new generation begins.
Sie ist die erste Generation.	She is the first generation.
Wir helfen ältere Menschen.	We help elderly people.
Sie besucht ältere Menschen.	She visits elderly people.
Die Minderheit hat eine Stimme.	The minority has a voice.
Sie sind eine kleine Minderheit.	They are a small minority.
Die Mehrheit stimmte dafür.	The majority voted for it.
Die Mehrheit ist glücklich.	The majority is happy.
Meine Finanzen sind stabil.	My finances are stable.
Wer prüft die Finanzen?	Who checks the finances?
Das Budget ist klein.	The budget is small.
Wir brauchen ein Budget.	We need a budget.
Das war eine gute Investition.	That was a good investment.
Die Investition lohnt sich.	The investment is worth it.
Mein Einkommen ist niedrig.	My income is low.
Das Einkommen steigt jährlich.	The income increases annually.
Die Wirtschaft wächst schnell.	The economy is growing fast.
Sie studiert die Wirtschaft.	She studies the economy.
Die Einnahmen sind hoch.	The revenue is high.
Wir zählen die Einnahmen.	We are counting the revenue.
Welche Währung ist das?	Which currency is this?
Der Euro ist eine Währung.	The euro is a currency.
Ein kurzer Austausch hilft.	A short exchange helps.
Wir suchen einen Austausch.	We are looking for an exchange.
Die Insolvenz war schockierend.	The bankruptcy was shocking.
Er meldete die Insolvenz.	He reported the bankruptcy.
Gold ist ein Vermögenswert.	Gold is an asset.
Das ist ein hoher Vermögenswert.	That is a high asset.
Die Haftung ist geklärt.	The liability is clarified.
Wer übernimmt die Haftung?	Who assumes the liability?
Die Inflation ist hoch.	The inflation is high.
Wir spüren die Inflation.	We feel the inflation.
Die Rezession dauert lange.	The recession lasts a long time.
Kommt bald eine Rezession?	Is a recession coming soon?
Das Wachstum ist stark.	The growth is strong.
Wir sehen ein Wachstum.	We see a growth.
Die Industrie ist groß.	The industry is large.
Welche Industrie ist das?	Which industry is that?
Wir wollen investieren.	We want to invest.
Sie muss mehr investieren.	She must invest more.
Wir dürfen nicht viel ausgeben.	We must not spend much.
Ich will Geld ausgeben.	I want to spend money.
Der Lieferant ist spät.	The supplier is late.
Das ist ein guter Lieferant.	That is a good supplier.
Das Produkt ist neu.	The product is new.
Ich liebe dieses Produkt.	I love this product.
Die Gewinnspanne ist niedrig.	The profit margin is low.
Wir erhöhen die Gewinnspanne.	We are increasing the profit margin.
Die Forschung ist sehr wichtig.	The research is very important.
Seine Forschung dauert lange.	His research takes a long time.
Wir experimentieren im Labor.	We are experimenting in the lab.
Sie wollen heute experimentieren.	They want to experiment today.
Das ist eine große Entdeckung.	That is a great discovery.
Die Entdeckung war ein Glück.	The discovery was a stroke of luck.
Die Daten sind falsch.	The data are wrong.
Wir brauchen mehr Daten.	We need more data.
Die Analyse ist fertig.	The analysis is finished.
Ich lese die Analyse.	I am reading the analysis.
Die Hypothese ist neu.	The hypothesis is new.
Das ist meine Hypothese.	That is my hypothesis.
Die Methode ist einfach.	The method is simple.
Wir suchen eine neue Methode.	We are looking for a new method.
Die Beobachtung war genau.	The observation was precise.
Ich mache eine Beobachtung.	I am making an observation.
Das Fazit ist klar.	The conclusion is clear.
Was ist dein Fazit?	What is your conclusion?
Wir können das nicht vorhersagen.	We cannot predict that.
Sie wollen das Wetter vorhersagen.	They want to predict the weather.
Wir müssen das System testen.	We must test the system.
Können wir die App testen?	Can we test the app?
Wir vergleichen zwei Autos.	We are comparing two cars.
Sie wollen die Preise vergleichen.	They want to compare the prices.
Wir untersuchen die Probe.	We are investigating the sample.
Die Ärzte untersuchen ihn.	The doctors are investigating him.
Wir wollen Gold entdecken.	We want to discover gold.
Sie entdecken eine neue Stadt.	They discover a new city.
Wir entwickeln eine App.	We are developing an app.
Sie entwickeln ein System.	They are developing a system.
Wer will das Rad erfinden?	Who wants to invent the wheel?
Wir erfinden eine Geschichte.	We are inventing a story.
Das ist eine tolle Erfindung.	That is a great invention.
Die Erfindung ist alt.	The invention is old.
Innovation ist sehr wichtig.	Innovation is very important.
Wir brauchen mehr Innovation.	We need more innovation.
Die Technologie ist modern.	The technology is modern.
Wir nutzen neue Technologie.	We use new technology.
Ich lerne Biologie.	I am learning biology.
Biologie ist ein Fach.	Biology is a subject.
Die Genetik ist komplex.	Genetics is complex.
Sie studieren Genetik.	They are studying genetics.
Das Molekül ist klein.	The molecule is small.
Wir sehen ein Molekül.	We see a molecule.
Die Zelle ist lebendig.	The cell is alive.
Das ist eine kleine Zelle.	That is a small cell.
Der Organismus ist winzig.	The organism is tiny.
Ein Organismus braucht Wasser.	An organism needs water.
Die Umgebung ist grün.	The environment is green.
Die Umgebung ist laut.	The environment is loud.
Das ist ein bedeutsamer Tag.	That is a significant day.
Die Ergebnisse sind bedeutsam.	The results are significant.
Wir müssen das validieren.	We must validate this.
Können Sie das validieren?	Can you validate this?
Sie hat eine starke Persönlichkeit.	She has a strong personality.
Seine Persönlichkeit ist sehr offen.	His personality is very open.
Die Stimmung ist heute gut.	The mood is good today.
Ich mag diese gute Stimmung.	I like this good mood.
Deine Haltung ist sehr wichtig.	Your attitude is very important.
Er hat eine positive Haltung.	He has a positive attitude.
Das Verhalten ist nicht gut.	The behaviour is not good.
Ich beobachte sein Verhalten.	I am observing his behaviour.
Die Suche war leider vergeblich.	The search was unfortunately vain.
Alle Versuche waren vergeblich.	All attempts were vain.
Das Fazit ist sehr kurz.	The conclusion is very short.
Der Anspruch ist zu hoch.	The claim is too high.
Sie hat einen rechtlichen Anspruch.	She has a legal claim.
Die Perspektive ist neu.	The perspective is new.
Wir brauchen eine andere Perspektive.	We need a different perspective.
Das war eine falsche Annahme.	That was a wrong assumption.
Seine Annahme ist logisch.	His assumption is logical.
Die Implikation ist klar.	The implication is clear.
Welche Implikation hat das?	What implication does that have?
Wir bewerten die Ergebnisse.	We evaluate the results.
Wie bewerten Sie das?	How do you evaluate that?
Sie müssen das rechtfertigen.	You must justify that.
Kannst du das rechtfertigen?	Can you justify that?
Die Logik ist simpel.	The logic is simple.
Ich verstehe deine Logik nicht.	I do not understand your logic.
Die Argumentation ist stark.	The reasoning is strong.
Seine Argumentation ist komplex.	His reasoning is complex.
Die Debatte war laut.	The debate was loud.
Wir führen eine Debatte.	We are having a debate.
Wir müssen das besprechen.	We need to discuss this.
Wann besprechen wir das?	When do we discuss this?
Sie kritisieren den Plan.	They criticize the plan.
Bitte kritisieren Sie mich nicht.	Please do not criticize me.
Wir analysieren die Daten.	We analyze the data.
Kannst du das analysieren?	Can you analyze that?
Wie interpretieren Sie das?	How do you interpret that?
Wir interpretieren den Text.	We interpret the text.
Bitte zusammenfassen Sie das.	Please summarize that.
Ich kann das kurz zusammenfassen.	I can summarize that briefly.
Können wir das vergleichen?	Can we compare that?
Das ist ein starker Kontrast.	That is a strong contrast.
Der Kontrast ist deutlich.	The contrast is clear.
Wir können das ableiten.	We can deduce that.
Was lässt sich ableiten?	What can be deduced?
Das ist ein evidenzbasiert Ansatz.	That is an evidence-based approach.
Wir arbeiten evidenzbasiert.	We work based on evidence.
Der Pass ist noch gültig.	The passport is still valid.
Das Ticket ist nicht mehr gültig.	The ticket is no longer valid.
Das ist leider ungültig.	That is unfortunately invalid.
Der Code ist ungültig.	The code is invalid.
Das ist ein subjektiv Urteil.	That is a subjective judgment.
Meine Meinung ist subjektiv.	My opinion is subjective.
Dein Standpunkt ist interessant.	Your point of view is interesting.
Was ist dein Standpunkt?	What is your standpoint?
Ich kenne meinen Standpunkt.	I know my standpoint.
Wo ist Ihr Standpunkt?	Where is your standpoint?
Die Kriterien sind streng.	The criteria are strict.
Wir prüfen die Kriterien.	We check the criteria.
Das ist ein globaler Trend.	That is a global trend.
Wir brauchen globale Lösungen.	We need global solutions.
Der Klimawandel ist real.	Climate change is real.
Klimawandel betrifft uns alle.	Climate change affects us all.
Die Einwanderung steigt stetig.	Immigration is steadily increasing.
Einwanderung prägt die Stadt.	Immigration shapes the city.
Die Bevölkerung wächst schnell.	The population is growing quickly.
Eine junge Bevölkerung ist wichtig.	A young population is important.
Der Konflikt ist schwierig.	The conflict is difficult.
Wir vermeiden einen Konflikt.	We avoid a conflict.
Die Krise ist tief.	The crisis is deep.
Wir bewältigen diese Krise.	We are overcoming this crisis.
Die Verhandlung dauert lange.	The negotiation takes a long time.
Die Verhandlung war erfolgreich.	The negotiation was successful.
Das ist nicht nachhaltig.	That is not sustainable.
Wir suchen nachhaltige Wege.	We are looking for sustainable ways.
Die Entwicklung geht voran.	The development is progressing.
Das ist eine soziale Entwicklung.	That is a social development.
Die Emission sinkt langsam.	The emission is slowly falling.
Wir messen die Emission.	We measure the emission.
Die Verschmutzung ist schlimm.	The pollution is bad.
Abholzung schadet dem Wald.	Deforestation harms the forest.
Die Abholzung nimmt zu.	Deforestation is increasing.
Die Dürre zerstört die Ernte.	The drought destroys the harvest.
Wir haben eine Dürre.	We have a drought.
Die Überschwemmung war groß.	The flood was big.
Eine Überschwemmung ist gefährlich.	A flood is dangerous.
Die Hungersnot ist grausam.	The famine is cruel.
Wir bekämpfen die Hungersnot.	We fight the famine.
Migration ist ein Thema.	Migration is a topic.
Die Migration nimmt zu.	Migration is increasing.
Diplomatie ist sehr wichtig.	Diplomacy is very important.
Wir brauchen mehr Diplomatie.	We need more diplomacy.
Die Sanktion ist hart.	The sanction is harsh.
Wir fordern eine Sanktion.	We demand a sanction.
Die Koalition ist stabil.	The coalition is stable.
Sie bilden eine Koalition.	They are forming a coalition.
Die Allianz ist stark.	The alliance is strong.
Wir bauen eine Allianz.	We are building an alliance.
Die Wirtschaft wächst langsam.	The economy is growing slowly.
Die Wirtschaft ist komplex.	The economy is complex.
Die Krankheit ist selten.	The disease is rare.
Sie heilt die Krankheit.	She cures the disease.
Die Pandemie war global.	The pandemic was global.
Wir beenden die Pandemie.	We end the pandemic.
Der Impfstoff hilft uns.	The vaccine helps us.
Wo ist der Impfstoff?	Where is the vaccine?
Das ist eine erneuerbare Quelle.	That is a renewable source.
Die Erhaltung ist wichtig.	The conservation is important.
Wir planen die Erhaltung.	We plan the conservation.
Die Artenvielfalt ist hoch.	The biodiversity is high.
Wir schützen die Artenvielfalt.	We protect the biodiversity.
Wasser ist eine Ressource.	Water is a resource.
Wir teilen die Ressource.	We share the resource.
Die Stabilität ist wichtig.	The stability is important.
Wir suchen mehr Stabilität.	We seek more stability.
Die Spannung steigt an.	The tension is increasing.
Es gibt eine Spannung.	There is a tension.
Wir wollen das lösen.	We want to resolve that.
Können wir das lösen?	Can we resolve that?
Poesie ist sehr schön.	Poetry is very beautiful.
Ich lese gerne Poesie.	I like reading poetry.
Er hat einen starken Charakter.	He has a strong character.
Der Charakter ist komplex.	The character is complex.
Die Handlung ist sehr spannend.	The plot is very exciting.
Ich verstehe die Handlung nicht.	I do not understand the plot.
Die Galerie ist heute offen.	The gallery is open today.
Wir gehen in die Galerie.	We are going into the gallery.
Die Ausstellung ist groß.	The exhibition is large.
Ich liebe diese Ausstellung.	I love this exhibition.
Das ist ein Meisterwerk.	That is a masterpiece.
Wer malte dieses Meisterwerk?	Who painted this masterpiece?
Die Leinwand ist weiß.	The canvas is white.
Ich brauche eine neue Leinwand.	I need a new canvas.
Der Pinsel ist klein.	The brush is small.
Das Porträt ist echt.	The portrait is real.
Sie malt ein Porträt.	She is painting a portrait.
Die Landschaft ist grün.	The landscape is green.
Ich male eine Landschaft.	I am painting a landscape.
Das Bild ist abstrakt.	The picture is abstract.
Ist das zu abstrakt?	Is that too abstract?
Sie hat viel Fantasie.	She has a lot of imagination.
Die Fantasie ist wichtig.	Imagination is important.
Der Ausdruck ist klar.	The expression is clear.
Das ist ein starker Ausdruck.	That is a strong expression.
Welche Emotion ist das?	Which emotion is that?
Die Emotion ist echt.	The emotion is real.
Das ist ein Symbol.	That is a symbol.
Welches Symbol ist das?	Which symbol is that?
Die Metapher ist schön.	The metaphor is beautiful.
Ich verstehe die Metapher nicht.	I do not understand the metaphor.
Die Erzählung ist kurz.	The narrative is short.
Ich schreibe eine Erzählung.	I am writing a narrative.
Welches Genre ist das?	Which genre is that?
Das Genre ist neu.	The genre is new.
Ist das Fiktion?	Is that fiction?
Ich lese gerne Fiktion.	I like reading fiction.
Ich schreibe ein Sachbuch.	I am writing a non-fiction book.
Das Sachbuch ist alt.	The non-fiction book is old.
Die Biografie ist lang.	The biography is long.
Ich lese eine Biografie.	I am reading a biography.
Das erste Kapitel ist kurz.	The first chapter is short.
Welches Kapitel ist das?	Which chapter is that?
Der Dialog ist echt.	The dialogue is real.
Ich mag diesen Dialog.	I like this dialogue.
Der Reim ist gut.	The rhyme is good.
Ich schreibe einen Reim.	I am writing a rhyme.
Der Kritiker ist streng.	The critic is strict.
Wer ist der Kritiker?	Who is the critic?
Wir pflegen den Garten gemeinsam.	We maintain the garden together.
Sie pflegen ihre alten Kontakte.	She maintains her old contacts.
Diese Aufgaben erfordern viel Geduld.	These tasks require much patience.
Die Fehler erfordern eine Korrektur.	The errors require a correction.
Wir müssen diesen Punkt betonen.	We must emphasize this point.
Sie betonen die Wichtigkeit der Zeit.	They emphasize the importance of time.
Ich demonstrieren die neue Software.	I demonstrate the new software.
Wir demonstrieren die Lösung hier.	We demonstrate the solution here.
Alle beitragen etwas zum Projekt.	Everyone contributes something to the project.
Sie beitragen viel zum Erfolg.	They contribute much to the success.
Wir anerkennen seine harte Arbeit.	We acknowledge his hard work.
Sie anerkennen den großen Sieg.	They acknowledge the great victory.
Wir etablieren neue Regeln.	We establish new rules.
Sie etablieren eine feste Marke.	They establish a firm brand.
Das wird uns beeinflussen.	That will affect us.
Die Farben beeinflussen die Stimmung.	The colors affect the mood.
Die Wirkung ist sehr stark.	The effect is very strong.
Das hat eine gute Wirkung.	That has a good effect.
Wir erhöhen den Preis heute.	We increase the price today.
Sie erhöhen die Geschwindigkeit.	They increase the speed.
Wir reduzieren den Plastikmüll.	We reduce the plastic waste.
Bitte reduzieren Sie die Lautstärke.	Please reduce the volume.
Wir erweitern unser kleines Büro.	We expand our small office.
Sie erweitern das Angebot.	They expand the offer.
Wir ermutigen die jungen Leute.	We encourage the young people.
Sie ermutigen mich zu lernen.	They encourage me to learn.
Ich vorschlagen einen kurzen Spaziergang.	I suggest a short walk.
Wir vorschlagen eine neue Strategie.	We suggest a new strategy.
Ich empfehlen dieses gute Buch.	I recommend this good book.
Sie empfehlen den lokalen Wein.	They recommend the local wine.
Ich darauf bestehen, zuerst zu gehen.	I insist on going first.
Wir darauf bestehen, jetzt zu zahlen.	We insist on paying now.
Die Schätzung ist leider falsch.	The estimate is unfortunately wrong.
Wir brauchen eine neue Schätzung.	We need a new estimate.
Wir berechnen die Kosten jetzt.	We calculate the costs now.
Sie berechnen den genauen Weg.	They calculate the exact path.
Wir bestimmen den neuen Preis.	We determine the new price.
Sie bestimmen das Ziel gemeinsam.	They determine the goal together.
Wir identifizieren das Problem schnell.	We identify the problem quickly.
Sie identifizieren die fremden Teile.	They identify the foreign parts.
Wir reflektieren über den Tag.	We reflect on the day.
Sie reflektieren die Sonne im Wasser.	They reflect the sun in the water.
Bitte angeben Sie Ihren Namen.	Please indicate your name.
Wir angeben die richtige Adresse.	We indicate the correct address.
Wir enthüllen das Geheimnis morgen.	We reveal the secret tomorrow.
Sie enthüllen die neue Statue.	They reveal the new statue.
Das ist eine Hypothese.	That is a hypothesis.
Das Paradigma ändert sich.	The paradigm is changing.
Ein neues Paradigma hilft uns.	A new paradigm helps us.
Die Methodik ist klar.	The methodology is clear.
Wir prüfen die Methodik.	We are checking the methodology.
Das Phänomen ist selten.	The phenomenon is rare.
Ein Phänomen ist sichtbar.	A phenomenon is visible.
Es gibt keinen Konsens.	There is no consensus.
Wir suchen einen Konsens.	We are looking for a consensus.
Die Korrelation ist hoch.	The correlation is high.
Das ist eine Korrelation.	That is a correlation.
Der Preis ist variabel.	The price is variable.
Das Ergebnis bleibt variabel.	The result remains variable.
Wir haben klare Kriterien.	We have clear criteria.
Die Begründung ist logisch.	The rationale is logical.
Wo ist die Begründung?	Where is the rationale?
Der Beweis ist empirisch.	The evidence is empirical.
Das ist eine empirisch Studie.	That is an empirical study.
Das ist rein theoretisch.	That is purely theoretical.
Der Plan ist theoretisch.	The plan is theoretical.
Der Rahmen ist groß.	The framework is large.
Wir brauchen einen Rahmen.	We need a framework.
Die Dimension ist riesig.	The dimension is huge.
Das ist eine neue Dimension.	That is a new dimension.
Ein wichtiger Aspekt fehlt.	An important aspect is missing.
Das ist ein Aspekt.	That is an aspect.
Der Faktor ist wichtig.	The factor is important.
Das ist ein Faktor.	That is a factor.
Der Trend geht aufwärts.	The trend is going upwards.
Ein Trend beginnt hier.	A trend begins here.
Die Umfrage war kurz.	The survey was short.
Wir machen eine Umfrage.	We are doing a survey.
Der Datensatz ist groß.	The data set is large.
Ich lade den Datensatz.	I am loading the data set.
Die Statistiken sind falsch.	The statistics are wrong.
Wir lesen die Statistiken.	We are reading the statistics.
Das ist sehr bedeutsam.	That is very significant.
Ein bedeutsamer Punkt fehlt.	A significant point is missing.
Die Relevanz ist gering.	The relevance is low.
Das hat keine Relevanz.	That has no relevance.
Die Gültigkeit endet heute.	The validity ends today.
Prüfen Sie die Gültigkeit.	Check the validity.
Die Zuverlässigkeit ist hoch.	The reliability is high.
Wir brauchen Zuverlässigkeit.	We need reliability.
Der Umfang ist begrenzt.	The scope is limited.
Das ist ein großer Umfang.	That is a large scope.
Das ist eine Einschränkung.	That is a limitation.
Eine Einschränkung ist nötig.	A limitation is necessary.
Wir müssen extrapolieren.	We must extrapolate.
Kann man das extrapolieren?	Can one extrapolate that?
Wir wollen quantifizieren.	We want to quantify.
Man muss es quantifizieren.	One must quantify it.
Das ist ein Kontrast.	That is a contrast.
Der Kontrast ist stark.	The contrast is strong.
Wir müssen synthetisieren.	We must synthesize.
Können wir das synthetisieren?	Can we synthesize that?
Die Kritik ist hart.	The critique is harsh.
Das ist eine Kritik.	That is a critique.
Wir müssen das untersuchen.	We must examine this.
Wer will das untersuchen?	Who wants to examine this?
Wir untersuchen den Fall.	We are investigating the case.
Lassen Sie uns untersuchen.	Let us investigate.
Das ist eine Behauptung.	That is an assertion.
Die Behauptung ist falsch.	The assertion is false.
Die Prämisse ist falsch.	The premise is false.
Das ist eine Prämisse.	That is a premise.
Wir delegieren die Aufgaben heute.	We delegate the tasks today.
Können Sie das bitte delegieren?	Can you please delegate that?
Neue Tools erleichtern die Arbeit.	New tools facilitate the work.
Wir wollen den Prozess erleichtern.	We want to facilitate the process.
Bitte Kontakt aufnehmen mit dem Team.	Please liaise with the team.
Wir müssen Kontakt aufnehmen.	We must liaise.
Können wir das Projekt umsetzen?	Can we implement the project?
Sie beaufsichtigen die neue Gruppe.	You oversee the new group.
Wer wird die Arbeit beaufsichtigen?	Who will oversee the work?
Wir müssen die Abläufe rationalisieren.	We must streamline the processes.
Wir wollen die Produktion rationalisieren.	We want to streamline the production.
Wir müssen die Ziele priorisieren.	We must prioritize the goals.
Bitte priorisieren Sie die E-Mails.	Please prioritize the emails.
Wir optimieren die Software.	We optimize the software.
Können wir die Kosten optimieren?	Can we optimize the costs?
Wir strategisieren für das nächste Jahr.	We strategize for next year.
Lassen Sie uns gemeinsam strategisieren.	Let us strategize together.
Ich organisiere das Treffen.	I organize the meeting.
Wer organisiert die Reise?	Who organizes the trip?
Wir koordinieren die Termine.	We coordinate the dates.
Bitte koordinieren Sie den Transport.	Please coordinate the transport.
Sie verwalten die Dokumente.	You manage the documents.
Wer wird das Konto verwalten?	Who will manage the account?
Wir müssen die Mitarbeiter motivieren.	We must motivate the employees.
Musik kann uns motivieren.	Music can motivate us.
Sie inspirieren das ganze Team.	You inspire the whole team.
Gute Ideen inspirieren uns.	Good ideas inspire us.
Sie beaufsichtigen die Arbeiter.	You supervise the workers.
Wir müssen die Qualität beaufsichtigen.	We must supervise the quality.
Bitte bewerten Sie den Service.	Please evaluate the service.
Die Rezension ist sehr positiv.	The review is very positive.
Schreiben Sie eine kurze Rezension.	Write a short review.
Ist das Dokument noch vorhanden?	Is the document still present?
Alle Daten sind vorhanden.	All data are present.
Wir müssen klar kommunizieren.	We must communicate clearly.
Können Sie mit uns kommunizieren?	Can you communicate with us?
Die Ergebnisse entsprechen dem Plan.	The results correspond to the plan.
Das muss den Regeln entsprechen.	That must correspond to the rules.
Wir müssen die Leads weiterverfolgen.	We must follow up on the leads.
Bitte weiterverfolgen Sie die Anfrage.	Please follow up on the request.
Sie müssen die Kosten zuordnen.	You must allocate the costs.
Wir zuordnen die Ressourcen.	We allocate the resources.
Das Budget ist sehr klein.	The budget is very small.
Wir brauchen ein neues Budget.	We need a new budget.
Die Frist läuft morgen ab.	The deadline expires tomorrow.
Das ist ein wichtiger Meilenstein.	That is an important milestone.
Wir erreichen den ersten Meilenstein.	We reach the first milestone.
Die Arbeitsbelastung ist sehr hoch.	The workload is very high.
Wir reduzieren die Arbeitsbelastung.	We reduce the workload.
Sie sind sehr proaktiv.	You are very proactive.
Wir müssen proaktiv handeln.	We must act proactively.
Mein Kollege ist sehr einfallsreich.	My colleague is very resourceful.
Sie sind eine einfallsreiche Person.	You are a resourceful person.
Wir organisieren eine Party.	We are organizing a party.
Kannst du das organisieren?	Can you organize that?
Wir müssen den Test durchführen.	We must carry out the test.
Sie werden die Analyse durchführen.	You will carry out the analysis.
Das kann eine Krise herbeiführen.	That can bring about a crisis.
Wir müssen eine Lösung herbeiführen.	We must bring about a solution.
Können Sie kurz reinschauen?	Can you take a quick look in?
Ich möchte kurz reinschauen.	I want to take a quick look in.
Wir sollten das nicht aufschieben.	We should not put that off.
Wollen Sie den Termin aufschieben?	Do you want to put off the appointment?
Kommen Sie mit dem Plan!	Come up with the plan!
Kommen Sie mit der Idee!	Come up with the idea!
Ich möchte darauf hinweisen.	I would like to point that out.
Wir müssen darauf hinweisen.	We must point that out.
Wir wollen das Büro einrichten.	We want to set up the office.
Können Sie das Konto einrichten?	Can you set up the account?
Das ist mein Konto für Geld.	This is my account for money.
Ich brauche ein Konto für das.	I need an account for that.
Bitte sichern Sie die Daten.	Please back up the data.
Wir müssen alles sichern.	We must back up everything.
Die alten Brücken zusammenbrechen.	The old bridges break down.
Wann werden die Systeme zusammenbrechen?	When will the systems break down?
Sie müssen schnell aufholen.	You must catch up quickly.
Wir wollen jetzt aufholen.	We want to catch up now.
Sie kommen sehr sympathisch rüberkommen.	You come across as very likeable.
Wie wollen Sie rüberkommen?	How do you want to come across?
Wir müssen den Zucker reduzieren.	We must cut down on the sugar.
Bitte reduzieren Sie den Lärm.	Please cut down on the noise.
Wir müssen uns damit beschäftigen.	We must deal with it.
Ich möchte mich damit beschäftigen.	I want to deal with it.
Bitte ausfüllen Sie das Formular.	Please fill in the form.
Wir müssen den Zettel ausfüllen.	We must fill in the slip.
Kommen Sie mit ihm klar kommen?	Do you get along with him?
Wir müssen gut klar kommen.	We must get along well.
Bitte komm vorbei!	Please come over!
Wir müssen die Liste durchgehen.	We must go through the list.
Lassen Sie uns das durchgehen.	Let us go through this.
Sie müssen das Blatt abgeben.	You must hand in the sheet.
Wann wollen Sie es abgeben?	When do you want to hand it in?
Bleiben Sie auf dem Laufenden!	Keep up with the news!
Wir müssen Bleiben Sie auf dem Laufenden.	We must keep up with it.
Sie wollen sich schön schminken.	You want to put on makeup.
Ich möchte mich jetzt schminken.	I want to put on makeup now.
Wann werden Sie heute auftauchen?	When will you show up today?
Wir sehen ihn oft auftauchen.	We see him show up often.
Sie sollten das nach nehmen.	You should take that after.
Wir werden das nach nehmen.	We will take that after.
Die Flugzeuge werden jetzt abheben.	The planes will take off now.
Wann will das Flugzeug abheben?	When will the plane take off?
Wir sehen ihn plötzlich auftauchen.	We see him suddenly turn up.
Sie sollten hier auftauchen.	You should turn up here.
Wir wollen jetzt Schluss machen.	We want to wind up now.
Wann wollen Sie Schluss machen?	When do you want to wind up?
Die Gesetzgebung ist sehr komplex.	The legislation is very complex.
Wir prüfen die neue Gesetzgebung.	We are checking the new legislation.
Der Gerichtsstand ist in Berlin.	The jurisdiction is in Berlin.
Welcher Gerichtsstand gilt hier?	Which jurisdiction applies here?
Die Änderung ist notwendig.	The amendment is necessary.
Wir lesen die Änderung.	We are reading the amendment.
Die Verfassung schützt uns.	The constitution protects us.
Das ist Teil der Verfassung.	That is part of the constitution.
Die Strafverfolgung dauert lange.	The prosecution takes a long time.
Wer leitet die Strafverfolgung?	Who is leading the prosecution?
Die Justiz arbeitet langsam.	The judiciary works slowly.
Sie vertrauen der Justiz.	They trust the judiciary.
Das Referendum war fair.	The referendum was fair.
Wir planen ein Referendum.	We are planning a referendum.
Das ist ein wichtiger Präzedenzfall.	That is an important precedent.
Es gibt keinen Präzedenzfall.	There is no precedent.
Die Souveränität ist wichtig.	The sovereignty is important.
Wir achten die Souveränität.	We respect the sovereignty.
Das Parlament debattiert heute.	The parliament is debating today.
Wer sitzt im Parlament?	Who sits in the parliament?
Die Regulierung ist streng.	The regulation is strict.
Wir brauchen eine Regulierung.	We need a regulation.
Die Satzung ist alt.	The statute is old.
Bitte lesen Sie die Satzung.	Please read the statute.
Diese Klausel ist ungültig.	This clause is invalid.
Wo steht die Klausel?	Where is the clause?
Die Bereitstellung erfolgt morgen.	The provision happens tomorrow.
Die Bereitstellung ist fertig.	The provision is finished.
Der Angeklagter schweigt.	The defendant remains silent.
Wer ist der Angeklagte?	Who is the defendant?
Der Kläger ist hier.	The plaintiff is here.
Der Kläger fordert Geld.	The plaintiff demands money.
Das Zeugnis ist wahr.	The testimony is true.
Wir hören das Zeugnis.	We hear the testimony.
Die Berufung war erfolgreich.	The appeal was successful.
Er legt Berufung ein.	He is filing an appeal.
Die Überzeugung war stark.	The conviction was strong.
Seine Überzeugung ist echt.	His conviction is real.
Wir diskutieren die Sanktion.	We are discussing the sanction.
Der Kandidat ist jung.	The candidate is young.
Sie wählen einen Kandidaten.	They are choosing a candidate.
Die Kampagne startet jetzt.	The campaign starts now.
Das ist eine gute Kampagne.	That is a good campaign.
Mein Wahlkreis ist groß.	My constituency is large.
Wer vertritt diesen Wahlkreis?	Who represents this constituency?
Die Ethik ist sehr komplex.	Ethics is very complex.
Wo beginnt die Ethik?	Where does ethics begin?
Die Moral ist wichtig.	Morality is important.
Wir diskutieren über Moral.	We are discussing morality.
Die Wahrnehmung ist subjektiv.	Perception is subjective.
Das ist eine neue Wahrnehmung.	That is a new perception.
Geduld ist eine Tugend.	Patience is a virtue.
Welche Tugend ist wichtig?	Which virtue is important?
Die Ideologie ist alt.	The ideology is old.
Das ist eine neue Ideologie.	That is a new ideology.
Seine Skepsis ist groß.	His skepticism is great.
Ich habe eine gewisse Skepsis.	I have a certain skepticism.
Das ist ein existenziell Moment.	That is an existential moment.
Die Angst ist existenziell.	The fear is existential.
Das ist ein Paradoxon.	That is a paradox.
Das Paradoxon ist echt.	The paradox is real.
Deine Argumentation ist gut.	Your reasoning is good.
Wo bleibt die Argumentation?	Where is the reasoning?
Weisheit kommt mit Zeit.	Wisdom comes with time.
Sie besitzt viel Weisheit.	She possesses much wisdom.
Das ist mein Prinzip.	That is my principle.
Ein festes Prinzip hilft.	A firm principle helps.
Das Konzept ist klar.	The concept is clear.
Ich brauche ein Konzept.	I need a concept.
Das Thema ist zu abstrakt.	The topic is too abstract.
Das ist etwas abstrakt.	That is something abstract.
Die Disposition ist bereit.	The disposition is ready.
Sie hat eine gute Disposition.	She has a good disposition.
Ich habe keine Gewissheit.	I have no certainty.
Die Gewissheit ist schön.	Certainty is beautiful.
Kontemplation bringt Ruhe.	Contemplation brings peace.
Die Kontemplation dauert lange.	The contemplation lasts long.
Die Existenz ist ein Wunder.	Existence is a miracle.
Wir prüfen die Existenz.	We are checking the existence.
Erkenntnistheorie ist ein schweres Fach.	Epistemology is a difficult subject.
Die Erkenntnistheorie ist logisch.	Epistemology is logical.
Ein freier Wille ist gut.	A free will is good.
Determinismus ist ein Konzept.	Determinism is a concept.
Wir lehnen den Determinismus ab.	We reject determinism.
Er ist klug, außerdem sehr nett.	He is smart, furthermore very nice.
Ich habe Zeit, außerdem Geld.	I have time, moreover money.
Es regnet, folglich ist alles nass.	It rains, consequently everything is wet.
Er war krank, folglich blieb er zu Hause.	He was sick, consequently he stayed home.
Das Budget ist klein, handeln Sie entsprechend.	The budget is small, act accordingly.
Wir planen entsprechend der neuen Regeln.	We plan accordingly to the new rules.
Sie denkt so, umgekehrt sehe ich es.	She thinks so, conversely I see it.
Der Weg ist umgekehrt sehr steil.	The way is conversely very steep.
Zuerst essen wir, anschließend schlafen wir.	First we eat, subsequently we sleep.
Ich lese, anschließend gehe ich schlafen.	I read, subsequently I go to sleep.
Das führt zwangsläufig zu Fehlern.	That inevitably leads to errors.
Es ist zwangsläufig so passiert.	It inevitably happened that way.
Er war krank, daher kam er nicht.	He was sick, hence he did not come.
Es ist spät, daher gehe ich.	It is late, hence I am going.
Man spart Geld und spart dadurch Zeit.	One saves money and thereby saves time.
Dadurch wird das Ergebnis besser.	Thereby the result becomes better.
Sie ist schön und ebenso klug.	She is beautiful and likewise smart.
Ich mag Tee und ebenso Kaffee.	I like tea and likewise coffee.
Beide Teile sind gleichermaßen wichtig.	Both parts are equally important.
Wir müssen alle gleichermaßen helfen.	We must all help equally.
Das ist zweifellos eine gute Idee.	That is undoubtedly a good idea.
Er ist zweifellos der beste Spieler.	He is undoubtedly the best player.
Er ist anscheinend schon weg.	He is apparently already gone.
Das ist anscheinend ein Fehler.	That is apparently a mistake.
Das ist scheinbar ein einfacher Plan.	That is seemingly a simple plan.
Er ist scheinbar glücklich.	He is seemingly happy.
Letztlich gewinnt immer die Wahrheit.	Ultimately the truth always wins.
Wir müssen letztlich entscheiden.	Ultimately we must decide.
Wir finden schließlich eine Lösung.	Eventually we find a solution.
Er kommt schließlich zu spät.	Eventually he arrives late.
Zunächst lesen wir den Text.	Initially we read the text.
Zunächst war alles sehr ruhig.	Initially everything was very quiet.
Ich bin in erster Linie Lehrer.	I am primarily a teacher.
Das ist in erster Linie wichtig.	That is primarily important.
Wir essen ausschließlich Gemüse.	We eat exclusively vegetables.
Das ist ausschließlich für Sie.	That is exclusively for you.
Das wurde explizit so gesagt.	That was explicitly said so.
Ich sage es dir explizit.	I tell it to you explicitly.
Das ist implizit im Vertrag.	That is implicitly in the contract.
Sie verstehen die Botschaft implizit.	They understand the message implicitly.
Das Buch ist sehr umfassend.	The book is very comprehensive.
Er gibt einen umfassend Bericht.	He gives a comprehensive report.
Der Text ist nicht kohärent.	The text is not coherent.
Wir brauchen einen kohärent Plan.	We need a coherent plan.
Das Wort ist oft mehrdeutig.	The word is often ambiguous.
Diese Antwort ist zu mehrdeutig.	This answer is too ambiguous.
Sie hat eine tiefgründig Analyse.	She has a profound analysis.
Das ist eine tiefgründig Frage.	That is a profound question.
Der Redner ist sehr eloquent.	The speaker is very eloquent.
Sie spricht sehr eloquent.	She speaks very eloquently.
Wir suchen eine pragmatisch Lösung.	We are looking for a pragmatic solution.
Sein Ansatz ist sehr pragmatisch.	His approach is very pragmatic.
Das Archiv ist sehr umfangreich.	The archive is very extensive.
Ich habe umfangreich Wissen.	I have extensive knowledge.
Das klingt sehr plausibel.	That sounds very plausible.
Die Erklärung ist nicht plausibel.	The explanation is not plausible.
Ist das eine lebensfähig Idee?	Is that a viable idea?
Das Projekt ist nicht lebensfähig.	The project is not viable.
Das Thema ist sehr umstritten.	The topic is very disputed.
Der Preis ist noch umstritten.	The price is still debatable.
Die Entscheidung war sehr umstritten.	The decision was very contentious.
Das ist ein umstritten Punkt.	That is a contentious point.
Der Film ist sehr umstritten.	The movie is very controversial.
Das ist eine umstritten Meinung.	That is a controversial opinion.
Der Unterschied ist sehr subtil.	The difference is very subtle.
Das ist eine subtil Geste.	That is a subtle gesture.
Die Antwort ist sehr nuanciert.	The answer is very nuanced.
Wir brauchen eine nuanciert Sicht.	We need a nuanced view.
Die Daten sind konsistent.	The data are consistent.
Er bleibt immer konsistent.	He always remains consistent.
Die Aussagen sind leider inkonsistent.	The statements are unfortunately inconsistent.
Das System ist inkonsistent.	The system is inconsistent.
Das ist eine abstrakt Idee.	That is an abstract idea.
Die Kunst ist zu abstrakt.	The art is too abstract.
Die Wand ist aus Beton.	The wall is made of concrete.
Wir brauchen mehr Beton.	We need more concrete.
Die Anweisung ist sehr explizit.	The instruction is very explicit.
Das ist ein explizit Wunsch.	That is an explicit wish.
Die Kritik ist nur implizit.	The criticism is only implicit.
Das ist eine implizit Nachricht.	That is an implicit message.
Die Farbe ist hier vorherrschend.	The color is predominant here.
Das Gefühl ist gerade vorherrschend.	The feeling is predominant right now.
Sie bestreiten den Vorwurf.	They contend the accusation.
Wir bestreiten die Kosten.	We contend the costs.
Sie behaupten das oft.	They assert that often.
Ich behaupten nichts.	I assert nothing.
Sie widerlegen die Theorie.	They refute the theory.
Wir widerlegen den Fehler.	We refute the error.
Bitte begründen Sie das.	Please substantiate that.
Er kann es begründen.	He can substantiate it.
Wir festlegen den Preis.	We stipulate the price.
Sie festlegen die Regeln.	They stipulate the rules.
Wir prüfen die Hypothese.	We check the hypothesis.
Er ist ein Fürsprecher.	He is an advocate.
Sie ist eine Fürsprecher.	She is an advocate.
Wir betonen den Punkt.	We emphasize the point.
Bitte betonen Sie das.	Please emphasize that.
Sie pflegen den Garten.	They maintain the garden.
Wir pflegen den Kontakt.	We maintain the contact.
Sie argumentieren sehr gut.	They argue very well.
Wir argumentieren gemeinsam.	We argue together.
Ich vorschlagen einen Plan.	I propose a plan.
Sie vorschlagen eine Pause.	They propose a break.
Ich vorschlagen ein Hotel.	I suggest a hotel.
Sie vorschlagen ein Spiel.	They suggest a game.
Das ist mein Anspruch.	That is my claim.
Er hat einen Anspruch.	He has a claim.
Sie widersprechen dem Mann.	They oppose the man.
Wir widersprechen der Idee.	We oppose the idea.
Die Worte widersprechen sich.	The words contradict each other.
Sie widersprechen dem Chef.	They contradict the boss.
Wir anerkennen den Erfolg.	We acknowledge the success.
Sie anerkennen das Recht.	They acknowledge the right.
Das Worte implizieren mehr.	The words imply more.
Wir implizieren das Risiko.	We imply the risk.
Wir ableiten die Formel.	We deduce the formula.
Sie ableiten den Wert.	They deduce the value.
Sie anspielen auf ihn.	They allude to him.
Wir anspielen auf das.	We allude to that.
Bilder veranschaulichen den Text.	Images illustrate the text.
Wir veranschaulichen den Weg.	We illustrate the way.
Beispiele veranschaulichen dies.	Examples exemplify this.
Wir veranschaulichen den Fehler.	We exemplify the error.
Die Antwort ist ausführlich.	The answer is elaborate.
Bitte erklären Sie ausführlich.	Please explain elaborately.
Wir erweitern das Haus.	We expand the house.
Sie erweitern den Kreis.	They expand the circle.
Wir verifizieren die Daten.	We verify the data.
Bitte verifizieren Sie dies.	Please verify this.
Wir validieren den Code.	We validate the code.
Sie validieren das Ticket.	They validate the ticket.
Das ist ein bedeutsam Moment.	That is a significant moment.
Ein bedeutsam Teil fehlt.	A significant part is missing.
Das ist ein beträchtlich Betrag.	That is a considerable amount.
Ein beträchtlich Teil ist kaputt.	A considerable part is broken.
Der Unterschied ist marginal.	The difference is marginal.
Das ist ein marginal Fehler.	That is a marginal error.
Die Preise schwanken oft.	Prices fluctuate often.
Die Werte schwanken stark.	The values fluctuate strongly.
Das ist der Höhepunkt.	That is the peak.
Der Höhepunkt war toll.	The peak was great.
Wir erreichen ein Plateau.	We are reaching a plateau.
Das Plateau ist flach.	The plateau is flat.
Das ist ein schneller Niedergang.	That is a rapid decline.
Sein Niedergang war traurig.	His decline was sad.
Der Trend ist klar.	The trend is clear.
Das ist ein neuer Trend.	That is a new trend.
Bitte erhöhen Sie den Preis.	Please increase the price.
Wir erhöhen die Menge.	We are increasing the amount.
Ein Anstieg ist sichtbar.	An increase is visible.
Der Anstieg war steil.	The increase was steep.
Die Rakete fliegt hoch.	The rocket flies high.
Das ist eine große Rakete.	That is a big rocket.
Wir müssen die Lage stabilisieren.	We must stabilize the situation.
Bitte stabilisieren Sie das Bild.	Please stabilize the image.
Die Kurven abflachen nun.	The curves level off now.
Die Preise abflachen hier.	The prices level off here.
Sie sind zahlenmäßig überlegen.	They outnumber us.
Wir sind zahlenmäßig überlegen.	We outnumber them.
Das ist ein kleiner Anteil.	That is a small proportion.
Mein Anteil ist gering.	My proportion is small.
Der Prozentsatz ist hoch.	The percentage is high.
Ein niedriger Prozentsatz hilft.	A low percentage helps.
Die Figur ist schön.	The figure is beautiful.
Wer ist diese Figur?	Who is this figure?
Ich lese die Statistiken.	I am reading the statistics.
Das ist eine grobe Schätzung.	That is a rough estimate.
Deine Schätzung ist gut.	Your estimate is good.
Wir überschreiten die Grenze.	We exceed the border.
Die Kosten überschreiten das Budget.	The costs exceed the budget.
Die Gebäude umfassen drei Stockwerke.	The buildings comprise three floors.
Diese Gruppen umfassen viele Leute.	These groups comprise many people.
Das ist ein Konto für Sie.	That is an account for you.
Ich brauche ein Konto für Geld.	I need an account for money.
Er arbeitet stetig.	He works steadily.
Der Regen fällt stetig.	The rain falls steadily.
Das Ende ist dramatisch.	The end is dramatic.
Alles änderte sich dramatisch.	Everything changed dramatically.
Die Luft ist spürbar kalt.	The air is noticeably cold.
Der Unterschied ist spürbar.	The difference is noticeable.
Er mag Tee, wohingegen sie Kaffee mag.	He likes tea, whereas she likes coffee.
Ich bin klein, wohingegen du groß bist.	I am small, whereas you are tall.
Ich lese, während er schläft.	I read whilst he sleeps.
Wir essen, während sie reden.	We eat whilst they talk.
Er ist glücklich, obwohl er arm ist.	He is happy, albeit he is poor.
Es ist schön, obwohl es regnet.	It is beautiful, albeit it is raining.
Ungeachtet dessen blieb er ruhig.	Notwithstanding that, he remained calm.
Ungeachtet dessen suchten sie weiter.	Notwithstanding that, they searched further.
Das ist der Weg, wobei wir laufen.	That is the way whereby we walk.
Es gibt ein Gesetz, wobei das hilft.	There is a law whereby this helps.
Sie ist krank, daher bleibt sie hier.	She is sick, hence she stays here.
Es regnet, daher nehme ich ein Dach.	It rains, hence I take an umbrella.
Er ist klug, ebenso ist sie weise.	He is clever, likewise she is wise.
Ich trinke Tee, ebenso macht er das.	I drink tea, likewise he does that.
A ist groß, umgekehrt ist B klein.	A is large, conversely B is small.
Er liebt sie, umgekehrt liebt sie ihn nicht.	He loves her, conversely she does not love him.
Ich lerne, außerdem arbeite ich viel.	I learn, furthermore I work a lot.
Es ist teuer, außerdem ist es alt.	It is expensive, furthermore it is old.
Sie singt, außerdem spielt sie Klavier.	She sings, moreover she plays piano.
Das ist gut, außerdem ist es billig.	That is good, moreover it is cheap.
Er lügt, folglich glaubt ihr ihm nicht.	He lies, consequently they do not believe him.
Es stürmt, folglich bleiben wir im Haus.	It storms, consequently we stay in the house.
Er ist Chef, entsprechend ist er bossig.	He is bosser, accordingly he is bossy.
Die Farbe passt, entsprechend ist es schön.	The color fits, accordingly it is beautiful.
Sie sind gleichermaßen wichtig.	They are equally important.
Beide Seiten sind gleichermaßen stark.	Both sides are equally strong.
Er ist reich, im Gegensatz dazu bin ich arm.	He is rich, in contrast I am poor.
Sie ist laut, im Gegensatz dazu ist er still.	She is loud, in contrast he is quiet.
Du denkst das, im Gegenteil ist es falsch.	You think that, on the contrary it is wrong.
Er ist nicht traurig, im Gegenteil er lacht.	He is not sad, on the contrary he laughs.
Das ist gut, andererseits ist es teuer.	That is good, on the other hand it is expensive.
Ich will gehen, andererseits mag ich es hier.	I want to go, on the other hand I like it here.
Er raucht, als Ergebnis ist er krank.	He smokes, as a result he is sick.
Wir lernten, als Ergebnis bestanden wir.	We learned, as a result we passed.
Ich mag Obst, zum Beispiel Äpfel.	I like fruit, for instance apples.
Nimm ein Beispiel, zum Beispiel dieses hier.	Take an example, for instance this one here.
Wir essen Fisch, zum Beispiel Lachs.	We eat fish, for example salmon.
Ich mag Farben, zum Beispiel Blau.	I like colors, for example blue.
Ich brauche Milch und zusätzlich Eier.	I need milk and in addition eggs.
Wir haben Brot, zusätzlich haben wir Käse.	We have bread, in addition we have cheese.
Zunächst einmal trinken wir einen Kaffee.	To begin with we drink a coffee.
Zunächst einmal müssen wir warten.	To begin with we must wait.
Um es zusammenzufassen, war es toll.	To sum up, it was great.
Um es zusammenzufassen, ist es zu teuer.	To sum up, it is too expensive.
Abschließend möchte ich danken.	In conclusion I would like to thank.
Abschließend ist alles gut gegangen.	In conclusion everything went well.
Letztlich ist es seine Entscheidung.	Ultimately it is his decision.
Letztlich haben wir gewonnen.	Ultimately we won.
Zugegebenermaßen war ich falsch.	Admittedly I was wrong.
Zugegebenermaßen ist es ein Risiko.	Admittedly it is a risk.
Das ist unbestreitbar wahr.	That is undeniably true.
Er ist unbestreitbar der Beste.	He is undeniably the best.
Es ist scheinbar einfach.	It is
Bitte erläutern Sie das Problem.	Please elucidate the problem.
Können Sie das bitte erläutern?	Can you please elucidate that?
Wir müssen die Daten extrapolieren.	We must extrapolate the data.
Können wir das Ergebnis extrapolieren?	Can we extrapolate the result?
Wir synthetisieren die Lösung.	We are synthesizing the solution.
Sie synthetisieren neue Stoffe.	They synthesize new materials.
Wir müssen die Begriffe abgrenzen.	We must delineate the terms.
Es ist wichtig, dies abgrenzen.	It is important to delineate this.
Der Niederschlag ist stark.	The precipitation is heavy.
Es gibt heute wenig Niederschlag.	There is little precipitation today.
Wir müssen den Schmerz mildern.	We must mitigate the pain.
Das kann die Folgen mildern.	That can mitigate the consequences.
Das wird alles verschlimmern.	That will exacerbate everything.
Bitte nicht noch mehr verschlimmern.	Please do not exacerbate it more.
Wir müssen den Fehler feststellen.	We must ascertain the error.
Sie konnten den Grund feststellen.	They were able to ascertain the reason.
Wissenschaftler postulieren eine Theorie.	Scientists postulate a theory.
Wir postulieren eine neue Regel.	We postulate a new rule.
Zwei Firmen verschmelzen jetzt.	Two companies are amalgamating now.
Die Farben verschmelzen langsam.	The colors amalgamate slowly.
Das wird die Reaktion katalysieren.	That will catalyze the reaction.
Wir katalysieren den Prozess.	We are catalyzing the process.
Sie verschmelzen zwei Ideen.	They are conflating two ideas.
Wir dürfen diese Dinge nicht verschmelzen.	We must not conflate these things.
Wir konstruieren ein Modell.	We are constructing a model.
Sie konstruieren eine neue Theorie.	They are constructing a new theory.
Können Sie die Schrift entziffern?	Can you decipher the writing?
Wir versuchen den Code zu entziffern.	We are trying to decipher the code.
Wir müssen die Details hinterfragen.	We must scrutinize the details.
Sie beginnen alles zu hinterfragen.	They begin to scrutinize everything.
Wir müssen das Unrecht anprangern.	We must denounce the injustice.
Sie anprangern die Gewalt.	They denounce the violence.
Sie verunglimpfen seinen Namen.	They disparage his name.
Es ist falsch, sie zu verunglimpfen.	It is wrong to disparage them.
Wir müssen die Nachricht verbreiten.	We must disseminate the news.
Sie verbreiten falsche Informationen.	They are disseminating false information.
Wir müssen die Zellen einkapseln.	We must encapsulate the cells.
Man kann diese Teile einkapseln.	One can encapsulate these parts.
Können Sie die Gründe aufzählen?	Can you enumerate the reasons?
Wir müssen die Vorteile aufzählen.	We must enumerate the advantages.
Wir müssen den Versand beschleunigen.	We must expedite the shipping.
Das wird den Prozess beschleunigen.	That will expedite the process.
Wir wollen das Geheimnis ergründen.	We want to fathom the secret.
Sie versuchen die Ursache ergründen.	They try to fathom the cause.
Diese Worte implizieren viel.	These words implicate a lot.
Die Ergebnisse implizieren einen Fehler.	The results implicate an error.
Wir gegenüberstellen die beiden Modelle.	We juxtapose the two models.
Können wir die Fakten gegenüberstellen?	Can we juxtapose the facts?
Wir legitimieren den neuen Plan.	We legitimize the new plan.
Sie müssen ihre Wahl legitimieren.	They must legitimize their choice.
Sie verewigen sich im Stein.	They perpetuate themselves in stone.
Wir verewigen diesen Moment.	We perpetuate this moment.
Das wird den Erfolg ausschließen.	That will preclude success.
Wir können das nicht ausschließen.	We cannot preclude that.
Bitte wiederholen Sie die Anweisung.	Please reiterate the instruction.
Ich möchte das kurz wiederholen.	I want to reiterate that briefly.
Wir müssen die Bedingungen festlegen.	We must stipulate the conditions.
Sie wollen die Preise festlegen.	They want to stipulate the prices.
Ich vermute einen Fehler.	I surmise an error.
Wir vermuten eine Lösung.	We surmise a solution.
Wir transzendieren die Zeit.	We transcend time.
Sie wollen die Grenzen transzendieren.	They want to transcend the boundaries.
Wir unterstreichen die Wichtigkeit.	We underscore the importance.
Bitte unterstreichen Sie die Worte.	Please underscore the words.
Wir müssen den Knoten entwirren.	We must unravel the knot.
Sie versuchen das Rätsel entwirren.	They try to unravel the mystery.
Sie verunglimpfen die Konkurrenz.	They vilify the competition.
Sie wollen das rechtfertigen.	They want to justify that.
Das ist ein zweischneidiges Schwert.	That is a double-edged sword.
Hier ist ein zweischneidiges Schwert.	Here is a double-edged sword.
Das ist der Kern der Sache.	That is the crux of the matter.
Wo ist der Kern der Sache?	Where is the crux of the matter?
Das ist ein strittiger Punkt.	That is a moot point.
Ein strittiger Punkt bleibt.	A moot point remains.
Das ist auf lange Sicht gut.	That is good in the long run.
Wir planen auf lange Sicht.	We plan in the long run.
Das ist im Lichte von heute.	That is in light of today.
Im Lichte von gestern ist das neu.	In light of yesterday, that is new.
Er kommt aus dem gleichen Grund.	He comes for the same reason.
Ich sage das aus dem gleichen Grund.	I say that for the same reason.
Das ist auf Kosten von uns.	That is at the expense of us.
Er lebt auf Kosten von Eltern.	He lives at the expense of parents.
Das kam aus heiterem Himmel.	That came out of the blue.
Es regnet aus heiterem Himmel.	It rains out of the blue.
Nimm das mit einer Prise Salz.	Take that with a pinch of salt.
Ich lese es mit einer Prise Salz.	I read it with a pinch of salt.
Ich will den Advokaten des Teufels spielen.	I want to play devil's advocate.
Sie muss den Advokaten des Teufels spielen.	She must play devil's advocate.
Wir müssen auf derselben Seite sein.	We must be on the same page.
Sind wir auf derselben Seite sein?	Are we on the same page?
Du musst in den sauren Apfel beißen.	You must bite the bullet.
Ich will in den sauren Apfel beißen.	I want to bite the bullet.
Sie muss um das Mitternachtsöl zu verbrennen.	She must burn the midnight oil.
Wir wollen um das Mitternachtsöl zu verbrennen.	We want to burn the midnight oil.
Hier muss ich die Grenze ziehen.	Here I must draw the line.
Wir müssen die Grenze ziehen.	We must draw the line.
Bitte im Auge behalten.	Please keep an eye on it.
Wir sollten das im Auge behalten.	We should keep an eye on that.
Lass die Katze aus dem Sack lassen!	Let the cat out of the bag!
Er will die Katze aus dem Sack lassen.	He wants to let the cat out of the bag.
Ich beginne es für selbstverständlich zu halten.	I begin to take it for granted.
Du darfst es für selbstverständlich zu halten.	You may take it for granted.
Sie will ein Auge zudrücken.	She wants to turn a blind eye.
Wir müssen ein Auge zudrücken.	We must turn a blind eye.
Du bist auf dünnem Eis sein.	You are on thin ice.
Wir sind auf dünnem Eis sein.	We are on thin ice.
Das wird einen Arm und ein Bein kosten.	That will cost an arm and a leg.
Es muss einen Arm und ein Bein kosten.	It must cost an arm and a leg.
Er will einen Sinneswandel erleben.	He wants to have a change of heart.
Ich werde einen Sinneswandel erleben.	I will have a change of heart.
Wir wollen überglücklich sein.	We want to be over the moon.
Sie will überglücklich sein.	She wants to be over the moon.
Wir sollten auf Augenhöhe zu sehen.	We should see eye to eye.
Können wir auf Augenhöhe zu sehen?	Can we see eye to eye?
Du darfst auf dem Zaun sitzen.	You may sit on the fence.
Wir wollen auf dem Zaun sitzen.	We want to sit on the fence.
Bitte die Bohnen verschütten!	Please spill the beans!
Wer will die Bohnen verschütten?	Who wants to spill the beans?
Ich bin heute unter dem Wetter sein.	I am under the weather today.
Bist du unter dem Wetter sein?	Are you under the weather?
Wir wollen um das Eis zu brechen.	We want to break the ice.
Sie will um das Eis zu brechen.	She wants to break the ice.
Du musst den Nagel auf den Kopf treffen.	You must hit the nail on the head.
Wir wollen den Nagel auf den Kopf treffen.	We want to hit the nail on the head.
Sie will jemanden am Bein ziehen.	She wants to pull someone's leg.
Wir wollen jemanden am Bein ziehen.	We want to pull someone's leg.
Abschließend ist alles fertig.	In conclusion, everything is finished.
Das sage ich abschließend.	I say that in conclusion.
Um es zusammenzufassen, ist es teuer.	To sum up, it is expensive.
Wir gehen, um es zusammenzufassen.	We go to sum it up.
Im Gleichgewicht ist die Welt.	The world is on balance.
Alles bleibt im Gleichgewicht.	Everything remains on balance.
Im Wesentlichen ist es gut.	In essence, it is good.
Das ist im Wesentlichen richtig.	That is essentially correct.
Zusätzlich brauche ich Wasser.	In addition, I need water.
Ich nehme zusätzlich Brot.	I am taking bread in addition.
Im Gegensatz dazu ist das rot.	In contrast, that is red.
Sie ist klein, im Gegensatz dazu ist er groß.	She is small, in contrast he is big.
Im Gegenteil, ich bin müde.	On the contrary, I am tired.
Das ist im Gegenteil falsch.	That is, on the contrary, wrong.
Mit anderen Worten, es fehlt.	In other words, it is missing.
Das ist, mit anderen Worten, zu viel.	That is, in other words, too much.
Ich esse zum Beispiel Äpfel.	I eat apples, for instance.
Das ist zum Beispiel gut.	That is good, for instance.
Als Ergebnis ist er hier.	As a result, he is here.
Wir gewinnen als Ergebnis.	We win as a result.
An erster Stelle steht das Geld.	In the first place, the money is there.
Du stehst an erster Stelle.	You are in the first place.
Zunächst einmal trinke ich Tee.	To begin with, I drink tea.
Wir warten zunächst einmal.	We wait to begin with.
An zweiter Stelle kommt das Auto.	In the second place comes the car.
Du bist an zweiter Stelle.	You are in the second place.
Schließlich ist der Tag vorbei.	Lastly, the day is over.
Er kommt schließlich an.	He lastly arrives.
Erstens ist es zu kalt.	Firstly, it is too cold.
Erstens ist er nicht hier.	Firstly, he is not here.
Zweitens ist die Tür zu.	Secondly, the door is closed.
Zweitens kostet es viel.	Secondly, it costs a lot.
Drittens ist alles gut.	Thirdly, everything is good.
Drittens ist es zu spät.	Thirdly, it is too late.
Sie antworten wiederum schnell.	They in turn answer quickly.
Das passiert wiederum heute.	That happens in turn today.
Im Gegensatz dazu ist er alt.	By contrast, he is old.
Das ist im Gegensatz dazu neu.	That is, by contrast, new.
Im Vergleich ist das billig.	In comparison, that is cheap.
Das ist im Vergleich klein.	That is small in comparison.
Einerseits ist es schön.	On the one hand, it is beautiful.
Einerseits ist das wahr.	On the one hand, that is true.
Andererseits ist es zu teuer.	On the other hand, it is too expensive.
Andererseits ist er weg.	On the other hand, he is gone.
Alternativ nehmen wir den Bus.	Alternatively, we take the bus.
Wir gehen alternativ zu Fuß.	We go alternatively on foot.
Folglich ist er nicht da.	Consequently, he is not there.
Es regnet, folglich bleibe ich.	It rains, consequently I stay.
Das ist schlecht, daher gehe ich.	That is bad, hence I go.
Er ist krank, daher schläft er.	He is sick, hence he sleeps.
Dadurch wird es besser.	Thereby, it becomes better.
Wir lernen dadurch viel.	We learn a lot thereby.
Daraufhin ging er weg.	Thereupon, he went away.
Sie rief, daraufhin kam er.	She called, thereupon he came.
Das ist insbesondere wichtig.	That is notably important.
Ich mag insbesondere den Tee.	I notably like the tea.
Das ist hauptsächlich Wasser.	That is chiefly water.
Wir essen hauptsächlich Brot.	We eat chiefly bread.
Das Argument ist unwiderlegbar.	The argument is irrefutable.
Der Beweis bleibt unwiderlegbar.	The proof remains irrefutable.
Das Merkmal ist hervorstechend.	The feature is salient.
Ein hervorstechendes Detail sticht heraus.	A salient detail stands out.
Das Risiko ist inhärent.	The risk is inherent.
Es ist ein inhärentes Problem.	It is an inherent problem.
Das Netz ist allgegenwärtig.	The network is ubiquitous.
Lärm ist hier allgegenwärtig.	Noise is ubiquitous here.
Zeit ist von größter Bedeutung.	Time is of paramount importance.
Qualität ist von größter Bedeutung.	Quality is of paramount importance.
Der Fehler ist vernachlässigbar.	The error is negligible.
Das Risiko ist vernachlässigbar.	The risk is negligible.
Die Idee ist lebensfähig.	The idea is viable.
Ist das Projekt lebensfähig?	Is the project viable?
Das Glas ist undurchsichtig.	The glass is opaque.
Die Antwort bleibt undurchsichtig.	The answer remains opaque.
Der Einfluss ist allgegenwärtig.	The influence is pervasive.
Ein allgegenwärtiger Duft erfüllt den Raum.	A pervasive scent fills the room.
Das System ist robust.	The system is robust.
Er ist ein robusten Typ.	He is a robust guy.
Sein Blick ist hinterfragend.	His look is scrutinizing.
Sie ist sehr hinterfragend.	She is very scrutinizing.
Das Ergebnis ist greifbar.	The result is tangible.
Wir brauchen greifbare Beweise.	We need tangible evidence.
Das Erbe ist immateriell.	The heritage is intangible.
Glück ist oft immateriell.	Happiness is often intangible.
Das Hotel ist sehr opulent.	The hotel is very opulent.
Ein opulent gedeckter Tisch.	An opulent table.
Der Weg ist mühsam.	The path is arduous.
Die Arbeit war mühsam.	The work was arduous.
Das Urteil ist unumstößlich.	The judgment is incontrovertible.
Die Fakten sind unumstößlich.	The facts are incontrovertible.
Die Arbeit ist einwandfrei.	The work is impeccable.
Sein Stil ist einwandfrei.	His style is impeccable.
Das Ergebnis ist einwandfrei.	The result is flawless.
Die Haut ist einwandfrei.	The skin is flawless.
Er ist ein umsichtiger Mann.	He is a circumspect man.
Sie agiert sehr umsichtig.	She acts very circumspectly.
Die Implikation ist sehr komplex.	The implication is very complex.
Die Machbarkeit ist noch unklar.	The feasibility is still unclear.
Wir prüfen die Machbarkeit.	We are checking the feasibility.
Nachhaltigkeit ist heute sehr wichtig.	Sustainability is very important today.
Wir fördern die Nachhaltigkeit.	We promote sustainability.
Die Prävalenz steigt in dieser Stadt.	The prevalence is rising in this city.
Die Prävalenz ist überraschend hoch.	The prevalence is surprisingly high.
Das ist eine große Diskrepanz.	That is a big discrepancy.
Die Diskrepanz ist offensichtlich.	The discrepancy is obvious.
Die Kohärenz des Textes fehlt.	The coherence of the text is missing.
Wir brauchen mehr Kohärenz.	We need more coherence.
Die Gültigkeit endet morgen.	The validity ends tomorrow.
Die Zuverlässigkeit ist ein Vorteil.	The reliability is an advantage.
Seine Zuverlässigkeit ist bewundernswert.	His reliability is admirable.
Er hat eine Neigung zu Musik.	He has a propensity for music.
Diese Neigung ist genetisch.	This propensity is genetic.
Das ist nur eine Vermutung.	That is only a conjecture.
Deine Vermutung ist falsch.	Your conjecture is wrong.
Die Postulation war sehr kühn.	The postulation was very bold.
Wir diskutieren die Postulation.	We are discussing the postulation.
Das ist ein wichtiges Kriterium.	That is an important criterion.
Welches Kriterium nutzen wir?	Which criterion are we using?
Das ist ein neues Paradigma.	That is a new paradigm.
Wir ändern das Paradigma.	We are changing the paradigm.
Das Dogma ist sehr alt.	The dogma is very old.
Wir hinterfragen dieses Dogma.	We are questioning this dogma.
Die Hegemonie der Firma endet.	The hegemony of the company is ending.
Wer hat die Hegemonie?	Who has the hegemony?
Die Subvention hilft dem Bauer.	The subsidy helps the farmer.
Wir brauchen eine Subvention.	We need a subsidy.
Der Tarif ist zu hoch.	The tariff is too high.
Welchen Tarif wählen Sie?	Which tariff do you choose?
Die Quote ist fast voll.	The quota is almost full.
Wir erreichen die Quote.	We are reaching the quota.
Die Infrastruktur ist sehr modern.	The infrastructure is very modern.
Wir bauen die Infrastruktur aus.	We are expanding the infrastructure.
Die Demografie ändert sich schnell.	The demographics are changing quickly.
Wir analysieren die Demografie.	We are analyzing the demographics.
Die Inzidenz ist leider gestiegen.	The incidence has unfortunately risen.
Die Inzidenz sinkt langsam.	The incidence is slowly falling.
Die Zuordnung ist falsch.	The allocation is wrong.
Eine neue Zuordnung ist nötig.	A new allocation is necessary.
Die Zuschreibung ist subjektiv.	The attribution is subjective.
Ich lehne die Zuschreibung ab.	I reject the attribution.
Die Bestätigung kommt per Mail.	The corroboration comes by email.
Wir warten auf die Bestätigung.	We are waiting for the corroboration.
Die Authentizität ist wichtig.	The authenticity is important.
Wir prüfen die Authentizität.	We are checking the authenticity.
Seine Glaubwürdigkeit ist gering.	His credibility is low.
Die Glaubwürdigkeit ist verloren.	The credibility is lost.
Die Überprüfung dauert lange.	The verification takes a long time.
Wir starten die Überprüfung.	We are starting the verification.
Die Begründung ist nicht logisch.	The rationale is not logical.
Geben Sie eine Begründung an.	Provide a rationale.
Die Schlussfolgerung ist logisch.	The inference is logical.
Deine Schlussfolgerung ist falsch.	Your inference is wrong.
Der Abzug ist korrekt.	The deduction is correct.
Wir machen einen Abzug.	We are making a deduction.
Das ist eine reine Vermutung.	That is a pure supposition.
Ich habe eine Vermutung.	I have a supposition.
Der Konsens ist erreicht.	The consensus is reached.
Die Divergenz ist groß.	The divergence is large.
Wir sehen eine Divergenz.	We see a divergence.
Die Konvergenz der Linien erfolgt.	The convergence of the lines occurs.
Wir beobachten eine Konvergenz.	We are observing a convergence.
Die Komplexität ist ein Problem.	The intricacy is a problem.
Die Komplexität nimmt zu.	The intricacy is increasing.
Eine kleine Nuance fehlt.	A small nuance is missing.
Ich erkenne die Nuance.	I
Das ist eine Manifestation der Angst.	That is a manifestation of fear.
Die Manifestation war sehr deutlich.	The manifestation was very clear.
Das war der Höhepunkt des Tages.	That was the highlight of the day.
Der Höhepunkt kommt am Ende.	The culmination comes at the end.
