Salut, ça va ?	Hi, how is it going?
Salut à tous !	Hi everyone!
Bonsoir, monsieur.	Good evening, sir.
Bonsoir, je suis là.	Good evening, I am here.
Ravi de vous rencontrer, Pierre.	Nice to meet you, Pierre.
Je suis ravi de vous rencontrer.	I am nice to meet you.
Comment vas-tu aujourd'hui ?	How are you today?
Dis-moi, comment vas-tu ?	Tell me, how are you?
Merci beaucoup pour l'aide.	Thank you very much for the help.
Merci beaucoup, c'est gentil.	Thank you very much, that is kind.
Tu es le bienvenu ici.	You're welcome here.
Tu es le bienvenu chez moi.	You're welcome at my place.
Excuse-moi, où est le café ?	Excuse me, where is the cafe?
Excuse-moi, je suis en retard.	Excuse me, I am late.
Voici Mme Martin.	Here is Mrs. Martin.
Bonjour, Mme Legrand.	Hello, Mrs. Legrand.
Mademoiselle Julie est ici.	Miss Julie is here.
Bonjour, Mademoiselle.	Hello, Miss.
Merci, madame.	Thank you, madam.
Oui, madame, je sais.	Yes, madam, I know.
À plus tard, Marc.	See you later, Marc.
On se voit à plus tard.	We will see each other later.
Prends soin de toi, ami.	Take care, friend.
Prends soin de toi demain.	Take care tomorrow.
Passe une bonne journée !	Have a nice day!
S'il vous plaît, passe une bonne journée.	Please, have a nice day.
J'ai douze ans.	I am twelve years old.
Il y a douze œufs.	There are twelve eggs.
Il a quatorze ans.	He is fourteen years old.
Nous avons quatorze jours.	We have fourteen days.
Le prix est quinze euros.	The price is fifteen euros.
Elle a quinze ans.	She is fifteen years old.
Il y a dix-neuf chats.	There are nineteen cats.
J'ai dix-neuf livres.	I have nineteen books.
Il a vingt et un ans.	He is twenty-one years old.
Le livre a vingt et un chapitres.	The book has twenty-one chapters.
Cela coûte quarante euros.	That costs forty euros.
Il y a quarante jours.	There are forty days.
J'ai soixante dix ans.	I am seventy years old.
Il a soixante dix livres.	He has seventy books.
C'est quatre vingt euros.	It is eighty euros.
Il a quatre vingt ans.	He is eighty years old.
Le prix est quatre vingt dix euros.	The price is ninety euros.
Il a quatre vingt dix ans.	He is ninety years old.
C'est la cinquième porte.	It is the fifth door.
Je suis le cinquième.	I am the fifth.
C'est la sixième page.	It is the sixth page.
Il est le sixième.	He is the sixth.
C'est la huitième rue.	It is the eighth street.
Je suis la huitième.	I am the eighth.
C'est la neuvième heure.	It is the ninth hour.
Il est le neuvième.	He is the ninth.
C'est la dixième fois.	It is the tenth time.
Je suis le dixième.	I am the tenth.
J'ai une paire de chaussures.	I have a pair of shoes.
Où est la paire?	Where is the pair?
Lundi, je vais au cinéma.	Monday, I am going to the cinema.
C'est Lundi aujourd'hui.	It is Monday today.
Le lever du soleil est beau.	The sunrise is beautiful.
Regardez le lever du soleil.	Look at the sunrise.
Le coucher de soleil est rouge.	The sunset is red.
J'aime le coucher de soleil.	I love the sunset.
Ma soeur est petite.	My sister is small.
J'aime ma soeur.	I love my sister.
Mes grands-parents sont vieux.	My grandparents are old.
Voici mes grands-parents.	Here are my grandparents.
C'est mon petit-fils.	This is my grandson.
Le petit-fils est ici.	The grandson is here.
Ma petite-fille est mignonne.	My granddaughter is cute.
Elle est ma petite-fille.	She is my granddaughter.
Ce relatif est loin.	This relative is far.
Un relatif arrive demain.	A relative arrives tomorrow.
Mon camarade de classe est gentil.	My classmate is kind.
Je vois mon camarade de classe.	I see my classmate.
J'ai des frères et sœurs.	I have siblings.
Mes frères et sœurs sont grands.	My siblings are big.
Je mange un oeuf.	I am eating an egg.
L'oeuf est petit.	The egg is small.
Je veux une pomme de terre.	I want a potato.
La pomme de terre est chaude.	The potato is hot.
C'est un yaourt nature.	It is a plain yogurt.
Le yaourt est bon.	The yogurt is good.
L'oeil est bleu.	The eye is blue.
Un oeil fermé.	An eye closed.
Le pouce est court.	The thumb is short.
Mon pouce fait mal.	My thumb hurts.
La cheville est gonflée.	The ankle is swollen.
Il a une cheville forte.	He has a strong ankle.
Le coeur bat vite.	The heart beats fast.
Un coeur d'or.	A heart of gold.
Le salon est grand.	The living room is big.
Je suis dans le salon.	I am in the living room.
Ma chambre à coucher est bleue.	My bedroom is blue.
Il entre dans la chambre à coucher.	He enters the bedroom.
La salle de bain est petite.	The bathroom is small.
Où est la salle de bain ?	Where is the bathroom?
La garde-robe est ouverte.	The wardrobe is open.
Elle a une grande garde-robe.	She has a large wardrobe.
Le buffle est grand.	The buffalo is big.
Je vois un buffle.	I see a buffalo.
Le coq chante.	The rooster sings.
C'est un petit coq.	It is a small rooster.
Le kangourou saute.	The kangaroo jumps.
Un kangourou est ici.	A kangaroo is here.
Le panda mange.	The panda eats.
J'aime le panda.	I love the panda.
La grenouille est verte.	The frog is green.
Une grenouille saute.	A frog jumps.
L'aigle vole haut.	The eagle flies high.
C'est un bel aigle.	It is a beautiful eagle.
La salle de classe est grande.	The classroom is big.
Je suis dans la salle de classe.	I am in the classroom.
Le tableau noir est vieux.	The blackboard is old.
Regardez le tableau noir.	Look at the blackboard.
Le collège est fermé.	The college is closed.
Je vais au collège.	I am going to college.
Il est un ouvrier.	He is a worker.
L'ouvrier travaille ici.	The worker works here.
Il veut se tenir debout.	He wants to stand.
Vous vouloir le pain?	Do you want the bread?
Je dois s'habiller vite.	I must get dressed quickly.
Il aime s'habiller en noir.	He likes to dress in black.
C'est un jour de la semaine.	It is a weekday.
Quel jour de la semaine est-ce?	What day of the week is it?
Le matin est brumeux.	The morning is foggy.
Le paysage est brumeux.	The landscape is foggy.
J'entends le tonnerre.	I hear the thunder.
Le tonnerre est fort.	The thunder is loud.
Voici un bel arc en ciel.	Here is a beautiful rainbow.
L'arc en ciel est grand.	The rainbow is big.
La température est basse.	The temperature is low.
Quelle est la température?	What is the temperature?
La prévision est mauvaise.	The forecast is bad.
Je regarde la prévision.	I am looking at the forecast.
La congélation est lente.	The freezing is slow.
Le sac de congélation.	The freezing bag.
Je paye en espèces.	I pay in cash.
Il a tout en espèces.	He has everything in cash.
La boutique est fermée.	The shop is closed.
J'aime cette petite boutique.	I love this little shop.
Le supermarché est grand.	The supermarket is big.
Je vais au supermarché.	I am going to the supermarket.
Le centre commercial est loin.	The mall is far.
Voici le centre commercial.	Here is the mall.
Je ne veux pas dépenser.	I do not want to spend.
Tu vas dépenser trop.	You are going to spend too much.
Je peux enregistrer le fichier.	I can save the file.
Il faut enregistrer le document.	It is necessary to save the document.
J'ai beaucoup de temps libre.	I have a lot of free time.
Qu'est-ce que tu fais pendant ton temps libre?	What do you do during your free time?
Ma tablette est bleue.	My tablet is blue.
J'ai une tablette.	I have a tablet.
La clinique est ici.	The clinic is here.
Où est la clinique ?	Where is the clinic?
J'ai mal de ventre.	I have a stomachache.
Il a mal de ventre.	He has a stomachache.
J'ai mal de dents.	I have a toothache.
Elle a mal de dents.	She has a toothache.
Voici l'ordonnance.	Here is the prescription.
L'ordonnance est là.	The prescription is there.
Je veux se sentir mieux.	I want to feel better.
Tu peux se sentir mieux.	You can feel better.
J'ai une ordonnance pour ce médicament.	I have a prescription for this medication.
Où est le bureau de poste ?	Where is the post office?
Je vais au bureau de poste.	I am going to the post office.
La mosquée est très belle.	The mosque is very beautiful.
Il cherche la mosquée.	He is looking for the mosque.
C'est une petite boutique.	It is a small shop.
J'aime cette boutique.	I like this shop.
L'autobus est bleu.	The bus is blue.
Je prends l'autobus.	I take the bus.
La plateforme est grande.	The platform is big.
Où est la plateforme?	Where is the platform?
Le trafic est lent.	The traffic is slow.
Il y a du trafic.	There is traffic.
C'est un gros embouteillage.	It is a big traffic jam.
L'embouteillage est ici.	The traffic jam is here.
L'itinéraire est long.	The route is long.
Voici l'itinéraire.	Here is the route.
Mademoiselle est ici.	Miss is here.
Le calendrier est vieux.	The schedule is old.
Regardez le calendrier.	Look at the schedule.
Voici mon itinéraire.	Here is my route.
Sa carrière est très intéressante.	Her career is very interesting.
Je commence une nouvelle carrière.	I am starting a new career.
La date limite est demain.	The deadline is tomorrow.
Quelle est la date limite ?	What is the deadline?
Il veut une promotion.	He wants a promotion.
Elle a reçu une promotion.	She received a promotion.
Nous devons embaucher un expert.	We must hire an expert.
L'entreprise veut embaucher Paul.	The company wants to hire Paul.
Je veux postuler ici.	I want to apply here.
Voulez-vous postuler pour ce poste ?	Do you want to apply for this position?
Il faut reprendre le travail.	It is time to resume work.
Je peux reprendre la lecture.	I can resume the reading.
C'est une grande responsabilité.	It is a big responsibility.
Quelle est votre responsabilité ?	What is your responsibility?
Mon lieu de travail est calme.	My workplace is quiet.
J'aime mon lieu de travail.	I love my workplace.
Je veux prendre sa retraite.	I want to retire.
Il va prendre sa retraite bientôt.	He will retire soon.
C'est une belle réalisation.	It is a beautiful achievement.
Quelle est votre plus grande réalisation ?	What is your greatest achievement?
L'employeur est très gentil.	The employer is very kind.
Qui est votre nouvel employeur ?	Who is your new employer?
La conférence est intéressante.	The lecture is interesting.
Je vais à la conférence.	I am going to the lecture.
Il a une bourse d'études.	He has a scholarship.
La bourse d'études est utile.	The scholarship is useful.
L'éducation est très importante.	Education is very important.
Elle aime son éducation.	She likes her education.
Je dois mémoriser ce mot.	I must memorize this word.
Il peut mémoriser la liste.	He can memorize the list.
La diversité culturelle est belle.	Cultural diversity is beautiful.
C'est une tradition culturelle.	It is a cultural tradition.
Le menu est personnalisé.	The menu is personalized.
J'ai un plan personnalisé.	I have a personalized plan.
La cuisine locale est bonne.	The local cuisine is good.
J'aime la mode locale.	I love local fashion.
C'est un point de repère.	It is a landmark.
Je cherche le point de repère.	I am looking for the landmark.
Le village est petit.	The village is small.
J'aime mon village.	I love my village.
Je veux explorer la ville.	I want to explore the city.
On va explorer le bois.	We are going to explore the woods.
Je veux visiter Paris.	I want to visit Paris.
On va visiter le musée.	We are going to visit the museum.
Protégeons notre environnement.	Let's protect our environment.
L'environnement est fragile.	The environment is fragile.
La pollution est mauvaise.	Pollution is bad.
Il y a trop de pollution.	There is too much pollution.
C'est un sac en plastique.	It is a plastic bag.
Je n'aime pas le plastique en plastique.	I do not like plastic.
La température monte.	The temperature is rising.
La faune est diverse.	The wildlife is diverse.
J'aime observer la faune.	I love observing the wildlife.
C'est une énergie solaire.	It is solar energy.
Le panneau solaire fonctionne.	The solar panel works.
L'énergie renouvelable est utile.	Renewable energy is useful.
C'est un choix renouvelable.	It is a renewable choice.
Le carbone est partout.	Carbon is everywhere.
Le cycle du carbone change.	The carbon cycle is changing.
C'est un produit écologique.	It is an eco-friendly product.
Soyons plus écologique.	Let's be more eco-friendly.
L'internet est lent.	The internet is slow.
J'utilise internet.	I use the internet.
Mon téléphone intelligent est noir.	My smartphone is black.
Où est ton téléphone intelligent ?	Where is your smartphone?
C'est un bon site internet.	It is a good website.
Je visite ce site internet.	I am visiting this website.
Je veux télécharger le livre.	I want to download the book.
Peux-tu télécharger ce fichier ?	Can you download this file?
Je vais télécharger la photo.	I am going to upload the photo.
Il faut télécharger le document.	You must upload the document.
J'envoie un email.	I am sending an email.
Ton email est ici.	Your email is here.
Le serveur est hors ligne.	The server is offline.
Il est encore hors ligne.	He is still offline.
Mon mot de passe est secret.	My password is secret.
Oubliez votre mot de passe.	Forget your password.
Le réseau est très fort.	The network is very strong.
Cherchez le réseau.	Look for the network.
Le clavier est sans fil.	The keyboard is wireless.
C'est un réseau sans fil.	It is a wireless network.
Il faut mettre à jour.	It is necessary to update.
Je veux mettre à jour.	I want to update.
Cliquez sur le bouton.	Click on the button.
Veuillez cliquer ici.	Please click here.
J'aime les médias sociaux.	I like social media.
Les médias sociaux sont populaires.	Social media are popular.
C'est un monde numérique.	It is a digital world.
Le format est numérique.	The format is digital.
Le prix est relatif.	The price is relative.
C'est un fait relatif.	It is a relative fact.
Elle a une bonne relation.	She has a good relationship.
La relation est forte.	The relationship is strong.
Il faut respecter les parents.	It is necessary to respect parents.
Je veux respecter la loi.	I want to respect the law.
Cela peut dépendre du temps.	That can depend on the weather.
Tout peut dépendre de lui.	Everything can depend on him.
Ils s'entendre très bien.	They get along very well.
Nous s'entendre avec elle.	We get along with her.
Je veux prendre soin d'elle.	I want to take care of her.
Il doit prendre soin du chat.	He must take care of the cat.
Le canal est très profond.	The canal is very deep.
Il marche près du canal.	He is walking near the canal.
Ils vont diffuser le match.	They are going to broadcast the match.
Je veux diffuser cette vidéo.	I want to broadcast this video.
J'utilise les médias sociaux.	I use social media.
C'est une publicité pourNike.	It is an advertisement for Nike.
Je regarde la publicité.	I am watching the advertisement.
L'école est publique.	The school is public.
C'est une place publique.	It is a public square.
Je dois mettre à jour mon téléphone.	I must update my phone.
Peux-tu mettre à jour la liste?	Can you update the list?
Voici les dernières nouvelles.	Here are the breaking news.
Je lis les dernières nouvelles.	I am reading the breaking news.
Je veux publier un article.	I want to publish an article.
Il va publier son livre.	He is going to publish his book.
J'aime ma routine.	I love my routine.
C'est une routine simple.	It is a simple routine.
Un repas équilibré est bon.	A balanced meal is good.
Il veut un régime équilibré.	He wants a balanced diet.
C'est un style de vie sain.	It is a healthy lifestyle.
J'aime ton style de vie.	I love your lifestyle.
La méditation aide beaucoup.	Meditation helps a lot.
Je pratique la méditation.	I practice meditation.
L'alimentation est importante.	Nutrition is important.
Une bonne alimentation est utile.	Good nutrition is useful.
Cette protéine est pure.	This protein is pure.
Je mange plus de protéine.	I eat more protein.
Une calorie est une unité.	A calorie is a unit.
Je compte chaque calorie.	I count every calorie.
Le bien-être est essentiel.	Wellness is essential.
Je cherche le bien-être.	I am looking for wellness.
La remise en forme est dure.	Fitness is hard.
J'aime la remise en forme.	I love fitness.
Mon coeur est content.	My heart is happy.
L'inégalité est un problème grave.	Inequality is a serious problem.
Il lutte contre l'inégalité.	He fights against inequality.
La discrimination est interdite.	Discrimination is forbidden.
Stop la discrimination sociale.	Stop social discrimination.
Je cherche mon bien-être.	I am looking for my well-being.
Il est un bon citoyen.	He is a good citizen.
Le citoyen vote demain.	The citizen votes tomorrow.
Le gouvernement change.	The government is changing.
C'est un grand gouvernement.	It is a large government.
La protestation commence ici.	The protest starts here.
Une protestation est possible.	A protest is possible.
La sensibilisation est nécessaire.	Awareness is necessary.
Merci pour la sensibilisation.	Thank you for the awareness.
Je veux faire un don.	I want to donate.
Faire un don aide beaucoup.	Donating helps a lot.
Le logement est cher.	Housing is expensive.
Je cherche un nouveau logement.	I am looking for a new housing.
Les soins de santé coûtent cher.	Healthcare costs a lot.
J'ai besoin de soins de santé.	I need healthcare.
L'éducation est un droit.	Education is a right.
J'aime mon éducation.	I love my education.
Une nouvelle génération arrive.	A new generation is arriving.
C'est la première génération.	It is the first generation.
J'aide les personnes âgées.	I help elderly people.
Ils respectent les personnes âgées.	They respect elderly people.
La majorité est d'accord.	The majority agrees.
Une majorité a voté.	A majority voted.
Je déteste cette inégalité.	I hate this inequality.
Mes finances sont bonnes.	My finances are good.
Il gère ses finances.	He manages his finances.
Le bénéfice est bas.	The profit is low.
Nous voulons un bénéfice.	We want a profit.
C'est une dépense utile.	It is a useful expense.
La dépense est élevée.	The expense is high.
L'économie change vite.	The economy changes fast.
Il étudie l'économie.	He studies the economy.
J'ai des actions.	I have stocks.
Les actions montent.	The stocks are rising.
L'échange est rapide.	The exchange is fast.
C'est un échange juste.	It is a fair exchange.
C'est un grand atout.	It is a great asset.
Ton atout est clair.	Your asset is clear.
C'est une responsabilité lourde.	It is a heavy liability.
La responsabilité est partagée.	The liability is shared.
La croissance est lente.	The growth is slow.
Nous voyons la croissance.	We see the growth.
L'industrie est forte.	The industry is strong.
C'est une vieille industrie.	It is an old industry.
Je veux investir.	I want to invest.
Il doit investir ici.	He must invest here.
Je vais enregistrer ceci.	I am going to save this.
Il faut enregistrer tout.	It is necessary to save everything.
Tu peux dépenser ça.	You can spend that.
Le commerce est actif.	The trade is active.
C'est un commerce local.	It is a local trade.
Le fournisseur est tard.	The supplier is late.
C'est mon fournisseur.	It is my supplier.
Les services sont chers.	The services are expensive.
J'aime ces services.	I like these services.
La marge bénéficiaire monte.	The profit margin is rising.
La marge bénéficiaire chute.	The profit margin is falling.
Je veux expérimenter ce produit.	I want to experiment with this product.
On peut expérimenter ici.	One can experiment here.
C'est une belle découverte.	It is a beautiful discovery.
La découverte est importante.	The discovery is important.
Quelle est ta méthode ?	What is your method?
La méthode est simple.	The method is simple.
Prenez un échantillon.	Take a sample.
L'échantillon est petit.	The sample is small.
L'observation est lente.	The observation is slow.
Une observation précise est nécessaire.	A precise observation is necessary.
La conclusion est claire.	The conclusion is clear.
Je tire une conclusion.	I am drawing a conclusion.
Il peut prédire le temps.	He can predict the weather.
Je ne sais pas prédire.	I do not know how to predict.
On doit comparer les prix.	We must compare the prices.
Je veux comparer ces deux livres.	I want to compare these two books.
C'est une invention géniale.	It is a genius invention.
L'invention change tout.	The invention changes everything.
Les innovations sont rapides.	The innovations are fast.
Il aime les innovations.	He likes innovations.
J'étudie la biologie.	I study biology.
La biologie est fascinante.	Biology is fascinating.
La physique est difficile.	Physics is difficult.
Il aime la physique.	He likes physics.
La génétique est complexe.	Genetics is complex.
Elle étudie la génétique.	She studies genetics.
La molécule est petite.	The molecule is small.
C'est une molécule d'eau.	It is a water molecule.
La cellule est vivante.	The cell is alive.
Une cellule est minuscule.	A cell is tiny.
L'organisme est fragile.	The organism is fragile.
C'est un organisme marin.	It is a marine organism.
L'environnement est protégé.	The environment is protected.
Il respecte l'environnement.	He respects the environment.
Je dois valider le ticket.	I must validate the ticket.
Veuillez valider votre choix.	Please validate your choice.
Je protège mon environnement.	I protect my environment.
Elle a une personnalité forte.	She has a strong personality.
Sa personnalité est très calme.	His personality is very calm.
Il est très travailleur.	He is very hardworking.
Je suis un homme travailleur.	I am a hardworking man.
Elle est très sortante.	She is very outgoing.
Il est devenu plus sortant.	He became more outgoing.
Voici la conclusion du livre.	Here is the conclusion of the book.
Quelle est votre conclusion ?	What is your conclusion?
Elle fait une réclamation.	She is making a claim.
La réclamation est reçue.	The claim is received.
Quelle est la signification ?	What is the significance?
La signification est claire.	The significance is clear.
L'implication est grave.	The implication is serious.
Je comprends l'implication.	I understand the implication.
Je veux évaluer le prix.	I want to evaluate the price.
Il faut évaluer le risque.	It is necessary to evaluate the risk.
Pouvez-vous justifier ce choix ?	Can you justify this choice?
Il doit justifier son acte.	He must justify his act.
Il aime critiquer tout.	He likes to criticize everything.
Ne pas critiquer le plan.	Do not criticize the plan.
Nous devons analyser les données.	We must analyze the data.
Je vais analyser le texte.	I am going to analyze the text.
Comment interpréter ce signe ?	How to interpret this sign?
Elle peut interpréter le rôle.	She can interpret the role.
Je peux résumer l'histoire.	I can summarize the story.
Il veut résumer le livre.	He wants to summarize the book.
On peut comparer les deux.	One can compare the two.
Voulez-vous comparer les prix ?	Do you want to compare prices?
Le contraste est fort.	The contrast is strong.
Il y a un contraste net.	There is a sharp contrast.
Il veut conclure le débat.	He wants to conclude the debate.
Je peux conclure maintenant.	I can conclude now.
On peut déduire la réponse.	One can infer the answer.
Je peux déduire que oui.	I can infer that yes.
On peut déduire le résultat.	One can deduce the result.
Je déduire sa présence.	I deduce his presence.
C'est fondé sur des preuves.	It is evidence-based.
L'argument est fondé sur des preuves.	The argument is evidence-based.
Le ticket est valide.	The ticket is valid.
C'est un choix valide.	It is a valid choice.
Le code est invalide.	The code is invalid.
C'est un argument invalide.	It is an invalid argument.
L'argument est persuasif.	The argument is persuasive.
Il est très persuasif.	He is very persuasive.
C'est une grande faiblesse.	It is a great weakness.
Je vois une faiblesse.	I see a weakness.
Son implication dans le projet est totale.	His involvement in the project is total.
Le marché mondial est vaste.	The global market is vast.
C'est un problème mondial.	It is a global problem.
Le changement climatique est réel.	Climate change is real.
On combat le changement climatique.	We fight climate change.
L'immigration est un sujet complexe.	Immigration is a complex subject.
Elle étudie l'immigration.	She studies immigration.
Le conflit dure depuis longtemps.	The conflict has lasted a long time.
Il veut éviter le conflit.	He wants to avoid the conflict.
La négociation commence demain.	The negotiation begins tomorrow.
Nous sommes en négociation.	We are in negotiation.
Le bois est durable.	The wood is sustainable.
C'est un choix durable.	It is a sustainable choice.
Le développement est lent.	The development is slow.
Il favorise le développement.	He favors development.
La pollution est grave.	The pollution is serious.
On réduit la pollution.	We are reducing pollution.
La déforestation nuit à la forêt.	Deforestation harms the forest.
On observe la déforestation.	We observe the deforestation.
La sécheresse tue les plantes.	The drought kills the plants.
C'est une longue sécheresse.	It is a long drought.
L'inondation a tout détruit.	The flood destroyed everything.
On craint l'inondation.	We fear the flood.
La famine touche an own pays.	Famine affects several countries.
C'est une famine terrible.	It is a terrible famine.
La migration est naturelle.	Migration is natural.
Ils analysent la migration.	They analyze the migration.
On doit sanctionner le fautif.	We must sanction the culprit.
Il faut sanctionner l'erreur.	It is necessary to sanction the error.
La coalition est forte.	The coalition is strong.
Ils forment une coalition.	They are forming a coalition.
L'alliance est scellée.	The alliance is sealed.
C'est une alliance solide.	It is a solid alliance.
La pandémie est terminée.	The pandemic is over.
C'était une pandémie mondiale.	It was a global pandemic.
L'énergie est renouvelable.	The energy is renewable.
C'est un resource renouvelable.	It is a renewable resource.
La préservation est essentielle.	Conservation is essential.
Elle travaille pour la préservation.	She works for conservation.
La biodiversité est riche.	Biodiversity is rich.
On protège la biodiversité.	We protect biodiversity.
La stabilité est revenue.	Stability has returned.
Il cherche la stabilité.	He seeks stability.
La tension monte.	The tension is rising.
Il y a une tension ici.	There is a tension here.
Une inondation arrive vite.	A flood arrives quickly.
Le thème est intéressant.	The theme is interesting.
Quel est le thème?	What is the theme?
La galerie est ouverte.	The gallery is open.
Je visite la galerie.	I am visiting the gallery.
L'exposition est gratuite.	The exhibition is free.
J'aime cette exposition.	I like this exhibition.
La sculpture est grande.	The sculpture is big.
C'est une belle sculpture.	It is a beautiful sculpture.
C'est un chef d'oeuvre.	It is a masterpiece.
Le chef d'oeuvre est ici.	The masterpiece is here.
Le paysage est beau.	The landscape is beautiful.
Je peins un paysage.	I am painting a landscape.
Le résumé est court.	The summary is short.
Lisez le résumé ici.	Read the summary here.
Elle est ma source d'inspiration.	She is my source of inspiration.
Où est votre source d'inspiration?	Where is your source of inspiration?
Ses expressions sont claires.	His expressions are clear.
J'aime vos expressions.	I like your expressions.
Le symbole est rouge.	The symbol is red.
C'est un symbole fort.	It is a strong symbol.
La métaphore est utile.	The metaphor is useful.
C'est une métaphore simple.	It is a simple metaphor.
Je lis une fiction.	I am reading a fiction.
La fiction est amusante.	The fiction is fun.
La non-fiction est vraie.	The non-fiction is true.
Je préfère la non-fiction.	I prefer non-fiction.
C'est une biographie courte.	It is a short biography.
J'écris ma biographie.	I am writing my biography.
Nous devons dialoguer.	We must dialogue.
Voulez-vous dialoguer?	Do you want to dialogue?
Le verset est court.	The verse is short.
Lisez le verset suivant.	Read the following verse.
Je veux accomplir ma mission.	I want to accomplish my mission.
Il peut accomplir ce travail.	He can accomplish this work.
Il faut maintenir le calme.	It is necessary to maintain the calm.
Je veux maintenir le contact.	I want to maintain contact.
Ils exiger un paiement rapide.	They require a fast payment.
Les règles exiger du respect.	The rules require respect.
Cela peut consister en un jeu.	This can consist of a game.
Les cours consister en lectures.	The courses consist of readings.
Je veux souligner ce point.	I want to emphasize this point.
Il doit souligner l'importance.	He must emphasize the importance.
Tous contribuer au projet.	Everyone contribute to the project.
Je veux contribuer un peu.	I want to contribute a little.
Je veux reconnaître ton talent.	I want to acknowledge your talent.
Ils doivent reconnaître l'erreur.	They must acknowledge the error.
Il faut établir un plan.	It is necessary to establish a plan.
Je veux établir un lien.	I want to establish a link.
C'est un bénéfice réel.	It is a real benefit.
Le bénéfice est petit.	The benefit is small.
Cela peut affecter le prix.	That can affect the price.
Le froid peut affecter la peau.	The cold can affect the skin.
Je veux augmenter le volume.	I want to increase the volume.
Le prix peut augmenter.	The price can increase.
Il faut diminuer le bruit.	It is necessary to decrease the noise.
Je veux diminuer mon stress.	I want to decrease my stress.
Je veux réduire le sucre.	I want to reduce the sugar.
Il faut réduire les coûts.	It is necessary to reduce costs.
Je veux encourager les élèves.	I want to encourage the students.
Il faut encourager l'art.	It is necessary to encourage art.
Ne pas décourager l'équipe.	Do not discourage the team.
Le froid peut décourager.	The cold can discourage.
Je veux persuader mon ami.	I want to persuade my friend.
Il peut persuader le jury.	He can persuade the jury.
Je veux convaincre mon père.	I want to convince my father.
Il faut convaincre le client.	It is necessary to convince the client.
Je veux suggérer un livre.	I want to suggest a book.
Il peut suggérer un lieu.	He can suggest a place.
L'estimation est très haute.	The estimate is very high.
Voici mon estimation finale.	Here is my final estimate.
Je veux calculer le prix.	I want to calculate the price.
Il faut calculer la distance.	It is necessary to calculate the distance.
Je veux déterminer la cause.	I want to determine the cause.
Il doit déterminer le sens.	He must determine the meaning.
Je veux considérer l'offre.	I want to consider the offer.
Il faut considérer les faits.	It is necessary to consider the facts.
Les yeux refléter la joie.	The eyes reflect the joy.
Les eaux refléter le ciel.	The waters reflect the sky.
Cela peut indiquer un problème.	That can indicate a problem.
Le signe peut indiquer le nord.	The sign can indicate north.
Je veux clarifier ce point.	I want to clarify this point.
Il faut clarifier la situation.	It is necessary to clarify the situation.
Ce paradigme change tout.	This paradigm changes everything.
Le paradigme est nouveau.	The paradigm is new.
La méthodologie est claire.	The methodology is clear.
Quelle est votre méthodologie ?	What is your methodology?
Le consensus est total.	The consensus is total.
Nous cherchons un consensus.	We are looking for a consensus.
La corrélation est faible.	The correlation is weak.
Voyez-vous une corrélation ?	Do you see a correlation?
La justification est nécessaire.	The justification is necessary.
Quelle est votre justification ?	What is your justification?
C'est un fait empirique.	It is an empirical fact.
La preuve est empirique.	The proof is empirical.
Le cadre est théorique.	The framework is theoretical.
C'est un risque théorique.	It is a theoretical risk.
Le contexte est important.	The context is important.
Changez le contexte.	Change the context.
C'est un aspect clé.	It is a key aspect.
Cet aspect est complexe.	This aspect is complex.
Le facteur est déterminant.	The factor is determining.
Un facteur change tout.	One factor changes everything.
L'ensemble de données est grand.	The data set is large.
L'ensemble de données est prêt.	The data set is ready.
Les statistiques sont justes.	The statistics are correct.
Lisez les statistiques.	Read the statistics.
La pertinence est faible.	The relevance is low.
Je doute de sa pertinence.	I doubt its relevance.
La validité est prouvée.	The validity is proven.
Vérifiez la validité.	Verify the validity.
La fiabilité est essentielle.	The reliability is essential.
La fiabilité est bonne.	The reliability is good.
Il veut extrapoler les faits.	He wants to extrapolate the facts.
On peut extrapoler ici.	One can extrapolate here.
Il faut quantifier le risque.	It is necessary to quantify the risk.
Peut-on quantifier cela ?	Can we quantify this?
Le contraste est frappant.	The contrast is striking.
Il y a un contraste.	There is a contrast.
Il doit synthétiser le texte.	He must synthesize the text.
Je vais synthétiser les idées.	I will synthesize the ideas.
Il faut examiner le dossier.	It is necessary to examine the file.
Je veux examiner la preuve.	I want to examine the evidence.
C'est une affirmation forte.	It is a strong assertion.
Son affirmation est fausse.	His assertion is false.
La prémisse est fausse.	The premise is false.
Quelle est la prémisse ?	What is the premise?
J'utilise cet ensemble de données.	I am using this data set.
Le délégué arrive bientôt.	The delegate arrives soon.
Il est le délégué.	He is the delegate.
Cela peut faciliter le travail.	That can facilitate the work.
Je veux faciliter le processus.	I want to facilitate the process.
Je vais assurer la liaison.	I will liaise.
Il doit assurer la liaison.	He must liaise.
Nous devons mettre en œuvre le plan.	We must implement the plan.
Il faut mettre en œuvre l'idée.	It is necessary to implement the idea.
Je peux superviser le projet.	I can oversee the project.
Elle doit superviser l'équipe.	She must oversee the team.
On veut rationaliser le flux.	We want to streamline the flow.
Il faut rationaliser les coûts.	It is necessary to streamline the costs.
Je dois prioriser mes tâches.	I must prioritize my tasks.
Il faut prioriser ce dossier.	It is necessary to prioritize this file.
Nous allons collaborer ensemble.	We are going to collaborate together.
Je veux collaborer avec vous.	I want to collaborate with you.
Il faut optimiser le temps.	It is necessary to optimize the time.
On peut optimiser le moteur.	We can optimize the engine.
Nous devons élaborer une stratégie.	We must strategize.
Je vais élaborer une stratégie.	I will strategize.
Je dois planifier la réunion.	I must plan the meeting.
Il veut planifier son voyage.	He wants to plan his trip.
Je vais organiser le bureau.	I am going to organize the office.
Elle peut organiser la fête.	She can organize the party.
Il faut coordonner les efforts.	It is necessary to coordinate the efforts.
Nous devons coordonner le projet.	We must coordinate the project.
Je veux motiver l'équipe.	I want to motivate the team.
Il peut motiver les gens.	He can motivate people.
Vous pouvez m'inspirer.	You can inspire me.
Ses mots vont inspirer tout le monde.	His words will inspire everyone.
Il est mon mentor.	He is my mentor.
Je cherche un mentor.	I am looking for a mentor.
Je vais superviser le stage.	I will supervise the internship.
Elle doit superviser le site.	She must oversee the site.
Je veux évaluer le risque.	I want to evaluate the risk.
Il faut évaluer les résultats.	It is necessary to evaluate the results.
Nous devons communiquer plus.	We must communicate more.
Je veux communiquer avec lui.	I want to communicate with him.
Ces deux idées peuvent correspondre.	These two ideas can correspond.
Les dates ne vont pas correspondre.	The dates will not correspond.
Le calendrier est complet.	The schedule is full.
Il faut alloueren budget.	It is necessary to allocate a budget.
Je peux allouer plus de temps.	I can allocate more time.
C'est un jalon important.	It is an important milestone.
Nous avons atteint un jalon.	We have reached a milestone.
Ma charge de travail est lourde.	My workload is heavy.
Réduisons la charge de travail.	Let's reduce the workload.
Il est très proactif.	He is very proactive.
Soyez proactif au travail.	Be proactive at work.
Je dois effectuer ce travail.	I must carry out this work.
Il veut effectuer un test.	He wants to carry out a test.
Cela peut provoquer un accident.	That can bring about an accident.
Le vent peut provoquer des chutes.	The wind can bring about falls.
Je vais examiner le dossier.	I am going to look into the file.
L'expert doit examiner la preuve.	The expert must look into the evidence.
Je vais remettre à plus tard le dîner.	I will put off dinner.
Ne remettre à plus tard le projet.	Do not put off the project.
Il veut souligner ce point.	He wants to point out this point.
Je dois souligner l'erreur.	I must point out the error.
Nous allons mettre en place le plan.	We are going to set up the plan.
Elle peut mettre en place le décor.	She can set up the decor.
Je vais s'entraîner au gym.	I am going to work out at the gym.
Il aime s'entraîner le matin.	He likes to work out in the morning.
Cela compte pour beaucoup.	That accounts for a lot.
Le score compte pour la victoire.	The score accounts for the victory.
Le produit peut se décomposer.	The product can break down.
Le sucre peut se décomposer ainsi.	The sugar can break down this way.
Ils vont élever un enfant.	They are going to bring up a child.
Il veut élever sonic chien.	He wants to bring up his dog.
Je dois réduire le sucre.	I must cut down on sugar.
Nous devons réduire les coûts.	We must cut down on costs.
Je vais traiter avec lui.	I will deal with him.
Elle doit traiter avec le client.	She must deal with the client.
Je dois remplir le formulaire.	I must fill in the form.
Veuillez remplir le papier.	Please fill in the paper.
Je vais s'entendre avec lui.	I will get along with him.
Ils savent s'entendre avec nous.	They know how to get along with us.
Elle peut s'en remettre vite.	She can get over it quickly.
Il doit s'en remettre seul.	He must get over it alone.
Nous allons passer par ici.	We are going to go through here.
Il doit passer par Paris.	He must go through Paris.
Je vais s'occuper du chat.	I will look after the cat.
Elle peut s'occuper du bébé.	She can look after the baby.
j'attends avec impatience le jour.	I look forward to the day.
j'attends avec impatience ton appel.	I look forward to your call.
Elle veut se maquiller.	She wants to make up.
Je vais me maquiller vite.	I will make up quickly.
Il doit se présenter ici.	He must show up here.
Ils vont se présenter demain.	They will show up tomorrow.
Je vais prendre après mon père.	I will take after my father.
Elle peut prendre après sa mère.	She can take after her mother.
L'avion va décoller maintenant.	The plane will take off now.
Le vol doit décoller tôt.	The flight must take off early.
Ils vont se présenter au club.	They will turn up at the club.
Je veux se présenter au rendez-vous.	I want to turn up at the meeting.
Il doit liquider la société.	He must wind up the company.
Nous allons liquider le stock.	We are going to wind up the stock.
La législation est complexe.	The legislation is complex.
Il étudie la législation.	He studies the legislation.
C'est une juridiction civile.	It is a civil jurisdiction.
Quelle est votre juridiction?	What is your jurisdiction?
L'amendement est nécessaire.	The amendment is necessary.
Ils votent l'amendement.	They are voting on the amendment.
La Constitution est ancienne.	The Constitution is old.
Lisez la Constitution.	Read the Constitution.
Le pouvoir judiciaire est indépendant.	The judiciary is independent.
Il respecte le pouvoir judiciaire.	He respects the judiciary.
Le référendum est dimanche.	The referendum is Sunday.
Ils organisent un référendum.	They are organizing a referendum.
La souveraineté est absolue.	The sovereignty is absolute.
Ils défendent leur souveraineté.	They defend their sovereignty.
Le parlement est grand.	The parliament is big.
Elle travaille au parlement.	She works at the parliament.
L'armoire est fermée.	The cabinet is closed.
Rangez l'armoire.	Tidy the cabinet.
La bureaucratie est lente.	The bureaucracy is slow.
Je déteste la bureaucratie.	I hate the bureaucracy.
La réglementation change.	The regulation changes.
Suivez la réglementation.	Follow the regulation.
Le statut est clair.	The statute is clear.
Changez le statut.	Change the statute.
La clause est invalide.	The clause is invalid.
Lisez cette clause.	Read this clause.
Le défendeur est présent.	The defendant is present.
Le défendeur nie tout.	The defendant denies everything.
Le demandeur attend.	The plaintiff is waiting.
Le demandeur est ici.	The plaintiff is here.
Le témoignage est faux.	The testimony is false.
Elle donne son témoignage.	She gives her testimony.
La condamnation est dure.	The conviction is harsh.
Il accepte la condamnation.	He accepts the conviction.
La pénalité est élevée.	The penalty is high.
Payez la pénalité.	Pay the penalty.
Il faut sanctionner cela.	It is necessary to sanction this.
On doit sanctionner l'erreur.	We must sanction the error.
La circonscription est vaste.	The constituency is vast.
Il visite sa circonscription.	He visits his constituency.
Il propose un amendement.	He proposes an amendment.
Sa moralité est très stricte.	His morality is very strict.
La moralité guide ses choix.	Morality guides his choices.
La perception change avec l'âge.	Perception changes with age.
C'est une perception erronée.	It is a wrong perception.
La Doctrine est ancienne.	The Doctrine is ancient.
Il suit cette Doctrine.	He follows this Doctrine.
Cette idéologie est complexe.	This ideology is complex.
L'idéologie influence la société.	Ideology influences society.
Son scepticisme est profond.	His skepticism is deep.
Le scepticisme aide à réfléchir.	Skepticism helps one reflect.
C'est un choix existentiel.	It is an existential choice.
Le vide existentiel est réel.	Existential emptiness is real.
C'est un vrai paradoxe.	It is a true paradox.
Le paradoxe est fascinant.	The paradox is fascinating.
Une croyance forte aide.	A strong belief helps.
Quelle est ta croyance?	What is your belief?
La notion est floue.	The concept is blurry.
C'est une notion nouvelle.	It is a new concept.
Voici un court résumé.	Here is a short summary.
Le résumé est clair.	The summary is clear.
Elle a une certitude totale.	She has total certainty.
La certitude est rare.	Certainty is rare.
La contemplation apporte la paix.	Contemplation brings peace.
Il aime la contemplation.	He loves contemplation.
L'existence est un mystère.	Existence is a mystery.
L'existence humaine est brève.	Human existence is brief.
L'épistémologie est une science.	Epistemology is a science.
Il étudie l'épistémologie.	He studies epistemology.
Le libre arbitre existe.	Free will exists.
J'utilise mon libre arbitre.	I use my free will.
Le déterminisme est logically strict.	Determinism is logically strict.
Il croit au déterminisme.	He believes in determinism.
Il doute de son existence.	He doubts his existence.
Il a plu, par conséquent je suis mouillé.	It rained, consequently I am wet.
Tu as tort, par conséquent tu perds.	You are wrong, consequently you lose.
L'ordre change, agissez en conséquence.	The order changes, act accordingly.
Le prix monte, payez en conséquence.	The price rises, pay accordingly.
Il aime le thé, à l'inverse je préfère le café.	He likes tea, conversely I prefer coffee.
Elle est calme, à l'inverse il est nerveux.	She is calm, conversely he is nervous.
Il a mangé, par la suite il a dormi.	He ate, subsequently he slept.
On lit, par la suite on écrit.	We read, subsequently we write.
Le verre tombera inévitablement.	The glass will inevitably fall.
L'erreur arrive inévitablement.	The error happens inevitably.
C'est sans doute le meilleur gâteau.	It is arguably the best cake.
Il est sans doute très riche.	He is arguably very rich.
Mange ta soupe, sinon elle refroidit.	Eat your soup, otherwise it gets cold.
Pars vite, sinon tu es en retard.	Leave quickly, otherwise you are late.
J'aime les fruits, surtout les pommes.	I love fruits, especially apples.
Il travaille surtout le soir.	He works especially in the evening.
C'est particulièrement difficile aujourd'hui.	It is particularly difficult today.
Elle est particulièrement gentille.	She is particularly kind.
Il chante remarquablement bien.	He sings remarkably well.
Le ciel est remarquablement bleu.	The sky is remarkably blue.
C'est sans aucun doute vrai.	It is undoubtedly true.
Elle est sans aucun doute ici.	She is undoubtedly here.
Il est vraisemblablement malade.	He is presumably sick.
C'est vraisemblablement une erreur.	It is presumably a mistake.
Il est apparemment fatigué.	He is apparently tired.
Elle est apparemment seule.	She is apparently alone.
C'est apparemment trop tard.	It is seemingly too late.
Il semble apparemment calme.	He is seemingly calm.
Il mange principalement des légumes.	He eats primarily vegetables.
C'est principalement un problème de temps.	It is primarily a problem of time.
C'est exclusivement pour les membres.	It is exclusively for members.
Il boit exclusivement de l'eau.	He drinks exclusively water.
Il fait de plus en plus froid.	It is getting increasingly cold.
Elle parle de plus en plus français.	She speaks more and more French.
Le prix a monté de manière significative.	The price increased significantly.
Elle a progressé de manière significative.	She improved significantly.
Le vent a considérablement changé.	The wind has changed considerably.
Le prix a considérablement baissé.	The price has dropped considerably.
C'est purement accidentel.	It is purely accidental.
Le choix est purement formel.	The choice is purely formal.
C'est strictement interdit ici.	It is strictly forbidden here.
Le règlement est strictement appliqué.	The rule is strictly applied.
C'est explicitement écrit dans le livre.	It is explicitly written in the book.
Il a explicitement dit non.	He explicitly said no.
L'accord est implicitement accepté.	The agreement is implicitly accepted.
Elle a implicitement refusé.	She implicitly refused.
Un gain substantiel est nécessaire.	A substantial gain is necessary.
Le montant est substantiel.	The amount is substantial.
Son message est ambigu.	His message is ambiguous.
C'est un choix ambigu.	It is an ambiguous choice.
Soyez pragmatique ici.	Be pragmatic here.
Il a un esprit pragmatique.	He has a pragmatic mind.
Ce système est sophistiqué.	This system is sophisticated.
C'est un goût sophistiqué.	It is a sophisticated taste.
Son argument est persuasif.	His argument is persuasive.
Elle est très persuasive.	She is very persuasive.
L'explication est plausible.	The explanation is plausible.
Ce scénario semble plausible.	This scenario seems plausible.
C'est un détail subtil.	It is a subtle detail.
Le parfum est très subtil.	The scent is very subtle.
Le ton est nuancé.	The tone is nuanced.
C'est un avis nuancé.	It is a nuanced opinion.
Le récit est incohérent.	The story is inconsistent.
C'est un plan incohérent.	It is an inconsistent plan.
C'est un résumé abstrait.	It is an abstract summary.
Le concept reste résumé.	The concept remains summarized.
Le mur est en béton.	The wall is made of concrete.
C'est un bloc de béton.	It is a block of concrete.
Le prix est explicite.	The price is explicit.
Le mode est explicite.	The method is explicit.
Le sens est implicite.	The meaning is implicit.
L'accord est implicite.	The agreement is implicit.
Le trait prédominant est clair.	The predominant trait is clear.
Le groupe prédominant gagne.	The predominant group wins.
Il veut réfuter cet argument.	He wants to refute this argument.
Je peux réfuter votre idée.	I can refute your idea.
Je dois justifier mon choix.	I must substantiate my choice.
Elle peut justifier son action.	She can substantiate her action.
Je veux concéder ce point.	I want to concede this point.
Il doit concéder la défaite.	He must concede defeat.
Le contrat peut stipuler cela.	The contract can stipulate that.
Ils vont stipuler le prix.	They will stipulate the price.
Je vais émettre une hypothèse.	I am going to hypothesize.
On peut émettre une hypothèse.	One can hypothesize.
Il est un défenseur fort.	He is a strong advocate.
Je suis un défenseur sincère.	I am a sincere advocate.
Elle doit souligner le risque.	She must emphasize the risk.
Je veux clarifier la situation.	I want to clarify the situation.
Il faut clarifier ce texte.	It is necessary to clarify this text.
Je veux maintenir le prix.	I want to maintain the price.
Il doit maintenir son calme.	He must maintain his calm.
Je veux proposer un plan.	I want to propose a plan.
Elle peut proposer une idée.	She can propose an idea.
Voici ma réclamation officielle.	Here is my official claim.
La réclamation est juste.	The claim is fair.
Ils veulent s'opposer au plan.	They want to oppose the plan.
Je refuse de s'opposer ici.	I refuse to oppose here.
Le litige est très long.	The dispute is very long.
Ce litige est complexe.	This dispute is complex.
Tu ne peux pas me contredire.	You cannot contradict me.
Il veut contredire le témoin.	He wants to contradict the witness.
Je dois rejeter l'offre.	I must reject the offer.
Il veut rejeter l'idée.	He wants to reject the idea.
Je veux reconnaître l'erreur.	I want to acknowledge the error.
Ils vont reconnaître le chef.	They will acknowledge the leader.
Je dois admettre mon tort.	I must admit my fault.
Elle veut admettre la vérité.	She wants to admit the truth.
Nous allons conclure l'accord.	We are going to conclude the agreement.
Je peux déduire la réponse.	I can infer the answer.
Il peut déduire le sens.	He can infer the meaning.
Je veux déduire le total.	I want to deduce the total.
On peut déduire le prix.	One can deduce the price.
Ils vont faire allusion à lui.	They will allude to him.
Je veux faire allusion à ça.	I want to allude to that.
Je veux illustrer mon propos.	I want to illustrate my point.
Ce livre peut illustrer l'idée.	This book can illustrate the idea.
Je peux illustrer ce cas.	I can exemplify this case.
Il veut illustrer son succès.	He wants to exemplify his success.
Elle peut valider le choix.	She can validate the choice.
Le gain est substantiel.	The gain is substantial.
Un montant substantiel est requis.	A substantial amount is required.
Le risque est considérable.	The risk is considerable.
Un effort considérable est nécessaire.	A considerable effort is necessary.
Le profit reste marginal.	The profit remains marginal.
C'est un gain marginal.	It is a marginal gain.
Le changement est progressif.	The change is gradual.
Le rythme est progressif.	The pace is gradual.
Les prix peuvent fluctuer.	Prices can fluctuate.
Les taux vont fluctuer.	The rates will fluctuate.
Le plateau est stable.	The plateau is stable.
Il a atteint un plateau.	He reached a plateau.
Les ventes vont augmenter.	Sales will increase.
Le prix doit augmenter.	The price must increase.
Les coûts vont diminuer.	Costs will decrease.
Le risque peut diminuer.	The risk can decrease.
Une montée subite du prix.	A sudden surge in price.
La montée subite est rapide.	The sudden surge is fast.
Le cours va s'envoler.	The price will soar.
Les oiseaux vont s'envoler.	The birds will fly away.
Il faut stabiliser le cours.	It is necessary to stabilize the price.
Le prix doit stabiliser.	The price must stabilize.
Les ventes vont se stabiliser.	Sales will level off.
Le marché peut se stabiliser.	The market can level off.
C'est une pointe de fièvre.	It is a spike in fever.
Le prix a fait une pointe.	The price spiked.
Ils sont en infériorité numérique.	They are outnumbered.
L'équipe est en infériorité numérique.	The team is outnumbered.
La proportion est égale.	The proportion is equal.
Une faible proportion d'eau.	A small proportion of water.
Le pourcentage est bas.	The percentage is low.
Quel est le pourcentage ?	What is the percentage?
Le chiffre est faux.	The figure is wrong.
Ce chiffre est bas.	This figure is low.
Les statistiques sont claires.	The statistics are clear.
Voici les statistiques.	Here are the statistics.
Une comparaison est utile.	A comparison is useful.
La comparaison est difficile.	The comparison is difficult.
L'estimation est basse.	The estimate is low.
Voici une estimation rapide.	Here is a quick estimate.
Ils vont dépasser le seuil.	They will exceed the threshold.
Le prix peut dépasser cent euros.	The price may exceed one hundred euros.
Il compte pour beaucoup.	He accounts for a lot.
Cela compte pour peu.	That accounts for little.
Il avance progressivement.	He advances gradually.
Le prix monte progressivement.	The price rises gradually.
Il travaille régulièrement.	He works steadily.
Il monte régulièrement.	It rises steadily.
Le prix monte brusquement.	The price rises sharply.
Il a tourné brusquement.	He turned sharply.
Le prix a chuté dramatiquement.	The price dropped dramatically.
Il a changé dramatiquement.	It changed dramatically.
Le prix change sensiblement.	The price changes noticeably.
Il a grandi sensiblement.	He grew noticeably.
C'est vrai dans l'ensemble.	It is true overall.
C'est positif dans l'ensemble.	It is positive overall.
Les prix vont chuter.	Prices will plummet.
Le thermomètre peut chuter.	The thermometer can plummet.
Il dort alors que je travaille.	He sleeps while I work.
Elle rit alors que je pleure.	She laughs while I cry.
Je lis tandis que tu dors.	I read whilst you sleep.
Il mange tandis qu'elle attend.	He eats whilst she waits.
Bien que fatigué, il sourit.	Albeit tired, he smiles.
Bien que petit, le chien aboie.	Albeit small, the dog barks.
Il sort malgré la pluie.	He goes out notwithstanding the rain.
Malgré le froid, elle sort.	Notwithstanding the cold, she goes out.
Le moyen par quoi on gagne.	The means whereby we win.
Le chemin par quoi on passe.	The path whereby we pass.
Lui aime le thé; à l'inverse, elle préfère le café.	He likes tea; conversely, she prefers coffee.
Il est lent; à l'inverse, elle est rapide.	He is slow; conversely, she is fast.
C'est sans doute le meilleur choix.	It is arguably the best choice.
Il pleut, par conséquent je reste.	It rains, consequently I stay.
Tu mens, par conséquent je pars.	You lie, consequently I leave.
Il a tort, en conséquence il s'excuse.	He is wrong, accordingly he apologizes.
Le prix monte, en conséquence on attend.	The price rises, accordingly we wait.
Il est grand, en revanche elle est petite.	He is tall, in contrast she is short.
C'est cher, en revanche c'est beau.	It is expensive, in contrast it is beautiful.
Il n'est pas triste, au contraire il rit.	He is not sad, on the contrary he laughs.
Ce n'est pas faux, au contraire c'est vrai.	It is not false, on the contrary it is true.
Le thé est chaud, d'un autre côté il est amer.	The tea is hot, on the other hand it is bitter.
Il est jeune, d'un autre côté il est sage.	He is young, on the other hand he is wise.
Il a menti, en conséquence il a perdu.	He lied, as a result he lost.
Elle a chuté, en conséquence elle a mal.	She fell, as a result she is in pain.
J'aime les fruits, par exemple la pomme.	I like fruits, for instance the apple.
Prends un outil, par exemple le marteau.	Take a tool, for instance the hammer.
Je veux un fruit, par exemple une orange.	I want a fruit, for example an orange.
Choisis un livre, par exemple celui-ci.	Choose a book, for example this one.
Pour commencer, nous lisons le livre.	To begin with, we read the book.
Pour commencer, je bois un café.	To begin with, I drink a coffee.
Pour résumer, c'est une bonne idée.	To sum up, it is a good idea.
Pour résumer, le film était long.	To sum up, the movie was long.
En conclusion, nous avons gagné.	In conclusion, we won.
En conclusion, le projet est fini.	In conclusion, the project is finished.
Certes, il est intelligent, mais timide.	Admittedly, he is intelligent, but shy.
Certes, c'est cher, mais c'est beau.	Admittedly, it is expensive, but it is beautiful.
Il est indéniablement le meilleur.	He is undeniably the best.
C'est indéniablement une erreur.	It is undeniably a mistake.
Apparemment, il n'est pas là.	Seemingly, he is not here.
Elle est apparemment fatiguée.	She is seemingly tired.
C'est vraisemblablement vrai.	It is presumably true.
Il faut élucider ce mystère.	It is necessary to elucidate this mystery.
Je veux élucider la vérité.	I want to elucidate the truth.
Je peux corroborer son histoire.	I can corroborate his story.
Les faits vont corroborer l'idée.	The facts will corroborate the idea.
On peut extrapoler les données.	One can extrapolate the data.
Ne pas extrapoler les résultats.	Do not extrapolate the results.
Il doit synthétiser les notes.	He must synthesize the notes.
Elle sait synthétiser l'information.	She knows how to synthesize the information.
Il faut délimiter le terrain.	It is necessary to delineate the land.
Je vais délimiter la zone.	I am going to delineate the zone.
Cela peut précipiter la fin.	That can precipitate the end.
Ne pas précipiter la décision.	Do not precipitate the decision.
On doit atténuer le bruit.	We must mitigate the noise.
Cela va atténuer la douleur.	That will mitigate the pain.
Cela peut exacerber la crise.	That can exacerbate the crisis.
Il ne faut pas exacerber la tension.	One must not exacerbate the tension.
C'est un postulat simple.	It is a simple postulate.
Le postulat est faux.	The postulate is false.
Ils veulent fusionner les deux.	They want to amalgamate the two.
On peut fusionner les comptes.	One can amalgamate the accounts.
Le métal peut catalyser la réaction.	The metal can catalyze the reaction.
L'enzyme va catalyser le processus.	The enzyme will catalyze the process.
Il faut contourner le problème.	It is necessary to circumvent the problem.
Nous allons contourner l'obstacle.	We are going to circumvent the obstacle.
Ne pas confondre ces deux mots.	Do not conflate these two words.
Il peut confondre les dates.	He may conflate the dates.
Il faut interpréter le texte.	It is necessary to construe the text.
Je peux déchiffrer le code.	I can decipher the code.
Il veut déchiffrer la lettre.	He wants to decipher the letter.
Il aime scruter le ciel.	He likes to scrutinize the sky.
Elle va scruter les preuves.	She will scrutinize the evidence.
Ils vont dénoncer le voleur.	They are going to denounce the thief.
Il faut dénoncer le crime.	It is necessary to denounce the crime.
Il ne faut pas déprécier l'art.	One must not deprecate the art.
Elle peut déprécier la valeur.	She can deprecate the value.
Ne pas dénigrer son travail.	Do not disparage his work.
Il veut dénigrer l'adversaire.	He wants to disparage the opponent.
Il faut diffuser l'information.	It is necessary to disseminate the information.
Ils vont diffuser la radio.	They are going to disseminate the radio.
Je vais encapsuler le produit.	I am going to encapsulate the product.
Il faut encapsuler le liquide.	It is necessary to encapsulate the liquid.
Il peut énumérer les causes.	He can enumerate the causes.
Je vais énumérer les risques.	I am going to enumerate the risks.
Il faut accélérer le rythme.	It is necessary to expedite the rhythm.
Nous allons accélérer le trajet.	We are going to expedite the journey.
Il veut juxtaposer les images.	He wants to juxtapose the images.
On peut juxtaposer les styles.	One can juxtapose the styles.
Il faut légitimer ce choix.	It is necessary to legitimize this choice.
Elle veut légitimer son action.	She wants to legitimize her action.
Ils veulent perpétuer la tradition.	They want to perpetuate the tradition.
Il faut perpétuer le souvenir.	It is necessary to perpetuate the memory.
Je dois réitérer ma demande.	I must reiterate my request.
Il veut réitérer son offre.	He wants to reiterate his offer.
Le contrat doit stipuler le prix.	The contract must stipulate the price.
Il faut stipuler les règles.	It is necessary to stipulate the rules.
L'art peut transcender la douleur.	Art can transcend the pain.
Il veut transcender ses limites.	He wants to transcend his limits.
Il faut souligner l'importance.	It is necessary to underscore the importance.
Je vais démêler les fils.	I am going to unravel the threads.
Il faut démêler l'histoire.	It is necessary to unravel the story.
Ils vont vilipender le roi.	They are going to vilify the king.
Je veux justifier mon choix.	I want to justify my choice.
Il peut justifier son action.	He can justify his action.
C'est une épée à double tranchant.	It is a double-edged sword.
L'argent est une épée à double tranchant.	Money is a double-edged sword.
Voici le nœud du problème.	Here is the crux of the matter.
Cherchons le nœud du problème.	Let's look for the crux of the matter.
C'est mieux à long terme.	It is better in the long run.
Pensons à long terme.	Let's think in the long run.
À la lumière de ces faits.	In light of these facts.
À la lumière de la vérité.	In light of the truth.
Il part et du même coup il gagne.	He leaves and by the same token he wins.
Je lis et du même coup j'apprends.	I read and by the same token I learn.
C'est aux dépens de mon ami.	It is at the expense of my friend.
Il rit aux dépens de Paul.	He laughs at the expense of Paul.
Il arrive à l'improviste.	He arrives out of the blue.
Elle m'appelle à l'improviste.	She calls me out of the blue.
Prenez cela avec une pincée de sel.	Take that with a pinch of salt.
Je le lis avec une pincée de sel.	I read it with a pinch of salt.
Je suis au bord de la crise.	I am on the verge of a crisis.
Elle est au bord du lit.	She is on the verge of the bed.
Je veux jouer l'avocat du diable.	I want to play devil's advocate.
Il aime jouer l'avocat du diable.	He likes to play devil's advocate.
Nous devons être sur la même longueur d'onde.	We must be on the same page.
Il faut mordre la balle.	One must bite the bullet.
Je vais mordre la balle.	I am going to bite the bullet.
Il doit brûler l'huile de minuit.	He must burn the midnight oil.
Je vais brûler l'huile de minuit.	I will burn the midnight oil.
Il faut tracer la ligne ici.	We must draw the line here.
Je vais tracer la ligne.	I will draw the line.
Je vais garder un oeil sur lui.	I will keep an eye on him.
Ne laisser le chat sortir du sac!	Don't let the cat out of the bag!
Il va laisser le chat sortir du sac.	He will let the cat out of the bag.
Ne le prendre pour acquis.	Don't take it for granted.
Il aime le prendre pour acquis.	He likes to take it for granted.
Il veut fermer les yeux.	He wants to turn a blind eye.
Je vais fermer les yeux.	I will turn a blind eye.
Tu sembles être sur de la glace.	You seem to be on thin ice.
Il veut être sur de la glace.	He wants to be on thin ice.
Ce sac va coûter un bras et une jambe.	This bag will cost an arm and a leg.
Cela peut coûter un bras et une jambe.	That can cost an arm and a leg.
Je vais changer d'avis.	I am going to have a change of heart.
Il peut changer d'avis.	He can have a change of heart.
Elle semble être aux anges.	She seems to be over the moon.
Je suis être aux anges aujourd'hui.	I am over the moon today.
Il aime s'asseoir sur la clôture.	He likes to sit on the fence.
Ne pas s'asseoir sur la clôture.	Do not sit on the fence.
Qui veut renverser les haricots?	Who wants to spill the beans?
Il va renverser les haricots.	He is going to spill the beans.
Je suis être sous le mauvais temps.	I am under the weather.
Elle semble être sous le mauvais temps.	She seems to be under the weather.
Je veux briser la glace.	I want to break the ice.
Il faut briser la glace.	It is necessary to break the ice.
Tu peux mettre le doigt sur la tête.	You can hit the nail on the head.
Il va mettre le doigt sur la tête.	He will hit the nail on the head.
Il veut tirer la jambe de quelqu'un.	He wants to pull someone's leg.
Arrête de tirer la jambe de quelqu'un!	Stop pulling someone's leg!
En conclusion, c'est fini.	In conclusion, it is finished.
En conclusion, je gagne.	In conclusion, I win.
Pour résumer, il part.	To sum up, he is leaving.
Pour résumer, c'est faux.	To sum up, it is false.
Il est en équilibre.	He is in balance.
Le prix est en équilibre.	The price is in balance.
Elle parle en substance.	She speaks in essence.
L'idée est en substance.	The idea is in essence.
Il est riche, en revanche.	He is rich, in contrast.
C'est cher, en revanche.	It is expensive, in contrast.
Au contraire, je reste.	On the contrary, I am staying.
Au contraire, c'est vrai.	On the contrary, it is true.
En d'autres termes, non.	In other words, no.
C'est, en d'autres termes, dur.	It is, in other words, hard.
Je mange, par exemple.	I eat, for instance.
Prenez un livre, par exemple.	Take a book, for instance.
En conséquence, il part.	As a result, he is leaving.
Il pleut, en conséquence.	It is raining, as a result.
En premier lieu, écoutez.	In the first place, listen.
En premier lieu, regardez.	In the first place, look.
Pour commencer, nous lisons.	To begin with, we read.
Pour commencer, je bois.	To begin with, I drink.
En deuxième lieu, parlez.	In the second place, speak.
En deuxième lieu, chantez.	In the second place, sing.
Deuxièmement, c'est trop cher.	Secondly, it is too expensive.
Deuxièmement, je n'aime pas.	Secondly, I do not like it.
Troisièmement, il est tard.	Thirdly, it is late.
Troisièmement, elle dort.	Thirdly, she is sleeping.
C'est à son tour.	It is his turn.
Il parle à son tour.	He speaks in turn.
Par contre, je dors.	By contrast, I am sleeping.
Par contre, c'est petit.	By contrast, it is small.
En comparaison, c'est lent.	In comparison, it is slow.
En comparaison, c'est bleu.	In comparison, it is blue.
D'un autre côté, c'est bon.	On the other hand, it is good.
D'un autre côté, il rit.	On the other hand, he laughs.
Je prends l'eau à la place.	I take the water instead.
Va là-bas à la place.	Go over there instead.
Alternativement, nous sortons.	Alternatively, we go out.
Alternativement, elle attend.	Alternatively, she waits.
Par conséquent, je pars.	Consequently, I am leaving.
Il est tard, par conséquent.	It is late, consequently.
Par la suite, il pleut.	Thereafter, it rains.
Par la suite, elle vient.	Thereafter, she comes.
Il aime, notamment, le thé.	He likes, notably, tea.
Elle lit, notamment, ici.	She reads, notably, here.
Il mange principalement du riz.	He eats chiefly rice.
C'est principalement vrai.	It is chiefly true.
Son refus est sans équivoque.	His refusal is unequivocal.
C'est un choix sans équivoque.	It is an unequivocal choice.
La preuve est irréfutable.	The proof is irrefutable.
C'est un argument irréfutable.	It is an irrefutable argument.
L'exemple le plus saillant.	The most salient example.
Un trait saillant du visage.	A salient feature of the face.
Le risque est inhérent.	The risk is inherent.
Un danger inhérent au métier.	A danger inherent to the job.
Le wifi est omniprésent.	Wifi is ubiquitous.
Un bruit omniprésent ici.	An ubiquitous noise here.
Le calme est primordial.	Calm is paramount.
L'eau est primordial ici.	Water is paramount here.
Le coût est négligeable.	The cost is negligible.
Un impact négligeable.	A negligible impact.
Il reste très lucide.	He remains very lucid.
Un esprit lucide.	A lucid mind.
Le verre est opaque.	The glass is opaque.
Un liquide opaque.	An opaque liquid.
Le stress est omniprésent.	Stress is ubiquitous.
Un sentiment omniprésent.	A pervasive feeling.
Un auteur prolifique.	A prolific author.
Un artiste prolifique.	A prolific artist.
L'enfant est résilient.	The child is resilient.
Un peuple résilient.	A resilient people.
Un café robuste.	A robust coffee.
Un système robuste.	A robust system.
Il passe son temps scrutant.	He spends his time scrutinizing.
L'expert finit par scrutant.	The expert finishes by scrutinizing.
Un gain tangible.	A tangible gain.
Un résultat tangible.	A tangible result.
L'amour est intangible.	Love is intangible.
Un actif intangible.	An intangible asset.
L'eau est transparente.	The water is transparent.
Une gestion transparente.	Transparent management.
Un style opulent.	An opulent style.
Un palais opulent.	An opulent palace.
Un décor austère.	An austere decor.
Un climat austère.	An austere climate.
Un travail ardu.	An arduous task.
Un chemin ardu.	An arduous path.
Un homme scrupuleux.	A scrupulous man.
Un travail scrupuleux.	Scrupulous work.
Un homme sans scrupules.	An unscrupulous man.
Il est sans scrupules.	He is unscrupulous.
Un regard discernant.	A discerning look.
Un juge discernant.	A discerning judge.
Ce point est incontournable.	This point is incontrovertible.
Un passage incontournable.	An unavoidable passage.
Un style impeccable.	An impeccable style.
Un travail impeccable.	Impeccable work.
Une peau impeccable.	Flawless skin.
Un record impeccable.	A flawless record.
Un choix sagace.	A sagacious choice.
Un vieux sage sagace.	A sagacious old sage.
Il reste circonspect.	He remains circumspect.
Un regard circonspect.	A circumspect look.
Son implication est totale.	His involvement is total.
Quelle est l'implication du projet?	What is the implication of the project?
La faisabilité est incertaine.	The feasibility is uncertain.
Étudions la faisabilité technique.	Let's study the technical feasibility.
La durabilité est essentielle.	Sustainability is essential.
C'est un choix de durabilité.	It is a choice of sustainability.
La prévalence varie ici.	The prevalence varies here.
Notez la prévalence du risque.	Note the prevalence of the risk.
Le discours manque de cohérence.	The speech lacks coherence.
Gardez une certaine cohérence.	Keep a certain coherence.
La validité du passeport expire.	The validity of the passport expires.
Vérifiez la validité du ticket.	Verify the validity of the ticket.
La fiabilité est cruciale.	Reliability is crucial.
Je doute de sa fiabilité.	I doubt its reliability.
L'ampleur du choc est immense.	The magnitude of the shock is immense.
L'ampleur du défi m'étonne.	The magnitude of the challenge surprises me.
Il a une propension au risque.	He has a propensity for risk.
Sa propension au doute grandit.	His propensity for doubt is growing.
C'est une simple conjecture.	It is a simple conjecture.
Votre conjecture est intéressante.	Your conjecture is interesting.
La postulation est incorrecte.	The postulation is incorrect.
Lisez la postulation attentivement.	Read the postulation carefully.
C'est un nouveau paradigme.	It is a new paradigm.
Le paradigme change vite.	The paradigm is changing quickly.
C'est un dogme ancien.	It is an old dogma.
Sortez du dogme établi.	Get out of the established dogma.
L'hégémonie culturelle s'effrite.	The cultural hegemony is crumbling.
Il combat l'hégémonie régionale.	He fights regional hegemony.
Demandez une subvention d'État.	Ask for a state subsidy.
Le quota est rempli.	The quota is filled.
Respectez le quota fixé.	Respect the fixed quota.
Les infrastructures sont vieilles.	The infrastructures are old.
Nous bâtissons des infrastructures.	We are building infrastructures.
Les données démographiques changent.	The demographics are changing.
Analysez les données démographiques.	Analyze the demographics.
La fréquence des pluies augmente.	The incidence of rain is increasing.
Quelle est la fréquence ici?	What is the incidence here?
L'allocation des fonds tarde.	The allocation of funds is late.
L'allocation est juste.	The allocation is fair.
L'attribution du prix est officielle.	The attribution of the prize is official.
L'attribution est erronée.	The attribution is erroneous.
La corroboration est nécessaire.	Corroboration is necessary.
Cherchez une corroboration solide.	Look for solid corroboration.
L'authenticité est prouvée.	The authenticity is proven.
Je doute de l'authenticité.	I doubt the authenticity.
Sa crédibilité est faible.	His credibility is low.
Maintenez votre crédibilité.	Maintain your credibility.
La vérification est terminée.	The verification is finished.
Faites une vérification rapide.	Do a quick verification.
Quelle est votre justification?	What is your rationale?
La justification est claire.	The rationale is clear.
L'inférence est logique.	The inference is logical.
Faites une inférence prudente.	Make a prudent inference.
La déduction est simple.	The deduction is simple.
Quelle est votre déduction?	What is your deduction?
Le consensus est atteint.	The consensus is reached.
Cherchons un consensus global.	Let's look for a global consensus.
Il y a une divergence.	There is a divergence.
La divergence est nette.	The divergence is clear.
La convergence est lente.	The convergence is slow.
On observe une convergence.	A convergence is observed.
La complexité m'effraie.	The intricacy scares me.
Analysez la complexité du plan.	Analyze the intricacy of the plan.
Saisissez la nuance ici.	Grasp the nuance here.
Cette nuance est subtile.	This nuance is subtle.
Les manifestations commencent.	The manifestations are beginning.
C'est une manifestation rare.	It is a rare manifestation.
C'est le point culminant.	It is the culmination.
Le point culminant approche.	The culmination is approaching.
Elle attend son allocation mensuelle.	She is waiting for her monthly allocation.
Il veut briser cette hégémonie.	He wants to break this hegemony.
C'est une attribution officielle.	It is an official attribution.
