سعدت بلقائك يا صديقي	It was nice to meet you, my friend.
سعدت بلقائك اليوم	Nice to meet you today.
شكرا جزيلا لك على المساعدة	Thank you very much for the help.
شكرا جزيلا لك يا أستاذي	Thank you very much, my teacher.
على الرحب والسعة يا أخي	You're welcome, my brother.
على الرحب والسعة دائما	You're welcome always.
مرحبا بكم في بيتي	Welcome to my home.
مرحبا بكم في المدينة	Welcome to the city.
كيف حالك يا سيدتي؟	How are you, madam?
أنا هنا يا سيدتي	I am here, madam.
كيف حالك يا عزيزي؟	How are you, my dear?
هذا كتاب لك يا عزيزي	This is a book for you, my dear.
أتمنى لك يوما سعيدا غدا	I wish you a nice day tomorrow.
أتمنى لك يوما سعيدا في العمل	I wish you a nice day at work.
عندي اثني عشر كتابا	I have twelve books.
الساعة الآن اثني عشر	The time now is twelve.
عمره ثلاثة عشر عاما	His age is thirteen years.
قرأت ثلاثة عشر صفحة	I read thirteen pages.
في الفصل أربعة عشر طالبا	There are fourteen students in the class.
أريد أربعة عشر قلما	I want fourteen pens.
عمره خمسة عشر عاما	His age is fifteen years.
عندي خمسة عشر درهما	I have fifteen dirhams.
في البيت واحد وعشرون كرسيا	There are twenty-one chairs in the house.
عمره واحد وعشرون عاما	His age is twenty-one years.
سعر الكتاب سبعون درهما	The book's price is seventy dirhams.
عمره الآن سبعون عاما	His age now is seventy years.
سعر القلم تسعون قرشا	The pen's price is ninety qirshs.
عمره الآن تسعون عاما	His age now is ninety years.
وصل محمد ثانيا	Mohammed arrived second.
جاء علي ثانيا	Ali came second.
كان الترتيب ثالثا	The order was third.
وقف الولد ثالثا	The boy stood third.
سأتصل بك في وقت لاحق	I will call you later.
نلتقي في وقت لاحق	We meet later.
استيقظت في وقت مبكر	I woke up early.
وصل القطار في وقت مبكر	The train arrived early.
أولاً القهوة ثانيا الشاي	First coffee second tea.
سأخبرك ثانيا	I will tell you second.
هذا هو الموسم المفضل	This is the favorite season.
انتهى الموسم الآن	The season ended now.
شروق الشمس جميل جدا	The sunrise is very beautiful.
ننتظر شروق الشمس	We are waiting for the sunrise.
الأجداد يحبون الأطفال	The grandparents love the children.
سافرت مع الأجداد	I traveled with the grandparents.
الزوج في العمل	The husband is at work.
هذا هو الزوج المثالي	This is the perfect husband.
ابن أخ يزورنا اليوم	A nephew is visiting us today.
أحب ابن أخ الصغير	I love my little nephew.
ابنة الاخ تلعب هنا	The niece is playing here.
هذه ابنة الاخ الذكية	This is the smart niece.
الحفيد يقرأ كتابا	The grandson is reading a book.
جاء الحفيد من المدرسة	The grandson came from school.
حفيدة صغيرة في البيت	A small granddaughter is in the house.
هذه حفيدة طيبة	This is a kind granddaughter.
أفضل صديق يساعدني دائما	A best friend always helps me.
أين أفضل صديق لك؟	Where is your best friend?
الجار يسكن بجانبي	The neighbour lives next to me.
سلمت على الجار	I greeted the neighbour.
الأشقاء يسكنون معا	The siblings live together.
أين هم الأشقاء؟	Where are the siblings?
التوأم يشبهان بعضهما	The twin look like each other.
هذا هو التوأم الأول	This is the first twin.
أحب عصير مانجو	I love mango juice.
هذه مانجو حلوة	This is a sweet mango.
أحب الفراولة	I love strawberries.
الفراولة حمراء	The strawberry is red.
أنا أكره الثوم	I hate garlic.
هذا الثوم قوي	This garlic is strong.
أكلت جزرة واحدة	I ate one carrot.
هذه جزرة برتقالية	This is an orange carrot.
أريد زبادي طازج	I want fresh yogurt.
الزبادي مفيد جدا	Yogurt is very useful.
أريد وجبة خفيفة	I want a snack.
هذه وجبة خفيفة	This is a snack.
الفم صغير	The mouth is small.
أفتح الفم	I open the mouth.
اللسان طويل	The tongue is long.
هذا اللسان أحمر	This tongue is red.
الذقن هنا	The chin is here.
ألم في الذقن	Pain in the chin.
الرقبة طويلة	The neck is long.
ألم في الرقبة	Pain in the neck.
هذا الاصبع طويل	This finger is long.
ألم في الاصبع	Pain in the finger.
الإبهام قوي	The thumb is strong.
أين الإبهام؟	Where is the thumb?
المعصم نحيف	The wrist is thin.
كسر في المعصم	A break in the wrist.
ألم في الكوع	Pain in the elbow.
هذا الكوع كبير	This elbow is big.
الركبة تؤلمني	The knee hurts me.
أين الركبة؟	Where is the knee?
اصبع القدم صغير	The toe is small.
ألم في اصبع القدم	Pain in the toe.
الكاحل قوي	The ankle is strong.
التواء في الكاحل	A sprain in the ankle.
الصدر واسع	The chest is wide.
ألم في الصدر	Pain in the chest.
المعدة تؤلمني	The stomach hurts me.
أين المعدة؟	Where is the stomach?
الدماغ كبير	The brain is big.
الدماغ مهم	The brain is important.
الورك يؤلمني	The hip hurts me.
كسر في الورك	A break in the hip.
شارب طويل	A long moustache.
هذا شارب جميل	This is a beautiful moustache.
جبهته واسعة	His forehead is wide.
لمس جبهته	He touched his forehead.
غرفة المعيشة كبيرة جدا	The living room is very big.
أنا في غرفة المعيشة	I am in the living room.
هذا جدار أبيض	This is a white wall.
الجدار قديم هنا	The wall is old here.
الشرفة واسعة وجميلة	The balcony is spacious and beautiful.
أجلس في الشرفة	I sit on the balcony.
هذه بطانية دافئة	This is a warm blanket.
أريد بطانية جديدة	I want a new blanket.
الجدول صغير هنا	The table is small here.
وضعت الكتاب على الجدول	I put the book on the table.
هذه خزانة خشبية	This is a wooden cupboard.
الخزانة في المطبخ	The cupboard is in the kitchen.
خزانة الملابس ممتلئة	The wardrobe is full.
أفتح خزانة الملابس	I open the wardrobe.
هذا مصباح قديم	This is an old lamp.
المصباح على الطاولة	The lamp is on the table.
ستارة الغرفة حمراء	The room curtain is red.
أغلق الستارة الآن	Close the curtain now.
الموقد ساخن جدا	The stove is very hot.
نظفت الموقد اليوم	I cleaned the stove today.
البالوعة مسدودة هنا	The sink is clogged here.
الماء في البالوعة	The water is in the sink.
هذه شرفة كبيرة	This is a large balcony.
هذه بالوعة نظيفة	This is a clean sink.
هذا موقد قديم	This is an old stove.
هذه بقرة كبيرة	This is a big cow.
أين بقرة المزرعة؟	Where is the farm cow?
جاموس قوي جداً	Buffalo is very strong.
رأيت جاموس في الغابة	I saw a buffalo in the forest.
عنزة صغيرة هنا	A small goat is here.
أكلت عنزة العشب	The goat ate the grass.
هذا خروف أبيض	This is a white sheep.
خروف ينام هناك	A sheep is sleeping there.
خنزير في الحديقة	A pig in the garden.
هذا خنزير صغير	This is a small pig.
أين الماوس الخاص بك؟	Where is your mouse?
الماوس على الطاولة	The mouse is on the table.
سافرت إلى تركيا	I traveled to Turkey.
تركيا بلد جميل	Turkey is a beautiful country.
النمر حيوان سريع	The tiger is a fast animal.
رأيت النمر في الحديقة	I saw the tiger in the zoo.
هو لا يتحمل الألم	He cannot bear the pain.
أنا لا يتحمل هذا الضجيج	I cannot bear this noise.
الغزلان تجري بسرعة	The deer run fast.
هذه الغزلان جميلة	These deer are beautiful.
زرافة طويلة جداً	A very tall giraffe.
الزرافة تأكل الشجر	The giraffe eats the trees.
حمار وحشي مخطط	A striped zebra.
رأيت حمار وحشي	I saw a zebra.
الكنغر يقفز عالياً	The kangaroo jumps high.
أين يعيش الكنغر؟	Where does the kangaroo live?
ضفدع أخضر صغير	A small green frog.
الضفدع في الماء	The frog is in the water.
سلحفاة بطيئة جداً	A very slow turtle.
هذه سلحفاة قديمة	This is an old turtle.
العنكبوت يبني بيتاً	The spider builds a house.
خفت من العنكبوت	I was afraid of the spider.
نملة صغيرة تعمل	A small ant is working.
أين نملة السكر؟	Where is the sugar ant?
بومة في الشجرة	An owl in the tree.
بومة تسهر ليلاً	An owl stays up at night.
الفصول الدراسية كبيرة جداً	The classrooms are very large.
أحب الفصول الدراسية الجديدة	I love the new classrooms.
الواجبات المنزلية صعبة اليوم	The homework is difficult today.
أكتب الواجبات المنزلية الآن	I am writing the homework now.
هذه ممحاة صغيرة	This is a small eraser.
أين ممحاة القلم؟	Where is the pencil eraser?
حاكم المسافة قصير	The ruler distance is short.
استخدم حاكم البلاستيك	Use the plastic ruler.
ضابط شرطة في الشارع	A police officer is in the street.
رأيت ضابط شرطة اليوم	I saw a police officer today.
احصل على كتاب جديد	Get a new book.
احصل على مساعدة هنا	Get help here.
أرتدي ملابسي بسرعة	I get dressed quickly.
أنا أرتدي ملابسي الآن	I am getting dressed now.
أخذت دش سريع	I took a quick shower.
أريد دش دافئ	I want a warm shower.
أنا اذهب إلى السرير	I go to bed.
متى اذهب إلى السرير؟	When do I go to bed?
أستيقظ في وقت مبكر	I wake up early.
أعمل في وقت مبكر	I work early.
أدرس في أيام الأسبوع	I study on weekdays.
أعمل في أيام الأسبوع	I work on weekdays.
أنا ابدأ الدرس	I start the lesson.
متى ابدأ العمل؟	When do I start work?
الجو غائم اليوم	The weather is cloudy today.
يوم غائم في المدينة	A cloudy day in the city.
الجو ضبابي جدا	The weather is very foggy.
طريق ضبابي في الصباح	A foggy road in the morning.
سحابة بيضاء في السماء	A white cloud in the sky.
هذه سحابة كبيرة	This is a big cloud.
نجمة واحدة في الليل	One star at night.
نجمة بعيدة جدا	A very distant star.
درجة الحرارة منخفضة اليوم	The temperature is low today.
ما هي درجة الحرارة؟	What is the temperature?
الجو رطب هنا	The weather is humid here.
هواء رطب في الصيف	Humid air in the summer.
جهاز تجميد الطعام	A food freezing device.
بدأ تجميد الماء	The freezing of the water started.
هذه السيارة باهظة الثمن	This car is expensive.
الساعة باهظة الثمن جدا	The watch is very expensive.
سأدفع نقدا الآن	I will pay cash now.
هل تدفع نقدا؟	Do you pay cash?
أذهب إلى سوبر ماركت كبير	I go to a big supermarket.
أين سوبر ماركت قريب؟	Where is a nearby supermarket?
ما هو الحجم المناسب؟	What is the right size?
هذا الحجم صغير جدا	This size is very small.
هذه القهوة متوسطة	This coffee is medium.
أريد قطعة متوسطة	I want a medium piece.
لا انفق الكثير من المال	I do not spend much money.
كم انفق كل شهر؟	How much do I spend every month?
هل يوجد خصم اليوم؟	Is there a discount today?
أريد خصما كبيرا	I want a big discount.
العميل ينتظر هنا	The customer is waiting here.
هذا العميل لطيف جدا	This customer is very kind.
أين عربة التسوق؟	Where is the shopping trolley?
العربة ممتلئة بالخضار	The trolley is full of vegetables.
أنا متحمس جدا اليوم	I am very excited today.
هل أنت متحمس للرحلة	Are you excited for the trip.
هو عصبي في العمل	He is nervous at work.
لا تكن عصبي الآن	Do not be nervous now.
أحب الهدوء في الليل	I love the calmness at night.
هذا المكان فيه الهدوء	This place has calmness.
أنا بخيبة أمل من النتيجة	I am disappointed with the result.
كان هو بخيبة أمل	He was disappointed.
أشعر بالحرج من هذا	I feel embarrassed by this.
هي تشعر بالحرج كثيرا	She feels very embarrassed.
هذه العاطفة قوية جدا	This emotion is very strong.
ما هذه العاطفة الغريبة	What is this strange emotion.
أحب المشي لمسافات طويلة في الجبل	I love hiking in the mountain.
المشي لمسافات طويلة متعب جدا	Hiking is very tiring.
التصوير الفوتوغرافي فن جميل	Photography is a beautiful art.
أدرس التصوير الفوتوغرافي الآن	I am studying photography now.
أنا متطوع في المستشفى	I am a volunteer at the hospital.
هل تريد أن تكون متطوع	Do you want to be a volunteer.
القراءة هي هواية مفيدة	Reading is a useful hobby.
ما هي هواية المفضلة	What is your favorite hobby.
أقرأ الكتب في وقت الفراغ	I read books in my free time.
ليس لدي وقت الفراغ اليوم	I have no free time today.
هذا حزب سياسي كبير	This is a big political party.
انضم أحمد إلى حزب جديد	Ahmed joined a new party.
ذهبت إلى حفلة موسيقية بالأمس	I went to a concert yesterday.
الحفلة موسيقية كانت رائعة	The concert was wonderful.
عندي آلام المعدة الآن	I have a stomachache now.
سبب آلام المعدة هو الطعام	The cause of the stomachache is the food.
أشعر بوجع الاسنان اليوم	I feel a toothache today.
وجع الاسنان مؤلم جداً	Toothache is very painful.
لا يصب بأذى أحد	No one gets hurt.
من الممكن أن يصب بأذى	It is possible to get hurt.
أحتاج وصفة طبية من الطبيب	I need a prescription from the doctor.
أين وصفة طبية للدواء؟	Where is the prescription for the medicine?
متى يتعافى المريض؟	When does the patient recover?
ببطء يتعافى الجسم	The body recovers slowly.
أنا أشعر بتحسن اليوم	I feel better today.
أريد أن أشعر بتحسن قريباً	I want to feel better soon.
أين مكتب بريد المدينة؟	Where is the city post office?
مكتب بريد صغير هنا	A small post office is here.
هذا مربع أحمر	This is a red square.
البيت في مربع كبير	The house is in a large square.
في زاوية الغرفة قطة	In the corner of the room is a cat.
هذه زاوية الشارع	This is the street corner.
ما هو الاتجاه الصحيح؟	What is the correct direction?
الاتجاه نحو الشمال	The direction is towards the north.
كل شخص بدوره	Each person in his turn.
انتظر بدوره هنا	He waits in his turn here.
هذه منصة كبيرة	This is a big platform.
أنا على منصة التعليم	I am on the education platform.
حركة المرور بطيئة اليوم	The traffic is slow today.
هناك حركة المرور كثيرة	There is much traffic.
ازدحام المرور سيئ جدا	The traffic jam is very bad.
أكره ازدحام المرور	I hate the traffic jam.
هذا محرك الأقراص قديم	This disk drive is old.
أين محرك الأقراص؟	Where is the disk drive?
الجدول الزمني واضح	The schedule is clear.
أريد الجدول الزمني	I want the schedule.
الراتب مرتفع جدا	The salary is very high.
متى تستلم الراتب	When do you receive the salary.
الأجر يومي هنا	The wage is daily here.
كم هو الأجر	How much is the wage.
الموعد النهائي غدا	The deadline is tomorrow.
أين الموعد النهائي	Where is the deadline.
استئجار المكتب سهل	Hiring the office is easy.
أريد استئجار سيارة	I want to hire a car.
التدريب يبدأ الآن	The training starts now.
أين مكان التدريب	Where is the training place.
أريد استئناف العمل	I want to resume work.
حان وقت استئناف اللعب	It is time to resume playing.
المسؤولية كبيرة جدا	The responsibility is very big.
أين العميل الجديد	Where is the new customer.
العميل يطلب المساعدة	The client is asking for help.
أنا أحب هذا العميل	I like this client.
مكان العمل نظيف	The workplace is clean.
أين مكان العمل	Where is the workplace.
حان وقت التقاعد	It is time to retire.
متى موعد التقاعد	When is the retirement date.
أحب هذا الإنجاز	I love this achievement.
صاحب العمل طيب	The employer is kind.
أين صاحب العمل	Where is the employer.
أريد تحسين لغتي العربية	I want to improve my Arabic language.
تحسين العمل يحتاج إلى وقت	Improving the work needs time.
أنهيت الواجبات المنزلية الآن	I finished the homework now.
أين الواجبات المنزلية يا علي؟	Where is the homework, Ali?
أنا خريج من جامعة القاهرة	I am a graduate from Cairo University.
هو خريج جديد ومجتهد	He is a hardworking new graduate.
حصلت على منحة دراسية	I got a scholarship.
هذه منحة دراسية ممتازة	This is an excellent scholarship.
الثقافة العربية متنوعة	Arabic culture is diverse.
أحب القراءة عن الثقافة	I love reading about culture.
هذا التقليد قديم جدا	This tradition is very old.
مهرجان الربيع جميل	The spring festival is beautiful.
ذهبت إلى مهرجان كبير	I went to a big festival.
أين جواز السفر الخاص بك	Where is your passport.
نسيت جواز السفر في البيت	I forgot the passport at home.
الأمتعة ثقيلة جدا اليوم	The luggage is very heavy today.
أين أجد الأمتعة الخاصة بي	Where do I find my luggage.
أحب استكشاف المدن القديمة	I love exploring old cities.
بدأنا استكشاف الغابة	We started exploring the forest.
هذه بيئة جميلة	This is a beautiful environment.
نحن نحب هذه البيئة	We love this environment.
المناخ يتغير بسرعة	The climate is changing quickly.
دراسة عن المناخ	A study about the climate.
أحب إعادة التدوير	I love recycling.
إعادة التدوير مهمة	Recycling is important.
حماية الطبيعة واجب	Protecting nature is a duty.
نعمل على حماية الغابة	We are working to protect the forest.
نحن نحمي الكوكب	We protect the planet.
مكان النفايات هنا	The waste place is here.
تقليل النفايات ضروري	Reducing waste is necessary.
التربة غنية هنا	The soil is rich here.
الدفيئة كبيرة جدا	The greenhouse is very large.
نزرع في دفيئة	We plant in a greenhouse.
درجة الحرارة مرتفعة	The temperature is high.
الحياة البرية متنوعة	The wildlife is diverse.
نحترم الحياة البرية	We respect the wildlife.
الكربون في الهواء	The carbon is in the air.
دراسة عن الكربون	A study about carbon.
تقليل الانبعاثات مهم	Reducing emissions is important.
ما هي هذه الانبعاثات؟	What are these emissions?
هذه سيارة صديقة للبيئة	This is an eco-friendly car.
حقيبة صديقة للبيئة	An eco-friendly bag.
أحب الطاقة المتجددة	I love renewable energy.
هذا كمبيوتر محمول جديد	This is a new laptop.
أين كمبيوتر محمول الخاص بك؟	Where is your laptop?
معي الهاتف الذكي الآن	I have the smartphone now.
أريد الهاتف الذكي هذا	I want this smartphone.
هذا موقع الكتروني مفيد	This is a useful website.
زرت موقع الكتروني اليوم	I visited a website today.
شاشة الكمبيوتر كبيرة	The computer screen is big.
هذه شاشة مكسورة	This is a broken screen.
لوحة المفاتيح قديمة جدا	The keyboard is very old.
أين لوحة المفاتيح؟	Where is the keyboard?
الماوس لونه أسود	The mouse is black.
أحتاج إلى الماوس	I need the mouse.
بدأ تحميل الملف	The file download started.
أريد تحميل الصورة	I want to download the image.
يمكنك تحميل الملف هنا	You can upload the file here.
أقوم بعمل تحميل للصور	I am doing an upload of the photos.
أكتب في البريد الإلكتروني	I write in the email.
هذا هو البريد الإلكتروني	This is the email.
أنا الآن على الانترنت	I am online now.
هل أنت على الانترنت؟	Are you online?
هو غير متصل الآن	He is offline now.
أنا غير متصل اليوم	I am offline today.
نسيت كلمة المرور	I forgot the password.
ما هي كلمة المرور؟	What is the password?
هذا شاحن لاسلكي	This is a wireless charger.
الاتصال لاسلكي هنا	The connection is wireless here.
هذه الأجهزة غالية	These hardware devices are expensive.
أصلحت الأجهزة القديمة	I fixed the old hardware.
هذا تحديث جديد	This is a new update.
أحتاج إلى تحديث البرنامج	I need a program update.
أحب وسائل التواصل الاجتماعي	I love social media.
أين وسائل التواصل الاجتماعي؟	Where is the social media?
هذا ملف رقمي	This is a digital file.
العالم أصبح رقمي	The world became digital.
الجار طيب جدا	The neighbour is very kind.
أحب الجار الجديد	I love the new neighbour.
العلاقة قوية جدا	The relationship is very strong.
هذه العلاقة مهمة	This relationship is important.
الاحترام واجب على الجميع	Respect is a duty for everyone.
نحتاج إلى احترام كبير	We need great respect.
الدعم مفيد في الأزمات	Support is useful in crises.
شكرا على الدعم	Thanks for the support.
لماذا يجادل الرجل	Why does the man argue.
لا يجادل كثيرا	He does not argue much.
الصداقة كنز ثمين	Friendship is a precious treasure.
أقدر هذه الصداقة	I appreciate this friendship.
هو صديق مخلص	He is a loyal friend.
أريد شخصا مخلصا	I want a loyal person.
الاعتماد على النفس صعب	Relying on oneself is difficult.
هذا هو الاعتماد الوحيد	This is the only reliance.
أريد الحصول على طول معهم	I want to get along with them.
كيف الحصول على طول هنا	How to get along here.
أعطي رعاية جيدة للكلب	I give good care to the dog.
هذه رعاية ممتازة	This is excellent care.
يغفر الله الخطايا	God forgives sins.
يغفر الصديق الخطأ	The friend forgives the mistake.
هذه قناة إخبارية	This is a news channel.
أي قناة تشاهد؟	Which channel are you watching?
المراسل في الميدان	The reporter is in the field.
أين المراسل الآن؟	Where is the reporter now?
هو صحافي مشهور	He is a famous journalist.
أنا صحافي شاب	I am a young journalist.
أفتح وسائل التواصل الاجتماعي	I open social media.
أريد تحديث التطبيق	I want to update the app.
سمعت الأخبار العاجلة	I heard the breaking news.
أين الأخبار العاجلة؟	Where is the breaking news?
مراسل الخبر هنا	The news reporter is here.
أنا مراسل ناجح	I am a successful reporter.
النظام الغذائي مفيد للصحة	The diet is beneficial for health.
أحب النظام الغذائي الجديد	I love the new diet.
يسبب العمل الإجهاد	Work causes stress.
أشعر ببعض الإجهاد اليوم	I feel some stress today.
أكره هذا روتين اليوم	I hate this daily routine.
هذا روتين جيد جدا	This is a very good routine.
الغذاء متوازن ومفيد	The food is balanced and useful.
أريد وجبة متوازنة	I want a balanced meal.
الولد نشط في المدرسة	The boy is active in school.
أكون نشط في الصباح	I am active in the morning.
نمط الحياة الصحي مهم	A healthy lifestyle is important.
أحب نمط الحياة هذا	I love this lifestyle.
التأمل يقلل التوتر	Meditation reduces stress.
أمارس التأمل كل يوم	I practice meditation every day.
التغذية السليمة أساس الصحة	Proper nutrition is the basis of health.
أدرس التغذية في الجامعة	I study nutrition at the university.
البروتين موجود في البيض	Protein is found in eggs.
أحتاج إلى البروتين	I need protein.
اللياقة البدنية مهمة جدا	Physical fitness is very important.
أهتم بـ اللياقة البدنية	I care about physical fitness.
نحن نعيش في هذا المجتمع	We live in this society.
المجتمع يحب التعاون	Society loves cooperation.
المساواة حق للجميع	Equality is a right for all.
نريد المساواة في العمل	We want equality in work.
العدالة أساس الحكم	Justice is the basis of governance.
نبحث عن العدالة هنا	We search for justice here.
هذا المجتمع صغير جدا	This community is very small.
المجتمع المحلي قوي	The local community is strong.
بدأت حملة جديدة اليوم	A new campaign started today.
هذه حملة ضد التدخين	This is a campaign against smoking.
هو متطوع في المستشفى	He is a volunteer in the hospital.
كن متطوع نشيط	Be an active volunteer.
هذا تبرع سخي	This is a generous donation.
تبرع بسيط يغير حياة	A small donation changes a life.
يؤدي عدم المساواة إلى الفقر	Inequality leads to poverty.
نحارب عدم المساواة معا	We fight inequality together.
التحيز يفرق الناس	Prejudice divides people.
الرفاهية ليست كل شيء	Welfare is not everything.
نطمح إلى الرفاهية العامة	We aspire to general welfare.
صدقة بسيطة تكفي	A simple charity is enough.
أعطى الرجل صدقة للفقير	The man gave charity to the poor.
تزيد البطالة في المدن	Unemployment increases in cities.
مشكلة البطالة صعبة	The unemployment problem is difficult.
الديمقراطية نظام سياسي	Democracy is a political system.
تطور الديمقراطية ببطء	Democracy evolves slowly.
هذا احتجاج سلمي	This is a peaceful protest.
بدأ احتجاج في الشارع	A protest started in the street.
وقعنا على عريضة	We signed a petition.
هذه عريضة للمطالبة بالحقوق	This is a petition to demand rights.
نحتاج إلى الدعم	We need the support.
تبرع بالمال للفقراء	Donate money to the poor.
يجب أن تبرع الآن	You must donate now.
مشكلة الإسكان معقدة	The housing problem is complex.
وزارة الإسكان تعمل	The ministry of housing is working.
الرعاية الصحية ضرورية	Healthcare is essential.
حق الرعاية الصحية مضمون	The right to healthcare is guaranteed.
هذا قرار غير عادل	This is an unfair decision.
نظام غير عادل أبدا	A completely unfair system.
نحترم كبار السن	We respect the elderly.
رعاية كبار السن واجب	Caring for the elderly is a duty.
هي من أقلية صغيرة	She is from a small minority.
حقوق أقلية محمية	Minority rights are protected.
الأغلبية وافقت على القرار	The majority agreed to the decision.
صوت الأغلبية مسموع	The voice of the majority is heard.
هذا تمويل جيد	This is a good finance.
نحتاج إلى تمويل جديد	We need new finance.
الربح كان قليلا	The profit was small.
أريد زيادة الربح	I want to increase the profit.
هذا الاستثمار مخاطرة	This investment is a risk.
الاستثمار في الذهب مفيد	Investment in gold is useful.
الدخل الشهري ثابت	The monthly income is stable.
كم هو الدخل السنوي	How much is the annual income.
الديون كثيرة جدا	The debts are too many.
لا أحب الديون	I do not like debts.
الاقتصاد العالمي يتغير	The global economy is changing.
هذا الاقتصاد ضعيف	This economy is weak.
الإيرادات زادت هذا الشهر	The revenue increased this month.
أين هي الإيرادات	Where is the revenue.
هذه خسارة كبيرة	This is a big loss.
خسارة المال صعبة	Loss of money is difficult.
هذه ضريبة عالية	This is a high tax.
دفعت الضريبة أمس	I paid the tax yesterday.
الراتب غير كاف	The salary is not enough.
أخذت مكافأة مالية	I took a financial bonus.
هذه مكافأة جيدة	This is a good bonus.
يؤدي الإفلاس إلى الفقر	Bankruptcy leads to poverty.
خاف التاجر من الإفلاس	The merchant feared bankruptcy.
الأصول ثابتة هنا	The assets are stable here.
قيمة الأصول مرتفعة	The value of the assets is high.
المسؤولية القانونية كبيرة	The legal liability is great.
من هي المسؤولية الآن	Who is the liability now.
التضخم يرفع الأسعار	Inflation raises prices.
نحن نواجه التضخم	We are facing inflation.
الركود يؤثر على السوق	The recession affects the market.
نخشى حدوث الركود	We fear the occurrence of recession.
هو رجل أعمال ناجح	He is a successful entrepreneur.
أصبح رجل أعمال شاب	He became a young entrepreneur.
انفق مالك بحكمة	Spend your money wisely.
التجارة الدولية صعبة	International trade is difficult.
أحب التجارة في الملابس	I love the trade in clothes.
العميل غير راض	The customer is not satisfied.
هذا العميل دائم	This is a regular customer.
المورد تأخر في التسليم	The supplier was late in delivery.
من هو المورد الأساسي	Who is the primary supplier.
الخدمة هنا سريعة	The service here is fast.
سعر الخدمة مرتفع	The service price is high.
هامش الربح منخفض	The profit margin is low.
نريد زيادة هامش الربح	We want to increase the profit margin.
الأدلة موجودة في الغرفة	The evidence is in the room.
بحث الشرطي عن الأدلة	The policeman searched for the evidence.
هذا اكتشاف عظيم	This is a great discovery.
أدى البحث إلى اكتشاف جديد	The research led to a new discovery.
التحليل كان دقيقاً	The analysis was accurate.
بدأ الطبيب التحليل	The doctor started the analysis.
هذه فرضية مثيرة	This is an exciting hypothesis.
وضع العالم فرضية جديدة	The scientist proposed a new hypothesis.
أخذت عينة من الماء	I took a sample of the water.
هذه عينة صغيرة جداً	This is a very small sample.
الاستنتاج كان منطقياً	The conclusion was logical.
وصلنا إلى الاستنتاج النهائي	We reached the final conclusion.
صعب التنبؤ بالجو	It is hard to predict the weather.
هذا التنبؤ غير صحيح	This prediction is incorrect.
بدأ التحقيق في القضية	The investigation into the case began.
تريد الشرطة التحقيق في الأمر	The police want to investigate the matter.
اكتشف الطفل سراً	The child discovered a secret.
يعمل المهندس على تطوير الجهاز	The engineer is working on developing the device.
نريد تطوير المهارات	We want to develop the skills.
يخترع الطفل لعبة جديدة	The child invents a new toy.
من يخترع هذا النظام؟	Who invents this system?
الابتكار ضروري للنجاح	Innovation is necessary for success.
نحن نحب الابتكار	We love innovation.
التكنولوجيا تغير حياتنا	Technology changes our lives.
هذه التكنولوجيا قديمة	This technology is old.
أدرس علم الأحياء	I study biology.
كتاب علم الأحياء مفيد	The biology book is useful.
علم الوراثة علم معقد	Genetics is a complex science.
هذا تخصص علم الوراثة	This is the specialization of genetics.
هذا جزيء صغير	This is a small molecule.
يتكون الماء من جزيء	Water consists of a molecule.
هذا كائن حي غريب	This is a strange living organism.
الأسد كائن حي قوي	The lion is a strong living organism.
نعيش في بيئة نظيفة	We live in a clean environment.
يجب حماية بيئة العمل	The work environment must be protected.
مصدر معلومات موثوقة	A reliable source of information.
هذه النتائج موثوقة	These results are reliable.
أريد التحقق من صحة الخبر	I want to validate the news.
يجب التحقق من صحة البيانات	The data must be validated.
السلوك جيد هنا	The behaviour is good here.
هذا السلوك غريب	This behaviour is strange.
الطموح يقود للنجاح	Ambition leads to success.
الولد عنيد جداً	The boy is very stubborn.
أنا لست عنيد	I am not stubborn.
هي امرأة سخية	She is a generous woman.
هدية سخية جداً	A very generous gift.
هذه شركة موثوقة	This is a reliable company.
هي صديقة موثوقة	She is a reliable friend.
هو كلب مخلص	He is a loyal dog.
كان مخلص لعمله	He was loyal to his work.
أنا شخص متفائل	I am an optimistic person.
كن متفائل دائماً	Always be optimistic.
هو رجل متشائم	He is a pessimistic man.
لا تكن متشائم	Do not be pessimistic.
القط كسول اليوم	The cat is lazy today.
هو طالب كسول	He is a lazy student.
الرجل المجتهد ينجح	The hardworking man succeeds.
أحب الشخص المجتهد	I love the hardworking person.
طفل فضولي جداً	A very curious child.
هو شخص فضولي	He is a curious person.
أحب الهدوء هنا	I love the calmness here.
الهدوء مفيد جداً	Calmness is very useful.
هو أب عصبي	He is a nervous father.
لا تكن عصبي	Do not be nervous.
هذه مدينة ودية	This is a friendly city.
ابتسامة ودية جداً	A very friendly smile.
هذا قرار المنتهية ولايته	This is the outgoing decision.
هو رجل حكيم	He is a wise man.
كلام حكيم جداً	Very wise words.
هو شخص غير ناضج	He is an immature person.
تصرف غير ناضج	Immature behaviour.
هي امرأة ناضجة	She is a mature woman.
تفكير ناضجة جداً	Very mature thinking.
هو ولد مندفع	He is an impulsive boy.
قرار مندفع جداً	A very impulsive decision.
هو رجل متواضع	He is a modest man.
كلام متواضع جداً	Very modest words.
فعلنا ذلك عبثا	We did it in vain.
كان جهدا عبثا	It was an effort in vain.
هذه حجة قوية	This is a strong argument.
أين حجة الدفاع؟	Where is the defense argument?
هذا هو الاستنتاج النهائي	This is the final conclusion.
ما هو الاستنتاج الصحيح؟	What is the correct conclusion?
أرسلت المطالبة المالية	The financial claim was sent.
من منظور مختلف	From a different perspective.
غير منظورك للأمر	Change your perspective on the matter.
كان الافتراض خاطئا	The assumption was wrong.
ما هو الافتراض الأساسي؟	What is the basic assumption?
هذا المعنى ضمنا موجود	This meaning is implicitly there.
فهمت الأمر ضمنا	I understood the matter implicitly.
بدأت عملية تقييم الأداء	The performance evaluation process began.
يجب تقييم النتائج الآن	The results must be evaluated now.
لا يوجد تبرير كافٍ	There is no sufficient justification.
حاول تبرير قرارك	Try to justify your decision.
أين هي الأدلة القوية؟	Where is the strong evidence?
قدمت الأدلة للمحكمة	The evidence was presented to the court.
لماذا انتقدت هذا العمل؟	Why did you criticize this work?
هذا تحليل دقيق	This is a precise analysis.
أحتاج إلى تحليل البيانات	I need to analyze the data.
هذا تلخيص مفيد	This is a useful summary.
هل يمكنك تلخيص الكتاب؟	Can you summarize the book?
لاحظ التباين في الألوان	Notice the contrast in colors.
ما الذي استنتجت منه؟	What did you infer from it?
كيف استنتجت هذا الأمر؟	How did you deduce this matter?
هذه قرارات القائمة على الأدلة	These are evidence-based decisions.
أحب الطرق القائمة على الأدلة	I like evidence-based methods.
هذا شخص متحيز جدا	This is a very biased person.
لا تكن متحيزا في حكمك	Do not be biased in your judgment.
هذه معلومات ذات الصلة	This is relevant information.
هل هذا الموضوع ذات الصلة؟	Is this topic relevant?
هذا تعليق غير ذي صلة	This is an irrelevant comment.
كلامك غير ذي صلة هنا	Your talk is irrelevant here.
هذا دليل مقنع	This is a convincing evidence.
ليس كلاما مقنعا	It is not convincing talk.
كانت الحجة مقنعة جدا	The argument was very persuasive.
أريد طريقة مقنعة	I want a persuasive way.
هذه وجهة نظر مثيرة	This is an interesting point of view.
ما هي وجهة نظركم؟	What is your point of view?
من وجهة نظر قانونية	From a legal standpoint.
هذه وجهة نظر واضحة	This is a clear standpoint.
ما هي المعايير المطلوبة؟	What are the required criteria?
تغير المناخ خطر كبير	Climate change is a big danger.
نناقش تغير المناخ الآن	We are discussing climate change now.
الهجرة تغير حياة الناس	Immigration changes people's lives.
صعبت الهجرة في هذا العام	Immigration became difficult this year.
السكان يزدادون في المدينة	The population is increasing in the city.
عدد السكان كبير جدا	The population number is very large.
الصراع بين الدول مستمر	The conflict between countries continues.
نرفض الصراع ونريد السلام	We reject conflict and want peace.
التفاوض يحتاج إلى صبر	Negotiation requires patience.
بدأ التفاوض بين الطرفين	Negotiation began between the two parties.
وقعت الدولة معاهدة سلام	The state signed a peace treaty.
هذه معاهدة دولية مهمة	This is an important international treaty.
هذا نظام مستدام	This is a sustainable system.
نحتاج إلى حل مستدام	We need a sustainable solution.
يستمر تطوير المدينة	The development of the city continues.
هذا تطوير سريع	This is rapid development.
الانبعاثات تضر بالبيئة	Emissions harm the environment.
نقلل من الانبعاثات هنا	We reduce emissions here.
تسبب إزالة الغابات مشاكل	Deforestation causes problems.
تؤدي إزالة الغابات للجفاف	Deforestation leads to drought.
يسبب الجفاف موت النباتات	Drought causes plants to die.
يعاني الناس من الجفاف	People suffer from drought.
انتشرت مجاعة في المنطقة	A famine spread in the region.
نحارب مجاعة شديدة	We are fighting a severe famine.
وصل لاجئ إلى الحدود	A refugee arrived at the border.
ساعدت الدولة كل لاجئ	The state helped every refugee.
تزيد الهجرة من التنوع	Migration increases diversity.
تؤثر الهجرة على العمل	Migration affects work.
تنجح الدبلوماسية في الحل	Diplomacy succeeds in the solution.
هذه مدرسة في الدبلوماسية	This is a school in diplomacy.
شكل ائتلاف سياسي جديد	A new political coalition formed.
فشل ائتلاف الأحزاب	The coalition of parties failed.
هذا تحالف قوي	This is a strong alliance.
بدأ تحالف عسكري	A military alliance began.
الاقتصاد العالمي متقلب	The global economy is volatile.
يؤثر السعر على الاقتصاد	The price affects the economy.
تغير العالم بعد جائحة	The world changed after a pandemic.
كانت جائحة صعبة	It was a difficult pandemic.
نستخدم الطاقة المتجددة	We use renewable energy.
المصادر المتجددة مفيدة	Renewable sources are useful.
أهمية الحفظ للبيئة	The importance of conservation for the environment.
بدأ مشروع الحفظ	The conservation project began.
التنوع البيولوجي مذهل	Biodiversity is amazing.
نحمي التنوع البيولوجي	We protect biodiversity.
يؤدي الاستقرار للنمو	Stability leads to growth.
نبحث عن الاستقرار	We seek stability.
يزيد التوتر في المكان	Tension is increasing in the place.
نرفض التوتر المستمر	We reject continuous tension.
يتحقق النجاح عبر التعاون	Success is achieved through cooperation.
نؤمن بقيمة التعاون	We believe in the value of cooperation.
المؤلف كتب كتابا جديدا	The author wrote a new book.
هذا هو المؤلف المشهور	This is the famous author.
هذه مؤامرة سياسية	This is a political conspiracy.
لا أحب هذه مؤامرة	I do not like this conspiracy.
النحت فن قديم	Sculpture is an ancient art.
أحب زيارة معرض النحت	I love visiting the sculpture gallery.
هذه اللوحة تحفة	This painting is a masterpiece.
هذا التمثال تحفة فنية	This statue is an artistic masterpiece.
المناظر الطبيعية هنا جميلة	The landscapes here are beautiful.
أرسم المناظر الطبيعية	I paint the landscapes.
هذه لوحة مجردة	This is an abstract painting.
أحب الفن مجردة	I love abstract art.
القراءة هي إلهام لي	Reading is an inspiration to me.
أبحث عن إلهام جديد	I am looking for new inspiration.
العاطفة قوية في الشعر	The emotion is strong in poetry.
لا تخف من العاطفة	Do not be afraid of emotion.
السرد في الرواية ممتاز	The narrative in the novel is excellent.
أحب أسلوب السرد	I love the narrative style.
هذا كتاب غير خيالي	This is a non-fiction book.
أقرأ نص غير خيالي	I read a non-fiction text.
هذه سيرة ذاتية ممتعة	This is an interesting biography.
كتبت سيرة ذاتية قصيرة	I wrote a short biography.
الحوار بينهما كان قصيرا	The dialogue between them was short.
أركز على الحوار	I focus on the dialogue.
هذه قافية جميلة	This is a beautiful rhyme.
لا توجد قافية هنا	There is no rhyme here.
قرأت هذه الآية	I read this verse.
هذه الآية مؤثرة	This verse is moving.
الناقد رفض العمل	The critic rejected the work.
استمع إلى رأي الناقد	Listen to the critic's opinion.
تحقيق الهدف يحتاج إلى وقت	Achieving the goal needs time.
سعى الفريق إلى تحقيق الفوز	The team sought to achieve the win.
تتكون المدينة من بيوت قديمة	The city consists of old houses.
تتكون القصة من ثلاثة أجزاء	The story consists of three parts.
إظهار الشجاعة أمر مهم	Demonstrating courage is important.
يريد المعلم إظهار الطريقة	The teacher wants to demonstrate the method.
المساهمة في العمل مفيدة	Contributing to the work is useful.
شكراً على المساهمة في المشروع	Thank you for contributing to the project.
نحن نعترف بالخطأ الآن	We acknowledge the mistake now.
يجب أن نعترف بالحقائق	We must acknowledge the facts.
يريد الملك إنشاء مدينة جديدة	The king wants to establish a new city.
تم إنشاء المصنع في عام ألفين	The factory was established in the year 2000.
تؤثر القراءة على العقل	Reading affects the mind.
كيف تؤثر الشمس على النبات	How does the sun affect the plant.
لاحظنا انخفاض في السعر	We noticed a decrease in the price.
هناك انخفاض في درجة الحرارة	There is a decrease in the temperature.
هدفنا هو تقليل الهدر	Our goal is to reduce waste.
يساعد النظام على تقليل الوقت	The system helps to reduce time.
نريد تحسين جودة العمل	We want to improve the quality of work.
يؤدي التمرين إلى تحسين الصحة	Exercise leads to improving health.
قرر المدير توسيع المكتب	The manager decided to expand the office.
بدأت الشركة توسيع نشاطها	The company started expanding its activity.
يؤدي الخوف إلى تثبيط الهمم	Fear leads to discouraging spirits.
لا تهدف هذه القوانين إلى تثبيط الإبداع	These laws do not aim to discourage creativity.
يتميز الطالب بـ الإصرار على النجاح	The student is characterized by insisting on success.
هذا هو الإصرار على الوصول	This is the insistence on arriving.
لا يمكننا أن نفترض ذلك	We cannot assume that.
هل نفترض أن الجو بارد	Do we assume that the weather is cold.
يريد المهندس أن احسب المساحة	The engineer wants me to calculate the area.
من فضلك احسب مجموع الأرقام	Please calculate the sum of the numbers.
تعكس المرآة صورة الوجه	The mirror reflects the image of the face.
تعكس عيون الطفل الفرح	The child's eyes reflect joy.
هذه فرضية جديدة	This is a new hypothesis.
فرضية البحث غير صحيحة	The research hypothesis is incorrect.
المنهجية واضحة جدا	The methodology is very clear.
تغيرت المنهجية مؤخرا	The methodology changed recently.
لم يصل الإجماع بعد	The consensus has not been reached yet.
هذا الارتباط غير واضح	This correlation is not clear.
هذا متغير أساسي	This is a basic variable.
متغير واحد فقط تغير	Only one variable changed.
المنهجية هي المنهجية الصحيحة	The methodology is the correct methodology.
تختلف المعايير من بلد لآخر	The criteria differ from one country to another.
ما هو الأساس المنطقي لهذا	What is the rationale for this.
الأساس المنطقي كان ضعيفا	The rationale was weak.
هذا دليل تجريبي	This is empirical evidence.
البحث تجريبي بامتياز	The research is purely empirical.
إطار العمل محدد الآن	The framework is defined now.
نحتاج إلى إطار العمل	We need the framework.
هذا الجانب مهم جدا	This aspect is very important.
تغير الجانب الفني	The technical aspect changed.
الاتجاه الحالي صاعد	The current trend is rising.
ما هو الاتجاه العام	What is the general trend.
هذه عينة صغيرة	This is a small sample.
أخذت عينة من الدم	A blood sample was taken.
مجموعة البيانات كبيرة جدا	The data set is very large.
فقدنا مجموعة البيانات	We lost the data set.
هذه إحصائيات دقيقة	These are accurate statistics.
إحصائيات السنة الماضية ضعيفة	Last year's statistics are weak.
نبحث عن الملاءمة هنا	We are looking for the relevance here.
صلاحية الجواز منتهية	The passport validity has expired.
تأكد من صلاحية البيانات	Check the validity of the data.
الموثوقية عالية في هذا الجهاز	The reliability is high in this device.
نبحث عن الموثوقية	We are looking for reliability.
النطاق واسع جدا	The scope is very wide.
هذا خارج النطاق	This is outside the scope.
هذا القيد صعب	This limitation is difficult.
تجاوزنا القيد الفني	We overcame the technical limitation.
لا يمكن استقراء النتائج	The results cannot be extrapolated.
حاول استقراء البيانات	Try to extrapolate the data.
يجب تحديد الكمية بدقة	The quantity must be quantified accurately.
صعب تحديد الكمية هنا	It is difficult to quantify the amount here.
هذا التباين واضح جدا	This contrast is very clear.
بدأنا في توليف العناصر	We started synthesizing the elements.
يجب توليف المعلومات	The information must be synthesized.
بدأ التحقيق في الأمر	The investigation into the matter began.
يجب التحقيق في السبب	The cause must be investigated.
هذه فرضية خاطئة	This is a false premise.
ما هي فرضية البحث	What is the research premise.
أريد أن تفاوض السعر الآن	I want you to negotiate the price now.
يمكنك تفاوض شروط العقد	You can negotiate the contract terms.
جاء مندوب من الشركة	A delegate from the company came.
هو مندوب متميز جدا	He is a very distinguished delegate.
هدفنا هو تسهيل الإجراءات	Our goal is facilitating the procedures.
يساعد هذا البرنامج في تسهيل العمل	This program helps in facilitating the work.
أنا أحب الإشراف على المشروع	I like overseeing the project.
تطلب العمل الإشراف الدقيق	The work required careful overseeing.
نريد تبسيط هذه العملية	We want to streamline this process.
يؤدي تبسيط النظام إلى السرعة	Streamlining the system leads to speed.
بدأ التعاون بين الفريقين	Collaboration between the two teams began.
أهمية التعاون في النجاح كبيرة	The importance of collaboration in success is great.
نحاول تحسين جودة المنتج	We are trying to optimize the product quality.
يساعد هذا التحديث في تحسين الأداء	This update helps in optimizing performance.
يجب وضع استراتيجية جديدة	A new strategy must be put in place.
بدأت وضع استراتيجية للنمو	I started putting a strategy for growth.
نحتاج تنسيق المواعيد بدقة	We need coordinating the appointments precisely.
تم تنسيق العمل بين الأقسام	The work was coordinated between departments.
يعمل المدير على تحفيز الموظفين	The manager works on motivating the employees.
تحفيز الفريق يزيد الإنتاج	Motivating the team increases production.
كلماته كانت بمثابة إلهام لنا	His words were an inspiration to us.
نبحث عن إلهام جديد	We are looking for new inspiration.
كان معلمه صبورا جدا	His mentor was very patient.
أريد أن أكون معلمه الجديد	I want to be his new mentor.
تتطلب الوظيفة الإشراف اليومي	The job requires daily supervising.
أوكلت إلي الإشراف على الموقع	I was entrusted with supervising the site.
حان وقت تقييم الأداء	It is time for evaluating the performance.
يساعد تقييم دقيق في التطور	A precise evaluation helps in development.
أحتاج مراجعة الملف مرة أخرى	I need a review of the file again.
بدأت مراجعة التقرير النهائي	The review of the final report began.
أفضل التواصل عبر البريد	I prefer communicating via email.
أهمية التواصل في العمل ضرورية	The importance of communicating at work is essential.
يجب أن تتوافق الأهداف معا	The goals must correspond together.
لا تتوافق هذه البيانات مع الواقع	These data do not correspond with reality.
راجع الجدول الزمني للمشروع	Check the project schedule.
كان الجدول الزمني ضيقا	The schedule was tight.
قررت تخصيص وقت للقراءة	I decided to allocate time for reading.
يجب تخصيص ميزانية إضافية	An additional budget must be allocated.
اقترب الموعد النهائي للتسليم	The deadline for delivery approached.
نسينا الموعد النهائي للمشروع	We forgot the project deadline.
هذا نجاح وهو معلم رئيسي	This is a success and a major milestone.
وصلنا إلى معلم رئيسي في الخطة	We reached a major milestone in the plan.
أشعر أن عبء العمل كبير	I feel that the workload is heavy.
كيف نقلل عبء العمل اليومي	How do we reduce the daily workload.
تتميز هذه الطريقة بأنها كفاءة	This method is characterized by efficiency.
نبحث عن كفاءة في التنفيذ	We are looking for efficiency in execution.
هذه أداة فعالة جدا	This is a very effective tool.
نحتاج خطة فعالة للنمو	We need an effective plan for growth.
كانت الجلسة منتجة للغاية	The session was very productive.
نحن شركة منتجة ومبدعة	We are a productive and creative company.
تفكيرك يتسم بأنها استباقية	Your thinking is characterized as proactive.
نحتاج خطة استباقية للأزمات	We need a proactive plan for crises.
هو شخص واسع الحيلة	He is a resourceful person.
تكون دائما واسع الحيلة	You are always resourceful.
إحداث تغيير كبير صعب جدا	Bringing about a big change is very difficult.
يمكن إحداث فرق بسيط هنا	It is possible to bring about a small difference here.
نحن ننظر في هذه المشكلة الآن	We look into this problem now.
يجب أن ننظر في الخيارات المتاحة	We must look into the available options.
صعب التوصل إلى حل سريع	It is hard to come up with a quick solution.
يمكننا التوصل إلى فكرة جديدة	We can come up with a new idea.
أريد اقامة حفلة صغيرة	I want to set up a small party.
تساعد الدولة في اقامة المصانع	The state helps in setting up factories.
أنا تمرن في النادي يوميا	I work out at the gym daily.
يجب أن تمرن عضلاتك جيدا	You must work out your muscles well.
لا يمكن حساب ل كل شيء	It is impossible to account for everything.
يجب حساب ل التكاليف الإضافية	We must account for the extra costs.
أحتاج نسخة احتياطية من الملف	I need a backup copy of the file.
اصنع نسخة احتياطية من الصور	Make a backup copy of the photos.
قد ينهار الجدار القديم	The old wall might break down.
لماذا ينهار هذا النظام الآن	Why does this system break down now.
سوف أرسل نداء للمساعدة	I will send a call for help.
سمعت نداء بعيد جدا	I heard a very distant call.
أحاول اللحاق بالركب في الدراسة	I am trying to catch up in studies.
صعب اللحاق بالركب بسرعة	It is hard to catch up quickly.
كيف تأتي عبر هذا الطريق	How do you come across this road.
قد تأتي عبر الصدفة معلومات جديدة	New information might come across by chance.
يجب قطع على السكر في الطعام	We must cut down on sugar in food.
أريد قطع على المصاريف غير الضرورية	I want to cut down on unnecessary expenses.
حاول أن اكتشف السر	Try to figure out the secret.
لم استطع اكتشف السبب بعد	I could not figure out the reason yet.
أحب الحصول على جنبا إلى جنب مع أصدقائي	I love getting along with my friends.
من الصعب الحصول على جنبا إلى جنب مع الجميع	It is hard to get along with everyone.
أحاول مواكبة التطور التكنولوجي	I try to keep up with technological development.
صعب مواكبة سرعة الزمن	It is hard to keep up with the speed of time.
نحن نتطلع إلى زيارتكم قريبا	We look forward to your visit soon.
نتطلع إلى سماع أخباركم	We look forward to hearing your news.
وضعت المرأة مكياج خفيف	The woman put on light makeup.
لا أحب وضع مكياج كثير	I do not like putting on much makeup.
كيف يمكن طرح مع هذا الضجيج	How can one put up with this noise.
لا أستطيع طرح مع هذه الفوضى	I cannot put up with this chaos.
متى تظهر في الاجتماع	When do you show up at the meeting.
سوف تظهر النتائج غدا	The results will show up tomorrow.
هي تأخذ بعد والدتها في الجمال	She takes after her mother in beauty.
أنا تأخذ بعد والدي في الصبر	I take after my father in patience.
يجب أن احترس من الكلب	I must watch out for the dog.
احترس من الطريق المزدحم	Watch out for the crowded road.
التشريع واضح في القانون	The legislation is clear in the law.
نحتاج إلى تغيير التشريع	We need to change the legislation.
هذا خارج الاختصاص	This is outside the jurisdiction.
حدد القاضي الاختصاص	The judge determined the jurisdiction.
الدستور يحمي الحقوق	The constitution protects rights.
قرأ الطالب الدستور	The student read the constitution.
بدأت الملاحقة القضائية اليوم	The prosecution began today.
تجنب المتهم الملاحقة القضائية	The defendant avoided prosecution.
يعمل القضاء باستقلال	The judiciary works independently.
يحترم الجميع القضاء	Everyone respects the judiciary.
أجرى الشعب استفتاء	The people held a referendum.
كان الاستفتاء عادلا	The referendum was fair.
السيادة للشعب	Sovereignty belongs to the people.
نحمي السيادة الوطنية	We protect national sovereignty.
يجتمع البرلمان الآن	The parliament is meeting now.
زار الرئيس البرلمان	The president visited the parliament.
اجتمع مجلس الوزراء	The cabinet met.
قرر مجلس الوزراء الخطة	The cabinet decided the plan.
تكره الناس البيروقراطية	People hate bureaucracy.
البيروقراطية تعطل العمل	Bureaucracy hinders the work.
نحتاج إلى التنظيم	We need regulation.
هذا التنظيم جديد	This regulation is new.
يحدد النظام الأساسي القواعد	The statute defines the rules.
راجع المحامي النظام الأساسي	The lawyer reviewed the statute.
انتهت المحاكمة أمس	The trial ended yesterday.
كانت المحاكمة طويلة	The trial was long.
المدعى عليه هنا	The defendant is here.
رفض المدعى عليه التهم	The defendant denied the charges.
الأدلة قوية جدا	The evidence is very strong.
جمع الشرطي الأدلة	The police gathered the evidence.
قدم المحامي نداء	The lawyer filed an appeal.
لم ينجح هذا النداء	This appeal was not successful.
أدت الشهادة إلى الإدانة	The testimony led to conviction.
رفض المتهم الإدانة	The defendant denied the conviction.
يتمتع الرئيس بالحصانة	The president enjoys immunity.
انتهت الحصانة القانونية	The legal immunity ended.
هذا هو العضو المنتخب	This is the elected member.
فاز المنتخب في التصويت	The elected one won the vote.
ظهر مرشح جديد	A new candidate appeared.
كان المرشح مستعدا	The candidate was ready.
بدأت حملة انتخابية	An electoral campaign began.
كانت الحملة قوية	The campaign was strong.
هذه هي الدائرة الانتخابية	This is the constituency.
زار المرشح الدائرة الانتخابية	The candidate visited the constituency.
نؤمن بالديمقراطية	We believe in democracy.
الديمقراطية تعني الحرية	Democracy means freedom.
الأخلاق أساس المجتمع	Ethics are the foundation of society.
نحن ندرس الأخلاق	We study ethics.
الأخلاق جزء من التربية	Morality is part of upbringing.
تختلف الأخلاق بين الناس	Morality differs among people.
الإدراك يختلف من شخص لآخر	Perception differs from one person to another.
هذا الإدراك كان خاطئا	This perception was wrong.
الصدق فضيلة كبيرة	Honesty is a great virtue.
كل فضيلة تحتاج إلى صبر	Every virtue needs patience.
هذه عقيدة قديمة	This is an old doctrine.
تغيرت العقيدة مع الوقت	The doctrine changed over time.
ليست هذه أيديولوجية واضحة	This is not a clear ideology.
تؤثر الأيديولوجية على التفكير	Ideology affects thinking.
هذه مفارقة غريبة جدا	This is a very strange paradox.
وجدنا مفارقة في القصة	We found a paradox in the story.
هذا الاعتقاد راسخ في قلبي	This belief is firm in my heart.
تغير الاعتقاد بعد البحث	The belief changed after research.
هذه قيمة إنسانية	This is a human value.
كل قيمة لها معنى	Every value has a meaning.
هذا هو المبدأ الأساسي	This is the basic principle.
نتمسك بهذا المبدأ دائما	We always stick to this principle.
هذه فكرة مجردة	This is an abstract idea.
الألوان هنا مجردة	The colors here are abstract.
تفكيرك عقلاني جدا	Your thinking is very rational.
هذا حل عقلاني	This is a rational solution.
أعتمد على الحدس أحيانا	I rely on intuition sometimes.
قادني الحدس إلى هنا	Intuition led me here.
وصلت إلى اليقين التام	I reached complete certainty.
اليقين يمنح الراحة	Certainty gives comfort.
التأمل يهدئ العقل	Contemplation calms the mind.
أحب التأمل في الطبيعة	I love contemplation in nature.
الروح تحتاج إلى سلام	The soul needs peace.
سكنت الروح في جسده	The soul dwelt in his body.
الوجود لغز كبير	Existence is a big mystery.
تأملت في معنى الوجود	I contemplated the meaning of existence.
نظرية المعرفة علم عميق	Epistemology is a deep science.
ندرس نظرية المعرفة هنا	We study epistemology here.
الإرادة الحرة حق	Free will is a right.
أؤمن بالإرادة الحرة	I believe in free will.
الحتمية ترفض الصدفة	Determinism rejects coincidence.
هل الحتمية قدر	Is determinism fate.
كان الجو باردا، رغم ذلك خرجنا	It was cold, nonetheless we went out.
هو مريض، رغم ذلك يعمل	He is sick, nonetheless he is working.
هو ذكي، علاوة على ذلك هو مجتهد	He is smart, furthermore he is hardworking.
البيت جميل، علاوة على ذلك هو واسع	The house is beautiful, furthermore it is spacious.
الدرس سهل، علاوة على ذلك هو قصير	The lesson is easy, moreover it is short.
هو يحب القراءة، علاوة على ذلك يحب الرسم	He loves reading, moreover he loves painting.
سقط المطر، وبالتالي تأخرنا	It rained, consequently we were late.
فاز الفريق، وبالتالي فرح الجمهور	The team won, consequently the crowd rejoiced.
تغير القانون، وفقا لذلك تغير العمل	The law changed, accordingly the work changed.
فهمت الدرس، وفقا لذلك أجبت	I understood the lesson, accordingly I answered.
هو يحب التفاح، وبالمثل تحب مريم التفاح	He loves apples, similarly Mary loves apples.
تكلمت هند، وبالمثل تكلمت سارة	Hind spoke, similarly Sarah spoke.
أنا أحب الصيف، على العكس من ذلك يكرهه أخي	I love summer, conversely my brother hates it.
هو هادئ، على العكس من ذلك صديقه صاخب	He is quiet, conversely his friend is loud.
سأذهب للنوم الآن، وفي وقت لاحق سأدرس	I will go to sleep now, and subsequently I will study.
أكلت الغداء، وفي وقت لاحق شربت الشاي	I ate lunch, and subsequently I drank tea.
هذا يمكن القول أفضل كتاب	This is arguably the best book.
هي يمكن القول أسرع عداءة	She is arguably the fastest runner.
كذب الرجل، ومن ثم فقدنا الثقة	The man lied, hence we lost trust.
أخطأ الموظف، ومن ثم اعتذر	The employee made a mistake, hence he apologized.
درس الطالب جيدا، وبذلك نجح	The student studied well, thereby he passed.
وفرت المال، وبذلك اشتريت سيارة	I saved money, thereby I bought a car.
هو يحب الرسم، وبالمثل تحب أخته الرسم	He loves drawing, likewise his sister loves drawing.
أنا أدرس، وبالمثل يدرس أخي	I am studying, likewise my brother is studying.
نحن نعمل على قدم المساواة	We work equally.
الفرص متاحة على قدم المساواة	Opportunities are available equally.
أحب الفاكهة، خصوصا الموز	I love fruit, especially bananas.
أحب السفر، خصوصا إلى مصر	I love traveling, especially to Egypt.
أحب هذا اللون، على وجه الخصوص الأحمر	I love this color, particularly red.
أفضل هذا المطعم، على وجه الخصوص	I prefer this restaurant, particularly.
تحسن مستوى الطالب بشكل ملحوظ	The student's level improved remarkably.
زاد عدد السكان بشكل ملحوظ	The population increased remarkably.
مما لا شك فيه أن العلم نافع	Undoubtedly, knowledge is useful.
مما لا شك فيه أن الصدق فضيلة	Undoubtedly, honesty is a virtue.
على ما يبدو هو حزين اليوم	Apparently he is sad today.
على ما يبدو الجو سيمطر	Apparently it will rain.
على ما يبدو الأمر صعب	Seemingly the matter is difficult.
على ما يبدو هو نائم	Seemingly he is asleep.
أنا أدرس اللغة في المقام الأول	I am studying the language primarily.
الهدف في المقام الأول هو النجاح	The goal is primarily success.
هذا العرض حصريا للأعضاء	This offer is exclusively for members.
هذا المنتج متاح حصريا هنا	This product is available exclusively here.
يصبح الجو حارا على نحو متزايد	The weather is becoming increasingly hot.
يزداد الطلب على نحو متزايد	Demand is increasing increasingly.
تغير المناخ بشكل ملحوظ	The climate changed significantly.
تحسن الاقتصاد بشكل ملحوظ	The economy improved significantly.
زادت الأسعار إلى حد كبير	Prices increased considerably.
تأثر العمل إلى حد كبير	The work was considerably affected.
هذا نقاش سياسي بحتة	This is a purely political discussion.
الدافع كان ماديا بحتة	The motive was purely financial.
اتبع القوانين بدقة	Follow the rules strictly.
يجب تنفيذ الأمر بدقة	The order must be executed strictly.
فهمت القصد ضمنا	I understood the meaning implicitly.
تم الاتفاق ضمنا بيننا	It was implicitly agreed between us.
سأفعل ذلك بالمثل	I will do the same.
تحدثت معه بالمثل	I spoke to him similarly.
سأزورك في وقت لاحق	I will visit you later.
سأكتب الرد في وقت لاحق	I will write the reply subsequently.
هذا تقرير شامل	This is a comprehensive report.
الدراسة كانت شاملة	The study was comprehensive.
القواعد هنا صارمة	The rules here are strict.
كانت الرقابة صارمة	The supervision was rigorous.
هذا نص متماسك	This is a coherent text.
كلامك متماسك جدا	Your speech is very coherent.
المعنى هنا غامض	The meaning here is ambiguous.
هذا رد غامض	This is an ambiguous response.
هو خطيب بليغ	He is an eloquent orator.
أسلوبه بليغ جدا	His style is very eloquent.
بحث شامل عن الموضوع	A thorough search for the topic.
تنظيف شامل للمكان	A thorough cleaning of the place.
خبرة واسعة النطاق	Extensive experience.
تغييرات واسعة النطاق	Extensive changes.
أنظمة متطورة هنا	Sophisticated systems here.
تقنية متطورة جدا	Very sophisticated technology.
حجة مقنعة جدا	A very compelling argument.
قصة مقنعة للغاية	A very compelling story.
دليل مقنع هنا	Convincing evidence here.
شرح مقنع وبسيط	A convincing and simple explanation.
حجة مقنعة الآن	A persuasive argument now.
طريقة مقنعة جدا	A very persuasive method.
خطة قابلة للحياة	A viable plan.
حلول قابلة للحياة	Viable solutions.
هذا أمر قابل للنقاش	This is a debatable matter.
قرار قابل للنقاش	A debatable decision.
موضوع مثير للجدل	A contentious topic.
نقاش مثير للجدل	A contentious discussion.
خبر مثير للجدل	Controversial news.
قرار مثير للجدل	A controversial decision.
إشارة خفية جدا	A very subtle hint.
تغييرات خفية هنا	Subtle changes here.
مصدر موثوقة جدا	A very reliable source.
معلومات موثوقة تماما	Completely reliable information.
نتائج متسقة دائما	Always consistent results.
خطوات متسقة جدا	Very consistent steps.
كلام غير متناسق	Inconsistent talk.
أداء غير متناسق	Inconsistent performance.
مكان غامض هنا	An obscure place here.
تاريخ غامض جدا	A very obscure history.
أفكار مجردة تماما	Completely abstract ideas.
فن مجردة وبسيط	Abstract and simple art.
نتائج ملموسة الآن	Concrete results now.
أدلة ملموسة هنا	Concrete evidence here.
معنى ضمني واضح	A clear implicit meaning.
اتفاق ضمني بيننا	An implicit agreement between us.
الرأي السائد الآن	The predominant opinion now.
العنصر السائد هنا	The predominant element here.
يتنافس اللاعبون على الكأس	The players contend for the cup.
يتنافس الفريقان في المباراة	The two teams contend in the match.
دحض العالم النظرية القديمة	The scientist refuted the old theory.
حاول دحض هذا الادعاء	Try to refute this claim.
يتنازل الملك عن العرش	The king concedes the throne.
يتنازل الخصم عن حقه	The opponent concedes his right.
افترض وجود حل آخر	Hypothesize the existence of another solution.
افترض أن الجو بارد	Hypothesize that the weather is cold.
يجادل الرجل في المحكمة	The man argues in court.
لا يجادل في الحقيقة	He does not argue the truth.
المطالبة بالحق واجبة	Claiming the right is a duty.
أريد المطالبة بنصيبي	I want the claim of my share.
الدفاع عن الوطن شرف	Defending the homeland is an honor.
بدأ الدفاع عن المتهم	The defense of the accused began.
نحتاج إلى الدعم الآن	We need the support now.
قدم الدعم للفريق	Provide support to the team.
هذا الخبر يتعارض مع الواقع	This news contradicts reality.
كلامك يتعارض مع أفعالك	Your words contradict your actions.
نعترف بوجود مشكلة هنا	We acknowledge there is a problem here.
نعترف بفضل المعلم	We acknowledge the teacher's favor.
استنتج القاضي الحقيقة	The judge inferred the truth.
كيف استنتج هذا القرار	How did he infer this decision.
كلامك يعني ذلك ضمنا	Your words imply that implicitly.
فهمت المعنى ضمنا	I understood the meaning implicitly.
استنتج المحقق مكان الجريمة	The detective deduced the crime scene.
استنتجت الحل من القرائن	I deduced the solution from the clues.
يلمح الرجل إلى سر	The man alludes to a secret.
يلمح الكاتب إلى نهاية حزينة	The writer alludes to a sad ending.
هذا العمل تجسيد للإبداع	This work is an exemplification of creativity.
هذا الموقف تجسيد للشجاعة	This situation is an exemplification of courage.
اشرح الموضوع تفصيلا	Explain the subject in detail.
تحدث عن الخطة تفصيلا	Talk about the plan in detail.
نريد توسيع المنزل	We want to expand the house.
هذه ملاحظات هامشية بسيطة	These are simple marginal notes.
كانت الأرباح هامشية جدا	The profits were very marginal.
هذا تغيير تدريجي بطيء	This is a slow gradual change.
التحسن كان تدريجي وواضح	The improvement was gradual and clear.
الأسعار تتقلب كل يوم	Prices fluctuate every day.
المشاعر تتقلب في الصيف	Feelings fluctuate in the summer.
وصل العمل إلى الذروة	The work reached the peak.
هذه هي الذروة في الموسم	This is the peak in the season.
هناك انخفاض في المبيعات	There is a decline in sales.
نلاحظ انخفاض في الحرارة	We notice a decline in temperature.
ما هو الاتجاه الجديد	What is the new trend.
هذا الاتجاه منتشر جدا	This trend is very widespread.
الارتفاع كان مفاجئا	The rise was sudden.
نراقب الارتفاع في السعر	We monitor the rise in price.
حدث انخفاض في الطلب	A decrease in demand occurred.
هذا انخفاض بسيط	This is a simple decrease.
احلق في السماء العالية	Soar in the high sky.
احلق فوق السحب	Soar above the clouds.
انطلق الصاروخ نحو الفضاء	The rocket launched toward space.
هذا صاروخ كبير	This is a big rocket.
نبحث عن استقرار مالي	We seek financial stabilize.
تحقق استقرار في الوضع	Stabilize in the situation occurred.
بقي السعر مستوى قبالة	The price remained level off.
وصل المؤشر مستوى قبالة	The indicator reached level off.
حدث تراجع في الأداء	A dip in performance occurred.
هذا تراجع بسيط ومؤقت	This is a simple and temporary dip.
هناك سبايك في البيانات	There is a spike in the data.
هذا سبايك مفاجئ	This is a sudden spike.
الرجال يفوق عددا النساء هنا	Men outnumber women here.
الطلاب يفوق عددا المعلمين	Students outnumber teachers.
ما هي النسبة المئوية للنجاح	What is the percentage of success.
هذه النسبة المئوية دقيقة	This percentage is accurate.
درست إحصائيات السكان	I studied population statistics.
هذه إحصائيات قديمة	These are old statistics.
أجريت مقارنة بين السعرين	I made a comparison between the two prices.
هذه مقارنة غير عادلة	This is an unfair comparison.
هذه المجموعة تشمل الكل	This group comprise everyone.
القائمة تشمل أنواعا كثيرة	The list comprise many types.
يجب حساب لجميع التكاليف	It is necessary to account for all costs.
نحاول حساب لجميع الخسائر	We try to account for all losses.
تغير الجو تدريجيا	The weather changed gradually.
نمو الطفل كان تدريجيا	The child's growth was gradually.
سار الرجل بثبات	The man walked steadily.
كان العمل يسير بثبات	The work was proceeding steadily.
سقط السعر بشكل حاد	The price fell sharply.
تغير الرأي بشكل حاد	The opinion changed sharply.
تغيرت الحياة بشكل كبير	Life changed dramatically.
زاد الإنتاج بشكل كبير	Production increased dramatically.
تحسن المستوى بشكل ملحوظ	The level improved noticeably.
ظهر الفرق بشكل ملحوظ	The difference appeared noticeably.
الوضع جيد بشكل عام	The situation is good overall.
كان الأداء ضعيفا بشكل عام	The performance was weak overall.
أنا هنا بينما أنت هناك	I am here while you are there.
نام الطفل بينما كانت الأم تعمل	The child slept while the mother worked.
هو طويل وإن كان نحيفا	He is tall albeit thin.
الجو بارد وإن كان مشمسا	The weather is cold albeit sunny.
سقط المطر ومن ثم ظهر قوس قزح	It rained and hence a rainbow appeared.
درس الطالب ومن ثم نجح	The student studied and hence succeeded.
أحب التفاح وبالمثل أحب الموز	I love apples and likewise I love bananas.
هي مجتهدة وبالمثل هو مجتهد	She is hardworking and likewise he is hardworking.
ظننت أنه حزين على العكس من ذلك هو سعيد	I thought he was sad, conversely he is happy.
كان الطريق سهلا على العكس من ذلك كان صعبا	The road was easy, conversely it was difficult.
يمكن القول إن هذا أفضل كتاب	Arguably this is the best book.
يمكن القول إن المدينة جميلة	Arguably the city is beautiful.
كان متعبا رغم ذلك استمر في العمل	He was tired nonetheless he continued working.
المشكلة كبيرة رغم ذلك لدينا حل	The problem is big nonetheless we have a solution.
البيت صغير علاوة على ذلك هو قديم	The house is small furthermore it is old.
أحب القراءة علاوة على ذلك أحب الكتابة	I love reading furthermore I love writing.
أخطأ اللاعب علاوة على ذلك خسر الفريق	The player erred moreover the team lost.
هو ذكي علاوة على ذلك هو متواضع	He is smart moreover he is humble.
سهرت كثيرا وبالتالي استيقظت متأخرا	I stayed up late and consequently woke up late.
تأخر القطار وبالتالي تأخرت عن الموعد	The train was late and consequently I was late.
نظمت الشركة البيانات وفقا لذلك تم التحليل	The company organized the data and accordingly it was analyzed.
تغير المناخ وفقا لذلك تغيرت الزراعة	The climate changed and accordingly agriculture changed.
يتحدث علي ببطء وبالمثل يتحدث سامي	Ali speaks slowly and similarly Sami speaks.
هذه المدينة هادئة وبالمثل تلك القرية	This city is quiet and similarly that village.
يوزع المعلم الجوائز على قدم المساواة	The teacher distributes the prizes equally.
يتقاسم الإخوة الميراث على قدم المساواة	The siblings share the inheritance equally.
اللون الأحمر دافئ في المقابل الأزرق بارد	Red is warm in contrast blue is cold.
المدينة صاخبة في المقابل الريف هادئ	The city is noisy in contrast the countryside is quiet.
ظننت أنه غاضب على العكس من ذلك هو راض	I thought he was angry on the contrary he is satisfied.
يبدو الأمر سهلا على العكس من ذلك هو معقد	It seems easy on the contrary it is complex.
أحب الصيف من ناحية أخرى يفضل أخي الشتاء	I love summer on the other hand my brother prefers winter.
العمل متعب من ناحية أخرى هو ممتع	The work is tiring on the other hand it is fun.
أهمل الطالب دراسته نتيجة لذلك رسب	The student neglected his studies as a result he failed.
سقط المطر نتيجة لذلك نمت الزهور	It rained as a result the flowers grew.
أحب الفواكه على سبيل المثال التفاح	I love fruits for instance apples.
هناك مدن جميلة على سبيل المثال دبي	There are beautiful cities for instance Dubai.
أحب الرسم على سبيل المثال رسم الطبيعة	I love painting for example painting nature.
أحب الرياضة على سبيل المثال السباحة	I love sports for example swimming.
أريد خبزا بالإضافة إلى ذلك أريد جبنا	I want bread in addition to that I want cheese.
أكلت تفاحة بالإضافة إلى ذلك أكلت موزة	I ate an apple in addition to that I ate a banana.
لتبدأ القصة كان هناك ملك	To begin with the story there was a king.
لتبدأ الرحلة يجب أن نستيقظ مبكرا	To begin the trip we must wake up early.
لتلخيص الأمر نحن نحتاج إلى وقت	To sum up we need time.
لتلخيص القصة كان البطل شجاعا	To sum up the story the hero was brave.
في الختام نشكركم على حسن استماعكم	In conclusion we thank you for your listening.
في الختام أرجو أن تكونوا بخير	In conclusion I hope you are well.
باعتراف الجميع هو أفضل لاعب	Admittedly he is the best player.
باعتراف الجميع كانت الرحلة متعبة	Admittedly the trip was tiring.
لا يمكن إنكاره أن العلم مفيد	Undeniably science is useful.
لا يمكن إنكاره أن الوقت سريع	Undeniably time is fast.
عامل الناس بالمثل دائما	Always treat people similarly.
هو بخير على ما يبدو	He is fine, seemingly.
الأمر سهل على ما يبدو	The matter is easy, seemingly.
هذا استقراء بسيط للبيانات	This is a simple extrapolation of the data.
نحتاج إلى استقراء النتائج	We need to extrapolate the results.
هذا توليف جيد للأفكار	This is a good synthesis of ideas.
يمكنك توليف المواد هنا	You can synthesize the materials here.
هذا القرار يعجل العملية	This decision precipitates the process.
البرد يعجل المرض	The cold precipitates the illness.
هذه الأزمة تفاقم المشكلة	This crisis exacerbates the problem.
لا تفاقم الموقف الآن	Do not exacerbate the situation now.
هذا الافتراض غير صحيح	This postulate is not correct.
بنيت خطتي على الافتراض	I based my plan on the postulate.
القاضي يقوم بـ الفصل في الأمر	The judge is adjudicating the matter.
سأنتظر الفصل في الأمر	I will wait for the adjudication of the matter.
الحديد يعمل على تحفيز التفاعل	Iron works to catalyze the reaction.
نحتاج إلى تحفيز النمو	We need to catalyze the growth.
حاولت التحايل على النظام	I tried to circumvent the system.
هذا نوع من التحايل	This is a type of circumvention.
لا يخلط بين السبب والنتيجة	Do not conflate the cause and the result.
يمكن أن يخلط المبتدئ بينهما	The beginner might conflate them.
بدأت عملية تدقيق الحسابات	The process of scrutinizing the accounts began.
هذا تدقيق دقيق جدا	This is a very precise scrutiny.
الجميع استنكر هذا الفعل	Everyone denounced this action.
يجب أن استنكر هذا الظلم	I must denounce this injustice.
هذا استخفاف واضح بالقدرات	This is a clear disparagement of abilities.
لا تتبع أسلوب استخفاف	Do not follow a style of disparagement.
هذا تغليف جيد للمنتج	This is a good encapsulation of the product.
يمكننا تغليف الهدايا هنا	We can encapsulate the gifts here.
نطلب تعجيل شحن الطلب	We request expediting the order shipment.
ساعد تعجيل الوقت في النجاح	Expediting the time helped in success.
حاول توريط صديقه في القضية	He tried to implicate his friend in the case.
لا توريط الأبرياء هنا	No implicating the innocent here.
وضع الصور جنبا إلى جنب	He placed the photos side by side.
ظهر الفرق عند وضعهما جنبا إلى جنب	The difference appeared when placing them side by side.
يجب إضفاء الشرعية على العقد	The contract must be legitimized.
سعى إضفاء الشرعية على القرار	He sought to legitimize the decision.
هذا يساهم في إدامة الصراع	This contributes to perpetuating the conflict.
لا نريد إدامة هذه الحالة	We do not want to perpetuate this state.
أنا أكرر كلامي مرة أخرى	I reiterate my words once again.
أريد أن أكرر الطلب	I want to reiterate the request.
هذا مجرد تخمين بسيط	This is just a simple surmise.
ليس لدي سوى تخمين	I have nothing but a surmise.
بدأت بـ تسطير أسفل السطر المهم	I started underlining the important line.
استخدم القلم لـ تسطير أسفل السطر	Use the pen to underscore the line.
محاولة تشويه السمعة فشلت	The attempt to vilify the reputation failed.
لا تهدف إلى تشويه الحقائق	Do not aim to vilify the facts.
أدى الدليل إلى تبرئة المتهم	The evidence led to vindicating the accused.
نسعى إلى تبرئة المظلوم	We seek to vindicate the wronged person.
هذا القرار سيف ذو حدين	This decision is a double-edged sword.
المال سيف ذو حدين	Money is a double-edged’s sword.
هذا هو جوهر المسألة	This is the crux of the matter.
أريد معرفة جوهر المسألة	I want to know the crux of the matter.
هذه نقطة خلافية بيننا	This is a moot point between us.
بقت هذه نقطة خلافية	This remained a moot point.
الربح جيد على المدى الطويل	Profit is good in the long run.
فكر على المدى الطويل	Think in the long run.
فكرت في ضوء المعلومات	I thought in light of the information.
تغير كل شيء في ضوء الخبر	Everything changed in light of the news.
سأفعل ذلك بنفس المنوال	I will do it by the same token.
تحدثت معه بنفس المنوال	I spoke with him by the same token.
جاء الخبر من اللون الأزرق	The news came out of the blue.
ظهرت المشكلة من اللون الأزرق	The problem appeared out of the blue.
خذ كلامه مع قليل من الملح	Take his words with a pinch of salt.
اسمع القصة مع قليل من الملح	Listen to the story with a pinch of salt.
أريد للعب محامي الشيطان هنا	I want to play devil's advocate here.
بدأ للعب محامي الشيطان	He started to play devil's advocate.
يجب أن تكون على نفس الصفحة	You must be on the same page.
نحاول أن تكون على نفس الصفحة	We try to be on the same page.
حان الوقت لدغة الرصاصة	It is time to bite the bullet.
قرر أخيرا لدغة الرصاصة	He finally decided to bite the bullet.
سأبقى لحرق زيت منتصف الليل	I will stay to burn the midnight oil.
يحب لحرق زيت منتصف الليل	He likes to burn the midnight oil.
يجب عليك لرسم الخط الآن	You must draw the line now.
أين تريد لرسم الخط	Where do you want to draw the line.
بدأ للسماح للقطة بالخروج من الحقيبة	He started to let the cat out of the bag.
لا تكن أول للسماح للقطة بالخروج من الحقيبة	Don't be the first to let the cat out of the bag.
لا تكن لأخذها أمرا مفروغا منه	Do not take it for granted.
أخطأت لأخذها أمرا مفروغا منه	He erred to take it for granted.
قررت لغض البصر عن الخطأ	I decided to turn a blind eye to the mistake.
حاول لغض البصر عن الأمر	He tried to turn a blind eye to the matter.
أنت الآن أن تكون على الجليد الرقيق	You are now on thin ice.
أشعر أن تكون على الجليد الرقيق	I feel that you are on thin ice.
سوف لتكلف ذراعًا وساقًا	It will cost an arm and a leg.
هذه السيارة لتكلف ذراعًا وساقًا	This car costs an arm and a leg.
بدأ أن يكون هناك تغيير في القلب	It started to have a change of heart.
أريد أن يكون هناك تغيير في القلب	I want to have a change of heart.
بدأ ليكون فوق القمر من الفرح	He started to be over the moon with joy.
سوف ليكون فوق القمر غدا	He will be over the moon tomorrow.
نحتاج لرؤية العين بالعين	We need to see eye to eye.
فشلنا لرؤية العين بالعين	We failed to see eye to eye.
لا يمكنك للجلوس على السياج	You cannot sit on the fence.
توقف عن للجلوس على السياج	Stop sitting on the fence.
حان الوقت لسكب الفاصوليا	It is time to spill the beans.
هل تريد لسكب الفاصوليا الآن	Do you want to spill the beans now.
أشعر أن تكون تحت الطقس اليوم	I feel under the weather today.
كان أن تكون تحت الطقسماسه	He was under the weather.
أحاول لكسر الجليد معكم	I am trying to break the ice with you.
هذه النكتة لكسر الجليد	This joke is to break the ice.
استطعت لضرب المسمار على الرأس	You managed to hit the nail on the head.
حاول لضرب المسمار على الرأس	He tried to hit the nail on the head.
هل تحاول لسحب ساق شخص ما	Are you trying to pull someone's leg.
توقف عن لسحب ساق شخص ما	Stop pulling someone's leg.
في الختام، شكرًا لكم	In conclusion, thank you.
في الختام، انتهى الدرس	In conclusion, the lesson has ended.
لتلخيص القصة، هو بطل	To sum up the story, he is a hero.
لتلخيص الأمر، نحن جاهزون	To sum up the matter, we are ready.
على التوازن، الخطة جيدة	On balance, the plan is good.
على التوازن، الربح قليل	On balance, the profit is small.
في جوهره، هو رجل طيب	In essence, he is a kind man.
في جوهره، الأمر بسيط	In essence, the matter is simple.
بالإضافة إلى ذلك، أريد قهوة	In addition, I want coffee.
بالإضافة إلى ذلك، الوقت متأخر	In addition, it is late.
في المقابل، هي تحب الشاي	In contrast, she likes tea.
في المقابل، الجو بارد	In contrast, the weather is cold.
على العكس من ذلك، هو هنا	On the contrary, he is here.
على العكس من ذلك، لم يذهب	On the contrary, he did not go.
بمعنى آخر، أنت مخطئ	In other words, you are wrong.
بمعنى آخر، الوقت انتهى	In other words, time is up.
على سبيل المثال، أحب التفاح	For instance, I love apples.
على سبيل المثال، هذا كتاب	For instance, this is a book.
نتيجة لذلك، خسر الفريق	As a result, the team lost.
نتيجة لذلك، تأخرنا كثيراً	As a result, we were very late.
في المقام الأول، من أنت؟	In the first place, who are you?
في المقام الأول، نحن هنا	In the first place, we are here.
لتبدأ القصة، كان هناك ملك	To begin with, there was a king.
لتبدأ الرحلة، نحتاج خريطة	To begin with, we need a map.
في المركز الثاني، جاء أحمد	In the second place, Ahmed came.
في المركز الثاني، كانت القطة	The cat was in second place.
ثانيا، نذهب إلى البيت	Thirdly, we go home.
ثانيا، اقرأ الكتاب	Thirdly, read the book.
ثالثا، نغلق الباب	Thirdly, we close the door.
ثالثا، اشرب الماء	Thirdly, drink the water.
بدوره، قال الولد نعم	In turn, the boy said yes.
بدوره، عمل الرجل بجد	In turn, the man worked hard.
على النقيض من ذلك، هو حزين	By contrast, he is sad.
على النقيض من ذلك، هي سعيدة	By contrast, she is happy.
بالمقارنة، هذا البيت أكبر	In comparison, this house is bigger.
بالمقارنة، السعر مرتفع	In comparison, the price is high.
من ناحية، هو صديقي	On the one hand, he is my friend.
من ناحية، الوقت ضيق	On the one hand, time is tight.
من ناحية أخرى، هو عدوي	On the other hand, he is my enemy.
من ناحية أخرى، الجو حار	On the other hand, it is hot.
بالأحرى، هو ليس هنا	Rather, he is not here.
بالأحرى، هذه ليست سيارتي	Rather, this is not my car.
بدلا من ذلك، نم هنا	Instead, sleep here.
بدلا من ذلك، اشرب عصير	Instead, drink juice.
بدلا من ذلك، اذهب الآن	Alternatively, go now.
بدلا من ذلك، نأكل سمك	Alternatively, we eat fish.
وبالتالي، انتهى كل شيء	Consequently, everything ended.
وبالتالي، نحن فائزون	Consequently, we are winners.
ومن ثم، ذهب الجميع	Hence, everyone left.
ومن ثم، بدأ العمل	Hence, the work started.
وبذلك، أصبحنا جاهزين	Thereby, we became ready.
وبذلك، ينتهي الدرس	Thereby, the lesson ends.
عندئذ، عرفت الحقيقة	Thereupon, I knew the truth.
عندئذ، صرخ الرجل	Thereupon, the man shouted.
على وجه الخصوص، أحب هذا	Notably, I love this.
على وجه الخصوص، هو ذكي	Notably, he is smart.
بشكل رئيسي، نحن طلاب	Chiefly, we are students.
بشكل رئيسي، هو مدير	Chiefly, he is a manager.
هذا دليل لا لبس فيه	This is an unequivocal guide.
كلامه لا لبس فيه	His speech is unequivocal.
هذا مثال بارز	This is a salient example.
كان دوره بارز	His role was salient.
هذا حق متأصل	This is an inherent right.
الخطر متأصل هنا	The danger is inherent here.
هذا دور محوري	This is a pivotal role.
كان قرار محوري	It was a pivotal decision.
الهدف باراماونت الآن	The goal is paramount now.
هذا أمر باراماونت	This is a paramount matter.
الفرق لا يكاد يذكر	The difference is negligible.
الخسارة لا يكاد يذكر	The loss is negligible.
هذه خطة قابلة للحياة	This is a viable plan.
الحل ليس قابلة للحياة	The solution is not viable.
كلامه كان مقنع	His speech was cogent.
الزجاج معتم هنا	The glass is opaque here.
اللون معتم جدا	The color is very opaque.
هذا مرض منتشر	This is a pervasive disease.
هذا فكر منتشر	This is a pervasive thought.
هذا كاتب غزير الإنتاج	This is a prolific writer.
هو فنان غزير الإنتاج	He is a prolific artist.
هذه معلومات زائدة عن الحاجة	This information is redundant.
هذا جزء زائدة عن الحاجة	This part is redundant.
هذه تفاصيل لا لزوم لها	These details are superfluous.
هذا كلام لا لزوم لها	This talk is superfluous.
هذه مرونة عالية	This is high resilience.
نحتاج إلى مرونة	We need resilience.
أنا في مرحلة التدقيق	I am in the scrutinizing stage.
بدأنا عملية التدقيق	We started the scrutinizing process.
هذه قوانين صارمة	These are stringent laws.
كانت العقوبة صارمة	The punishment was stringent.
هذا دليل ملموس	This is tangible evidence.
أريد نتيجة ملموس	I want a tangible result.
هذا أثر غير ملموس	This is an intangible effect.
هذا حق غير ملموس	This is an intangible right.
هذا زجاج شفاف	This is transparent glass.
هذا نظام شفاف	This is a transparent system.
هذا قصر فخم	This is an opulent palace.
هذا أسلوب فخم	This is an opulent style.
نعيش في حالة التقشف	We live in a state of austerity.
كان عيشه التقشف	His living was austere.
هذه رحلة شاقة	This is an arduous journey.
كانت المهمة شاقة	The mission was arduous.
هذا مدير صعب الإرضاء	This is a fastidious manager.
هو شخص صعب الإرضاء	He is a fastidious person.
هؤلاء تجار عديمي الضمير	These are unscrupulous merchants.
هم أشخاص عديمي الضمير	They are unscrupulous people.
هؤلاء زبائن المميزين	These are discerning customers.
هو من المميزين	He is among the discerning.
هذا دليل لا جدال فيه	This is incontrovertible evidence.
هذا أمر لا جدال فيه	This is an incontrovertible matter.
سيرته لا تشوبها شائبة	His record is impeccable.
سمعته لا تشوبها شائبة	His reputation is impeccable.
أداؤه لا تشوبه شائبة	His performance is flawless.
هذه نسخة لا تشوبه شائبة	This is a flawless copy.
فهمت الرسالة ضمنا	I understood the message implicitly.
هذا القرار يتضمن ضمنا موافقة	This decision implicitly includes approval.
دراسة الجدوى كانت مفيدة	The feasibility study was useful.
نبحث عن الجدوى الاقتصادية	We are looking for the economic feasibility.
نهدف إلى تحقيق الاستدامة	We aim to achieve sustainability.
الاستدامة أمر ضروري للبيئة	Sustainability is essential for the environment.
هناك انتشار سريع للفيروس	There is a rapid prevalence of the virus.
نلاحظ انتشار الثقافة الجديدة	We notice the prevalence of the new culture.
هناك التناقض في أقواله	There is a discrepancy in his words.
لاحظنا التناقض بين الرقمين	We noticed the discrepancy between the two numbers.
يفتقر النص إلى التماسك	The text lacks coherence.
هذا الفريق يتمتع بالتماسك	This team has coherence.
تحققت من صلاحية الجواز	I checked the validity of the passport.
انتهت صلاحية العرض اليوم	The validity of the offer ended today.
نبحث عن الموثوقية في البيانات	We seek reliability in the data.
تعتمد الجودة على الموثوقية	Quality depends on reliability.
أدهشني الحجم الكبير للمبنى	The large magnitude of the building surprised me.
لا يمكن تقدير الحجم بدقة	The magnitude cannot be estimated accurately.
بنيت نظريتي على التخمين	I based my theory on conjecture.
هذا هو المعيار الوحيد	This is the only criterion.
يختلف المعيار من بلد لآخر	The criterion differs from one country to another.
هذه عقيدة قديمة جدا	This is a very old dogma.
لا تفرض عقيدة معينة	Do not impose a specific dogma.
تسعى الدولة لإنهاء الهيمنة	The state seeks to end the hegemony.
كانت الهيمنة واضحة في السوق	The hegemony was clear in the market.
نحتاج إلى زيادة الدعم	We need to increase the subsidy.
ارتفعت التعريفة الجمركية مؤخرا	The customs tariff rose recently.
تطبق التعريفة الجمركية على السيارات	The customs tariff applies to cars.
حصلت الشركة على حصة كبيرة	The company got a large quota.
تحدد الدولة حصة الاستيراد	The state determines the import quota.
تطورت البنية التحتية في المدينة	The infrastructure in the city developed.
تفتقر القرية إلى البنية التحتية	The village lacks infrastructure.
تؤثر التركيبة السكانية على السكن	Demographics affect housing.
درس الباحث التركيبة السكانية	The researcher studied the demographics.
يتم التخصيص المالي غدا	The financial allocation is tomorrow.
فشل التخصيص في توزيع الموارد	The allocation failed to distribute resources.
يصعب الإسناد إلى مصدر واحد	Attribution to one source is difficult.
خطأ في الإسناد التاريخي	An error in the historical attribution.
جاء التأييد من الخبراء	The corroboration came from experts.
نحتاج إلى التأييد من شهود	We need corroboration from witnesses.
أعجبتني الأصالة في اللوحة	I liked the authenticity of the painting.
نبحث عن الأصالة في الفن	We look for authenticity in art.
فقدت الشهادة المصداقية	The testimony lost its credibility.
تعتمد القيادة على المصداقية	Leadership depends on credibility.
اشرح لي الأساس المنطقي	Explain the rationale to me.
ما هو الأساس المنطقي لهذا؟	What is the rationale for this?
يعتمد الاستدلال على المنطق	The inference depends on logic.
قادني الاستدلال إلى الحقيقة	The inference led me to the truth.
حصلت على خصم كبير	I got a big deduction.
طلبت خصم على السعر	I asked for a deduction on the price.
اعتمدنا على الافتراض الأولي	We relied on the initial supposition.
كان الافتراض خاطئا تماما	The supposition was completely wrong.
تم الوصول إلى الإجماع	A consensus was reached.
يعبر الإجماع عن اتفاق الجميع	The consensus expresses everyone's agreement.
هناك الاختلاف في وجهات النظر	There is a divergence in viewpoints.
لاحظنا الاختلاف بين النتائج	We noticed the divergence between the results.
حدث التقارب بين الرأيين	Convergence happened between the two opinions.
نسعى إلى التقارب الثقافي	We seek cultural convergence.
أذهلني التعقيد في التصميم	The intricacy in the design amazed me.
واجهنا التعقيد في الإجراءات	We faced intricacy in the procedures.
هذه هي ذروة القصة	This is the culmination of the story.
وصل الفيلم إلى ذروة الأحداث	The movie reached the culmination of events.
