শুভ সকাল, কেমন আছেন?	Good morning, how are you?
সবাইকে শুভ সকাল।	Good morning to everyone.
শুভ বিকাল, আপনার দিনটি কেমন কাটল?	Good afternoon, how was your day?
সবাইকে শুভ বিকাল।	Good afternoon to everyone.
আপনার সাথে দেখা করে ভাল লাগল।	Nice to meet you.
আপনার সাথে দেখা করে ভাল লাগল, বন্ধু।	Nice to meet you, friend.
আপনাকে অনেক ধন্যবাদ সাহায্য করার জন্য।	Thank you very much for helping.
আপনাকে অনেক ধন্যবাদ।	Thank you very much.
আপনাকে স্বাগতম।	You are welcome.
আমাদের বাড়িতে আপনাকে স্বাগতম।	You are welcome to our house.
মাফ করবেন, নামটা কি?	Excuse me, what is the name?
মাফ করবেন, একটু শুনুন।	Excuse me, please listen.
মিসেস চ্যাটার্জি এখানে আছেন।	Mrs. Chatterjee is here.
তিনি হলেন মিসেস রায়।	She is Mrs. Roy.
ম্যাডাম, আপনার কলমটি এখানে।	Madam, your pen is here.
ম্যাডাম, আমি কি আসতে পারি?	Madam, may I come in?
আপনার যত্ন নিন।	Take care of yourself.
সবাই নিজের যত্ন নিন।	Everyone take care.
একটি সুন্দর দিন আপনার জন্য।	A nice day for you.
আপনার জন্য একটি সুন্দর দিন কামনা করি।	I wish a nice day for you.
আমার নয়টি কলম আছে।	I have nine pens.
এখানে নয়টি বই রাখা আছে।	Nine books are kept here.
আমার বয়স এখন চৌদ্দ বছর।	My age is fourteen years now.
সে চৌদ্দ দিন পরে আসবে।	He will come after fourteen days.
তার কাছে ষোলটি আম আছে।	He has sixteen mangoes.
বাসায় ষোল জন লোক আছে।	There are sixteen people in the house.
সতের জন ছাত্র এখানে আছে।	Seventeen students are here.
তার বয়স এখন সতের বছর।	His age is seventeen years now.
উনিশ জন মানুষ ভিড় করেছে।	Nineteen people have crowded.
বাসায় উনিশটি চেয়ার আছে।	There are nineteen chairs in the house.
একুশ জন মানুষ লাইনে আছে।	Twenty-one people are in line.
আমার একুশটি মার্বেল আছে।	I have twenty-one marbles.
তার বয়স এখন ষাট বছর।	His age is sixty years now.
এখানে ষাটটি গাছ আছে।	There are sixty trees here.
আশি জন মানুষ ওখানে আছে।	Eighty people are over there.
তার বয়স প্রায় আশি বছর।	His age is about eighty years.
নব্বই জন লোক এসেছে।	Ninety people have come.
সে নব্বই দিনে কাজ শেষ করল।	He finished the work in ninety days.
সে চতুর্থ শ্রেণিতে পড়ে।	He studies in fourth grade.
এটি চতুর্থ দফার খেলা।	This is the fourth round of the game.
সে ষষ্ঠ স্থানে এসেছে।	He came in sixth place.
এটি ষষ্ঠ মাসের কাজ।	This is the work of the sixth month.
সপ্তম দিনে বৃষ্টি হলো।	It rained on the seventh day.
সে সপ্তম শ্রেণিতে পড়ে।	He studies in seventh grade.
আমার অষ্টম জন্মদিনে কেক ছিল।	There was cake on my eighth birthday.
সে অষ্টম স্থানে আছে।	He is in eighth place.
নবম অধ্যায়টি খুব সহজ।	The ninth chapter is very easy.
সে নবম শ্রেণিতে পড়ে।	He studies in ninth grade.
দশম দিনে তারা এল।	They came on the tenth day.
এটি দশম পাতার লেখা।	This is the writing of the tenth page.
তুমি কি গণনা করতে পারো?	Can you count?
সংখ্যার গণনা করা কঠিন।	Counting numbers is difficult.
সপ্তাহান্তে আমরা ঘুরতে যাই	We go out on the weekend.
সপ্তাহান্তে ছুটি থাকে	There is a holiday on the weekend.
এই ঋতু খুব সুন্দর	This season is very beautiful.
তোমার প্রিয় ঋতু কোনটি?	Which is your favorite season?
শরৎ এখানে খুব সুন্দর	Autumn is very beautiful here.
শরৎ মেঘ অনেক সাদা	Autumn clouds are very white.
শীতকাল খুব ঠান্ডা	Winter is very cold.
শীতকাল শীঘ্রই আসবে	Winter will come soon.
আজ বৃহস্পতিবার	Today is Thursday.
বৃহস্পতিবার আমি ব্যস্ত	I am busy on Thursday.
শুক্রবার বাজার বন্ধ	The market is closed on Friday.
আগামী শুক্রবার দেখা হবে	See you next Friday.
সূর্যাস্ত খুব সুন্দর	The sunset is very beautiful.
আমি সূর্যাস্ত দেখি	I watch the sunset.
পিতা খুব দয়ালু মানুষ	Father is a very kind person
আমার পিতা বাড়িতে আছেন	My father is at home
আমার পিতামাতা খুব ভালো	My parents are very good
পিতামাতা আমাদের পথ দেখান	Parents show us the way
দাদী গল্প বলেন	Grandmother tells stories
আমার দাদী খুব মিষ্টি	My grandmother is very sweet
দাদা-দাদি গ্রামে থাকেন	Grandparents live in the village
দাদা-দাদি আমাকে ভালোবাসেন	Grandparents love me
পুত্র খুব মেধাবী	The son is very talented
তিনি তাঁর একমাত্র পুত্র	He is his only son
কন্যা খুব সুন্দর	The daughter is very beautiful
তিনি একজন সাহসী কন্যা	She is a brave daughter
শিশুদের গান পছন্দ	Children like songs
আমি শিশুদের ভালোবাসি	I love children
খালা খুব ভালো রান্না করেন	Aunt cooks very well
আমার খালা কলকাতায় থাকেন	My aunt lives in Kolkata
আমার কাজিন খুব হাসিখুশি	My cousin is very cheerful
কাজিন আজ আসবে	Cousin will come today
ভাতিজা খুব দুষ্টু	The nephew is very naughty
আমার ভাতিজা ছোট	My nephew is small
ভাতিজি খুব শান্ত	The niece is very quiet
আমার ভাতিজি গান গায়	My niece sings songs
নাতনী খুব মিষ্টি	The granddaughter is very sweet
আমার নাতনী স্কুলে যায়	My granddaughter goes to school
আপেক্ষিক খুব কম	Relatives are very few
তিনি আমার একজন আপেক্ষিক	He is a relative of mine
সহপাঠী খুব সাহায্যকারী	The classmate is very helpful
তিনি আমার প্রিয় সহপাঠী	He is my favorite classmate
সহকর্মী খুব পরিশ্রমী	The colleague is very hardworking
অংশীদার খুব সৎ	The partner is very honest
আমরা ব্যবসায় অংশীদার	We are business partners
আমার অনেক ভাইবোন আছে	I have many siblings
ভাইবোন মিলে থাকা ভালো	It is good for siblings to stay together
প্রাপ্তবয়স্ক মানুষ কথা বলে	Adult people talk
তিনি একজন প্রাপ্তবয়স্ক ব্যক্তি	He is an adult person
যমজ ভাই দুজন	The twin brothers are two
মেয়েরা যমজ বোন	The girls are twin sisters
আমি স্যুপ খাই।	I eat soup.
এই স্যুপ গরম।	This soup is hot.
আঙ্গুর খুব মিষ্টি।	Grapes are very sweet.
আমি আঙ্গুর পছন্দ করি।	I like grapes.
স্ট্রবেরি লাল রং।	Strawberry is red color.
আমি স্ট্রবেরি চাই।	I want strawberry.
টমেটোটি বড়।	The tomato is big.
আমি টমেটো কাটি।	I cut the tomato.
রসুন খুব কড়া।	Garlic is very strong.
খাবারে রসুন দিন।	Put garlic in the food.
মুরগিটি সাদা।	The chicken is white.
আমি মুরগি পছন্দ করি।	I like chicken.
মাখন খুব নরম।	Butter is very soft.
রুটিতে মাখন মাখান।	Spread butter on the bread.
পনির কি সাদা?	Is the cheese white?
আমি পনির খাই।	I eat cheese.
দই খুব ঠান্ডা।	The yogurt is very cold.
দই মিষ্টি হয়।	Yogurt is sweet.
আমার জলখাবার কোথায়?	Where is my snack?
জলখাবার তৈরি আছে।	The snack is ready.
প্লেটটি পরিষ্কার।	The plate is clean.
প্লেটটি টেবিলের উপর।	The plate is on the table.
তার ঠোঁট লাল	His lips are red
ঠোঁট খুব নরম	The lip is very soft
আমার জিহ্বা ব্যথা	My tongue hurts
জিহ্বা দিয়ে স্বাদ পাই	We taste with the tongue
তার চিবুক ছোট	His chin is small
চিবুক পরিষ্কার করো	Clean the chin
আমার বাম বাহু ব্যথা	My left arm hurts
বাহু খুব শক্ত	The arm is very strong
আঙুল খুব ছোট	The finger is very small
আঙুল দিয়ে ধরো	Hold it with the finger
থাম্ব খুব শক্ত	The thumb is very strong
থাম্ব দিয়ে চাপ দাও	Press with the thumb
কনুইতে ব্যথা আছে	There is pain in the elbow
কনুই খুব শক্ত	The elbow is very hard
আঙুল খুব লম্বা	The finger is very long
পায়ের আঙ্গুল ছোট	The toe is small
গোড়ালি খুব নরম	The ankle is very soft
গোড়ালি মোচড় লেগেছে	The ankle is sprained
চামড়া খুব পাতলা	The skin is very thin
চামড়া পরিষ্কার করো	Clean the skin
তার হৃদয় বড়	His heart is big
হৃদয় খুব নরম	The heart is very soft
মস্তিষ্ক খুব জটিল	The brain is very complex
মস্তিষ্ক দিয়ে চিন্তা করি	We think with the brain
ফুসফুস বাতাস নেয়	The lung takes air
ফুসফুস খুব জরুরি	The lung is very important
নিতম্ব খুব বড়	The hip is very big
নিতম্বে ব্যথা আছে	There is pain in the hip
তার গোঁফ বড়	His moustache is big
গোঁফ খুব সুন্দর	The moustache is very beautiful
কপাল খুব চওড়া	The forehead is very wide
কপাল পরিষ্কার করো	Clean the forehead
বসার ঘরটি খুব পরিষ্কার	The living room is very clean.
বসার ঘরটি অনেক বড়	The living room is very big.
শয়নকক্ষটি খুব শান্ত	The bedroom is very quiet.
আমার শয়নকক্ষটি নীল	My bedroom is blue.
প্রাচীরটি খুব শক্ত	The wall is very strong.
সাদা প্রাচীরটি সুন্দর	The white wall is beautiful.
মেঝেটি খুব ঠান্ডা	The floor is very cold.
মেঝেটি পরিষ্কার করো	Clean the floor.
সিলিংটি খুব উঁচু	The ceiling is very high.
সিলিংটি সাদা	The ceiling is white.
ব্যালকনি থেকে আকাশ দেখা যায়	The sky can be seen from the balcony.
আমার ব্যালকনিটি ছোট	My balcony is small.
বালিশটি খুব নরম	The pillow is very soft.
একটি লাল বালিশ এখানে আছে	A red pillow is here.
আলমারিটি খুব পুরনো	The cupboard is very old.
আলমারিতে অনেক কাপড় আছে	There are many clothes in the cupboard.
তোয়ালেটি ভেজা	The towel is wet.
তোয়ালেটি কোথায়?	Where is the towel?
সাবানটি খুব সুন্দর	The soap is very beautiful.
এই সাবানটি ভালো	This soap is good.
চুলাটি গরম	The oven is hot.
চুলায় খাবার রান্না হচ্ছে	Food is cooking in the oven.
চুলাটি বন্ধ করো	Turn off the stove.
চুলাটি নতুন	The stove is new.
ডুবটি খুব ছোট	The sink is very small.
ডুবটি পরিষ্কার করো	Clean the sink.
মহিষটি খুব বড়।	The buffalo is very big.
মাঠে একটি মহিষ আছে।	There is a buffalo in the field.
ছাগলটি ঘাস খাচ্ছে।	The goat is eating grass.
আমার একটি সাদা ছাগল আছে।	I have a white goat.
ভেড়াটি পাহাড়ে থাকে।	The sheep lives on the mountain.
সাদা ভেড়াটি সুন্দর।	The white sheep is beautiful.
শূকরটি কাদার মধ্যে আছে।	The pig is in the mud.
একটি কালো শূকর এখানে আছে।	A black pig is here.
ইঁদুরটি খুব ছোট।	The rat is very small.
ঘরের কোণে একটি ইঁদুর আছে।	There is a rat in the corner of the room.
কম্পিউটারের মাউসটি কাজ করছে না।	The computer mouse is not working.
এই মাউসটি খুব দ্রুত।	This mouse is very fast.
মুরগিটি ডিম পাড়ে।	The chicken lays eggs.
আমার মুরগিটি লাল।	My chicken is red.
মুরগিটি দানা খাচ্ছে।	The hen is eating grain.
মুরগির বাসাটি কোথায়?	Where is the hen's nest?
মোরগটি খুব জোরে ডাকে।	The rooster crows very loudly.
একটি মোরগ বাগানে আছে।	A rooster is in the garden.
টার্কি পাখিটি অনেক বড়।	The turkey bird is very big.
খামারে একটি টার্কি আছে।	There is a turkey on the farm.
ভালুকটি মধু খেতে ভালোবাসে।	The bear loves to eat honey.
বনে একটি কালো ভালুক আছে।	There is a black bear in the forest.
শিয়ালটি খুব চালাক।	The fox is very clever.
শিয়ালটি বনে থাকে।	The fox lives in the forest.
হরিণটি খুব দ্রুত দৌড়ায়।	The deer runs very fast.
বনে একটি হরিণ দেখলাম।	I saw a deer in the forest.
হাতিটি অনেক বড়।	The elephant is very big.
হাতির শুঁড়টি লম্বা।	The elephant's trunk is long.
বানরটি গাছে লাফাচ্ছে।	The monkey is jumping on the tree.
বানরটি কলা খাচ্ছে।	The monkey is eating a banana.
জিরাফটির গলা অনেক লম্বা।	The giraffe's neck is very long.
চিড়িয়াখানায় একটি জিরাফ আছে।	There is a giraffe in the zoo.
জেব্রার গায়ে কালো দাগ আছে।	The zebra has black stripes.
জেব্রাটি ঘাস খাচ্ছে।	The zebra is eating grass.
ক্যাঙ্গারু লাফিয়ে চলে।	The kangaroo moves by hopping.
ক্যাঙ্গারু অস্ট্রেলিয়ায় থাকে।	The kangaroo lives in Australia.
পান্ডাটি খুব শান্ত।	The panda is very calm.
সাদা কালো পান্ডাটি সুন্দর।	The black and white panda is beautiful.
মাকড়সাটি জাল বুনেছে।	The spider has spun a web.
দেয়ালে একটি মাকড়সা আছে।	There is a spider on the wall.
পিপীলিকাটি খাবার খুঁজছে।	The ant is looking for food.
ছোট পিপীলিকাটি কোথায়?	Where is the small ant?
প্রজাপতিটি খুব রঙিন।	The butterfly is very colorful.
বাগানে একটি প্রজাপতি উড়ছে।	A butterfly is flying in the garden.
ঈগলটি আকাশে উড়ছে।	The eagle is flying in the sky.
ঈগল খুব উঁচুতে ওড়ে।	The eagle flies very high.
পেঁচাটি রাতে জাগে।	The owl stays awake at night.
গাছে একটি পেঁচা বসে আছে।	An owl is sitting on the tree.
আমার নোটবুক ছোট।	My notebook is small.
নোটবুক টেবিলের ওপর।	The notebook is on the table.
ইরেজার কোথায়?	Where is the eraser?
আমার ইরেজার সাদা।	My eraser is white.
শাসক খুব লম্বা।	The ruler is very long.
এই শাসকটি আমার।	This ruler is mine.
ব্ল্যাকবোর্ড কালো।	The blackboard is black.
ব্ল্যাকবোর্ড পরিষ্কার করো।	Clean the blackboard.
বিশ্ববিদ্যালয় অনেক বড়।	The university is very big.
তিনি বিশ্ববিদ্যালয় যান।	He goes to the university.
কলেজ এখন বন্ধ।	The college is now closed.
আমার কলেজ সুন্দর।	My college is beautiful.
নার্স খুব দয়ালু।	The nurse is very kind.
তিনি একজন দক্ষ নার্স।	She is a skilled nurse.
আমার ভাই প্রকৌশলী।	My brother is an engineer.
প্রকৌশলী নকশা করেন।	The engineer makes the design.
ড্রাইভার গাড়ি চালান।	The driver drives the car.
ড্রাইভার এখন ঘুমাচ্ছেন।	The driver is sleeping now.
পুলিশ অফিসার আসছেন।	The police officer is coming.
তিনি একজন পুলিশ অফিসার।	He is a police officer.
কর্মী কাজ করছেন।	The worker is working.
তিনি একজন পরিশ্রমী কর্মী।	He is a hardworking worker.
গাড়িটি চালানো কঠিন।	Driving the car is difficult.
আমি বাসটি চালানো শিখছি।	I am learning to drive the bus.
এখানে দাঁড়ানো নিষেধ।	Standing here is forbidden.
একটু দাঁড়ানো যাবে?	Can you stand for a moment?
হাত ধোয়া খুব জরুরি।	Washing hands is very important.
আমি জামা ধোয়া শুরু করলাম।	I started washing the clothes.
সকালে জলদি জেগে ওঠা ভালো।	Waking up early in the morning is good.
সে এখন জেগে ওঠা শুরু করল।	He started waking up now.
আমি ভোরে জেগে ওঠা পছন্দ করি	I like to wake up early.
আপনি কখন জেগে ওঠা করেন?	When do you wake up?
আমি প্রতিদিন পোশাক পরা শেষ করি	I finish getting dressed every day.
দ্রুত পোশাক পরা প্রয়োজন	Getting dressed is necessary quickly.
হাত ধোয়া খুব জরুরি	Washing hands is very important.
ফল ধোয়া দরকার	Need to wash the fruit.
দাঁত ব্রাশ করা ভালো	Brushing teeth is good.
আমি এখন ব্রাশ করি	I brush now.
ঝরনা খুব ঠান্ডা	The shower is very cold.
আমি ঝরনা পছন্দ করি	I like the shower.
একটু শিথিল করা দরকার	Need to relax a bit.
গান শুনে শিথিল করা যায়	One can relax listening to music.
এখন বিছানায় যান	Go to bed now.
তাড়াতাড়ি বিছানায় যান	Go to bed early.
আজ একটি সপ্তাহের দিন	Today is a weekday.
সপ্তাহের দিন খুব ব্যস্ত	The weekday is very busy.
সপ্তাহান্তে আমরা ঘুরি	We travel on the weekend.
সপ্তাহান্তে বিশ্রাম নিন	Rest on the weekend.
এটি আমার দৈনিক কাজ	This is my daily work.
দৈনিক ব্যায়াম করা ভালো	Daily exercise is good.
আমি খাবার প্রস্তুত করা শুরু করি	I start to prepare the food.
আপনি কি প্রস্তুত করা শেষ করেছেন?	Have you finished preparing?
আকাশ মেঘলা	The sky is cloudy
আজ দিনটি মেঘলা	Today the day is cloudy
পাহাড় তুষারময়	The mountain is snowy
দেশটি তুষারময়	The country is snowy
বাতাস শীতল	The wind is cool
জল শীতল	The water is cool
সকাল কুয়াশাচ্ছন্ন	The morning is foggy
রাস্তা কুয়াশাচ্ছন্ন	The road is foggy
বজ্র খুব জোরে	The thunder is very loud
বজ্র শুনলাম	I heard thunder
বজ্রপাত ভয়াবহ	The lightning is terrible
বজ্রপাত শুরু হলো	The lightning started
রংধনু খুব সুন্দর	The rainbow is very beautiful
রংধনু দেখলাম	I saw the rainbow
মেঘ সাদা	The cloud is white
মেঘ খুব কালো	The cloud is very black
তাপমাত্রা কম	The temperature is low
তাপমাত্রা বাড়ছে	The temperature is rising
ঋতু বদলায়	The season changes
এটি সুন্দর ঋতু	It is a beautiful season
শরৎ খুব শান্ত	Autumn is very peaceful
শরৎ এসেছে	Autumn has arrived
শীতকাল আসছে	Winter is coming
কাপড় ভিজা	The clothes are wet
মাটি ভিজা	The soil is wet
আবহাওয়া আর্দ্র	The weather is humid
ঘর আর্দ্র	The room is humid
সব জমে যাওয়া	Everything is freezing
বরফ জমে যাওয়া	The ice is freezing
আবহাওয়ার পূর্বাভাস খুব খারাপ।	The weather forecast is very bad.
নগদ টাকা দিন	Give cash money
আমার কাছে নগদ নেই	I do not have cash
সুপারমার্কেট অনেক বড়	The supermarket is very big
আমি সুপারমার্কেটে যাই	I go to the supermarket
এই আকার খুব ছোট	This size is very small
বইটির আকার কেমন?	What is the size of the book?
এটি মাঝারি সাইজ	This is medium size
মাঝারি মাপের জুতো নিন	Take medium size shoes
বিক্রয় শুরু হয়েছে	The sale has started
এই বিক্রয় খুব ভালো	This sale is very good
এখানে বড় ডিসকাউন্ট আছে	There is a big discount here
ডিসকাউন্ট কত শতাংশ?	What percentage is the discount?
গ্রাহক অপেক্ষা করছেন	The customer is waiting
তিনি একজন ভালো গ্রাহক	He is a good customer
সহকারী সাহায্য করছেন	The assistant is helping
আপনার সহকারী কোথায়?	Where is your assistant?
ঝুড়িটি পূর্ণ হয়ে গেছে	The basket is full
একটি ছোট ঝুড়ি নিন	Take a small basket
ট্রলি কোথায় পাব?	Where can I find a trolley?
ট্রলিটি খুব ভারী	The trolley is very heavy
আমার জামাকাপড় পরিষ্কার	My clothes are clean
নতুন জামাকাপড় কিনুন	Buy new clothes
আপনার পছন্দ চয়ন করুন	Choose your preference
সঠিক রং চয়ন করুন	Choose the right color
দোকানে দর কষাকষি করবেন না	Do not bargain in the shop
তিনি দর কষাকষি করছেন	He is bargaining
খবরটি খুব দুঃখজনক	The news is very sad.
এটি একটি দুঃখজনক ঘটনা	This is a sad incident.
সে এখন খুব রাগান্বিত	He is very angry now.
বাবা আজ রাগান্বিত	Father is angry today.
আমি খুব নার্ভাস	I am very nervous.
সে ইন্টারভিউতে নার্ভাস ছিল	He was nervous in the interview.
সে এখন খুব একাকী	He is very lonely now.
একাকী থাকা কঠিন	It is hard to be lonely.
আমি এখন আত্মবিশ্বাসী	I am confident now.
সে একজন আত্মবিশ্বাসী মানুষ	He is a confident person.
এই জরিমানা অনেক বেশি	This fine is too much.
সে জরিমানা দিল	He paid the fine.
তিনি একজন মহান নেতা	He is a great leader.
এটি একটি মহান কাজ	This is a great work.
আমি খুব বিব্রত	I am very embarrassed.
সে কথাটি বলে বিব্রত হলো	He became embarrassed saying that.
এখন মনে একটু উপশম	Now there is some relief in mind.
এই ওষুধে উপশম হবে	There will be relief with this medicine.
ভালোবাসা একটি সুন্দর আবেগ	Love is a beautiful emotion.
আবেগ নিয়ন্ত্রণ করা প্রয়োজন	It is necessary to control emotion.
পেইন্টিং খুব সুন্দর	The painting is very beautiful.
আমার পেইন্টিং পছন্দ	I like painting.
অঙ্কন একটি শিল্প	Drawing is an art.
সে অঙ্কন শেখে	He learns drawing.
হাইকিং খুব কঠিন	Hiking is very difficult.
আমরা হাইকিং করি	We go hiking.
ফটোগ্রাফি আমার শখ	Photography is my hobby.
ফটোগ্রাফি করা সহজ নয়	Photography is not easy.
সে একজন স্বেচ্ছাসেবক	He is a volunteer.
স্বেচ্ছাসেবক সাহায্য করে	Volunteers help.
আমি শিথিল করা পছন্দ করি	I like to relax.
বিনামূল্যে সময় খুব কম	Free time is very little.
আপনার বিনামূল্যে সময় কোথায়?	Where is your free time?
নার্স খুব দয়ালু	The nurse is very kind
তিনি একজন অভিজ্ঞ নার্স	She is an experienced nurse
আমার ট্যাবলেট কোথায়?	Where is my tablet?
এই ট্যাবলেটটি নিন	Take this tablet
ক্লিনিকটি বন্ধ	The clinic is closed
ক্লিনিকটি খুব ছোট	The clinic is very small
আমার দাঁত ব্যথা শুরু হয়েছে	My toothache has started
দাঁত ব্যথা খুব কষ্টকর	Toothache is very painful
তার ফ্লু হয়েছে	He has the flu
ফ্লু খুব খারাপ	Flu is very bad
আমার অ্যাপয়েন্টমেন্ট নেই	I have no appointment
আপনার অ্যাপয়েন্টমেন্ট কখন?	When is your appointment?
চেক আপ দরকার	Check-up is needed
চেক আপ শেষ হয়েছে	The check-up is finished
প্রেসক্রিপশন কোথায়?	Where is the prescription?
প্রেসক্রিপশনটি পড়ুন	Read the prescription
চিকিত্সা শুরু হয়েছে	Treatment has started
সঠিক চিকিত্সা নিন	Take proper treatment
টিকা খুব জরুরি	Vaccine is very important
আমি টিকা নিয়েছি	I took the vaccine
দ্রুত পুনরুদ্ধার কামনা করি	I wish a speedy recovery
পুনরুদ্ধার কঠিন কাজ	Recovery is hard work
আমি এখন ভাল বোধ করি	I feel better now
আপনি কি ভাল বোধ করছেন?	Are you feeling better?
পোস্ট অফিস কোথায়?	Where is the post office?
পোস্ট অফিস বন্ধ।	The post office is closed.
যাদুঘর অনেক বড়।	The museum is very big.
আমি যাদুঘরে যাই।	I go to the museum.
বিমানবন্দর অনেক দূরে।	The airport is very far.
বিমানবন্দর খুব ভিড়।	The airport is very crowded.
রেস্টুরেন্ট খুব ভালো।	The restaurant is very good.
এই রেস্টুরেন্ট খোলা।	This restaurant is open.
ক্যাফেটি খুব ছোট।	The café is very small.
আমি ক্যাফেতে বসেছি।	I am sitting in the café.
মসজিদ খুব সুন্দর।	The mosque is very beautiful.
মসজিদটি কোথায়?	Where is the mosque?
থিয়েটার খুব দূরে।	The theatre is very far.
আমরা থিয়েটারে যাই।	We go to the theatre.
বর্গক্ষেত্রটি লাল।	The square is red.
এটি একটি বর্গক্ষেত্র।	This is a square.
সোজা পথে যাও।	Go straight on the path.
রাস্তাটি একদম সোজা।	The road is completely straight.
এই টেবিলটি সমতল	This table is flat.
কাগজটি সমতল নয়	The paper is not flat.
আমি মেট্রোতে যাব	I will go by metro.
মেট্রো খুব দ্রুত	The metro is very fast.
এই ট্রিপ খুব ভালো	This trip is very good.
আমাদের ট্রিপ শেষ	Our trip is over.
ড্রাইভার খুব দক্ষ	The driver is very skilled.
একজন ড্রাইভার এখানে আছেন	A driver is here.
যাত্রী অপেক্ষা করছেন	The passenger is waiting.
সব যাত্রী এসেছেন	All passengers have come.
ট্রাফিক জ্যাম খুব বাজে	The traffic jam is very bad.
এখানে ট্রাফিক জ্যাম আছে	There is a traffic jam here.
ঘোড়ায় অশ্বারোহণ কঠিন	Riding a horse is difficult.
তার অশ্বারোহণ শেষ	His ride is over.
ট্রেন এখন প্রস্থান করবে	The train will depart now.
আপনার প্রস্থান সহজ হোক	May your departure be easy.
সময়সূচী খুব গুরুত্বপূর্ণ	The schedule is very important.
আমার সময়সূচী দেখুন	Look at my schedule.
আমার কর্মজীবন খুব সুন্দর।	My career is very beautiful.
আপনার কর্মজীবন কেমন চলছে?	How is your career going?
সাক্ষাৎকারটি খুব ভালো ছিল।	The interview was very good.
আগামীকাল আমার একটি সাক্ষাৎকার আছে।	I have an interview tomorrow.
মজুরি অনেক কম।	The wage is very low.
মজুরি কি বাড়ানো হয়েছে?	Has the wage been increased?
তিনি আমার প্রিয় সহকর্মী।	He is my favorite colleague.
আমার সহকর্মী খুব দয়ালু।	My colleague is very kind.
সময়সীমা খুব কাছে।	The deadline is very close.
এই কাজটির সময়সীমা কবে?	When is the deadline for this work?
তার প্রচার হয়ে এখন ম্যানেজার।	His promotion happened, now he is manager.
নতুন প্রচারের জন্য ধন্যবাদ।	Thanks for the new promotion.
আমি চাকরির জন্য আবেদন করলাম।	I applied for the job.
আপনি কি আবেদন করেছেন?	Did you apply?
প্রশিক্ষণ শুরু হবে সোমবার।	Training will start on Monday.
এই প্রশিক্ষণ খুব জরুরি।	This training is very important.
তার দক্ষতা অনেক বেশি।	His skill is very high.
নতুন দক্ষতা শিখুন।	Learn new skills.
এই টাস্ক খুব কঠিন।	This task is very difficult.
আমার কাছে একটি টাস্ক আছে।	I have a task.
গ্রাহক খুব খুশি।	The customer is very happy.
গ্রাহক কি এসেছেন?	Has the customer arrived?
ক্লায়েন্ট মিটিংয়ে আসছেন।	The client is coming to the meeting.
আমার ক্লায়েন্ট খুব সৎ।	My client is very honest.
আমাদের কর্মক্ষেত্র খুব পরিষ্কার।	Our workplace is very clean.
আপনার কর্মক্ষেত্র কোথায়?	Where is your workplace?
এটি একটি বড় অর্জন।	This is a big achievement.
তার অর্জন প্রশংসনীয়।	His achievement is praiseworthy.
তিনি একজন সৎ কর্মচারী।	He is an honest employee.
নতুন কর্মচারী কে?	Who is the new employee?
নিয়োগকর্তা খুব কঠোর।	The employer is very strict.
আপনার নিয়োগকর্তা কে?	Who is your employer?
খেলাটি পুনরায় শুরু করো	Restart the game.
কাজটি কি পুনরায় শুরু হবে?	Will the work resume?
আমার ডিগ্রী আছে।	I have a degree.
তার ডিগ্রী বড়।	His degree is big.
এই বিশ্ববিদ্যালয় অনেক পুরনো।	This university is very old.
আমি বিশ্ববিদ্যালয় যাব।	I will go to university.
তার দক্ষতা অনেক।	His skill is a lot.
অনুশীলন খুব জরুরি।	Practice is very important.
প্রতিদিন অনুশীলন করুন।	Practice every day.
আমার উন্নতি হচ্ছে।	My improvement is happening.
সে উন্নতি করল।	He improved.
প্রবন্ধটি খুব সুন্দর।	The essay is very beautiful.
আমি একটি প্রবন্ধ লিখি।	I write an essay.
সে একজন স্নাতক।	He is a graduate.
আমি স্নাতক হতে চাই।	I want to be a graduate.
আমি বৃত্তি পেয়েছি।	I got a scholarship.
বৃত্তিটি অনেক বড়।	The scholarship is very large.
ক্যাম্পাস খুব সুন্দর।	The campus is very beautiful.
আমি ক্যাম্পাসে আছি।	I am on campus.
আমার ডিপ্লোমা আছে।	I have a diploma.
ডিপ্লোমা কোর্সটি কঠিন।	The diploma course is difficult.
সব মুখস্থ করা সহজ নয়।	Memorizing everything is not easy.
পাঠটি মুখস্থ করা শুরু করো।	Start to memorize the lesson.
এই উৎসব খুব সুন্দর	This festival is very beautiful.
বਸন্ত উৎসব শুরু হলো	The spring festival started.
সে একজন পর্যটক	He is a tourist.
পর্যটক এখানে অনেক আসে	Many tourists come here.
গাইড রাস্তা দেখাল	The guide showed the way.
আমার গাইড খুব দয়ালু	My guide is very kind.
এটি একটি সুন্দর স্যুভেনির	This is a beautiful souvenir.
আমি স্যুভেনির কিনলাম	I bought a souvenir.
ট্রিপ খুব ভালো ছিল	The trip was very good.
আগামী সপ্তাহে ট্রিপ হবে	The trip will be next week.
আমার ভিসা তৈরি	My visa is ready.
ভিসা পাওয়া খুব কঠিন	Getting a visa is very difficult.
লাগেজ কোথায়?	Where is the luggage?
আমার লাগেজ খুব ভারী	My luggage is very heavy.
এটি একটি বিখ্যাত ল্যান্ডমার্ক	This is a famous landmark.
ল্যান্ডমার্কটি খুঁজে পাও	Find the landmark.
যাদুঘরটি এখন বন্ধ	The museum is closed now.
আমরা যাদুঘরে গেলাম	We went to the museum.
সে একজন বিদেশী মানুষ	He is a foreign person.
বিদেশী ভাষা শেখা কঠিন	Learning a foreign language is difficult.
আমি শহরটি অন্বেষণ করি	I explore the city.
বন অন্বেষণ করা রোমাঞ্চকর	Exploring the forest is exciting.
আমাদের পরিবেশ সুন্দর	Our environment is beautiful
পরিবেশ পরিষ্কার রাখা উচিত	The environment should be kept clean
প্লাস্টিকের পুনর্ব্যবহার করা প্রয়োজন	Recycling of plastic is necessary
আমরা পুনর্ব্যবহার করি	We recycle
বর্জ্য পরিষ্কার করুন	Clean the waste
বর্জ্য ফেলা নিষেধ	Waste disposal is forbidden
প্লাস্টিক খুব ক্ষতিকর	Plastic is very harmful
প্লাস্টিক ব্যাগ ব্যবহার করবেন না	Do not use plastic bags
এই পর্বত অনেক উঁচু	This mountain is very high
আমি পর্বত ভালোবাসি	I love mountains
গ্রীনহাউস গ্যাস বাড়ছে	Greenhouse gas is increasing
এটি একটি বড় গ্রীনহাউস	This is a large greenhouse
তাপমাত্রা খুব বেশি	The temperature is very high
আজ তাপমাত্রা কম	Today the temperature is low
বন্যপ্রাণী রক্ষা করুন	Protect the wildlife
বন্যপ্রাণী খুব সুন্দর	Wildlife is very beautiful
সৌর শক্তি খুব ভালো	Solar energy is very good
সৌর প্যানেলটি নতুন	The solar panel is new
কার্বন নিঃসরণ কমান	Reduce carbon emissions
কার্বন খুব ক্ষতিকর	Carbon is very harmful
কার্বন নির্গমন বাড়ছে	Carbon emission is increasing
নির্গমন নিয়ন্ত্রণ করুন	Control the emission
এটি পরিবেশ বান্ধব ব্যাগ	This is an eco-friendly bag
পরিবেশ বান্ধব জীবন কাটুন	Live an eco-friendly life
সৌর শক্তি নবায়নযোগ্য শক্তি।	Solar energy is renewable energy.
আমাদের নবায়নযোগ্য শক্তির প্রয়োজন।	We need renewable energy.
আমার ল্যাপটপ নতুন।	My laptop is new.
ল্যাপটপ টেবিলের ওপর।	The laptop is on the table.
আমার স্মার্টফোন কালো।	My smartphone is black.
স্মার্টফোন টি খুব দামি।	The smartphone is very expensive.
কীবোর্ড টি নষ্ট।	The keyboard is broken.
কীবোর্ড টি পরিষ্কার করো।	Clean the keyboard.
মাউস টি কোথায়?	Where is the mouse?
এই মাউস টি ভালো।	This mouse is good.
ছবিটি আপলোড করো।	Upload the picture.
দ্রুত ফাইলটি আপলোড করুন।	Upload the file quickly.
ইমেইল টি পাঠাও।	Send the email.
আমি একটি ইমেইল পেলাম।	I received an email.
সে এখন অনলাইন।	He is online now.
আমরা কি অনলাইন?	Are we online?
আমি এখন অফলাইন।	I am offline now.
ফোনটি অফলাইন মোডে আছে।	The phone is in offline mode.
পাসওয়ার্ড টি ভুল।	The password is wrong.
তোমার পাসওয়ার্ড মনে আছে?	Do you remember your password?
নেটওয়ার্ক খুব দুর্বল।	The network is very weak.
নেটওয়ার্ক টি কাজ করছে না।	The network is not working.
বেতার সংযোগ টি দ্রুত।	The wireless connection is fast.
এটি একটি বেতার সিস্টেম।	This is a wireless system.
ডিভাইস টি চালু করো।	Turn on the device.
নতুন ডিভাইস টি সুন্দর।	The new device is beautiful.
সফ্টওয়্যার টি আপডেট করো।	Update the software.
এই সফ্টওয়্যার টি সহজ।	This software is easy.
হার্ডওয়্যার টি খুব ভারী।	The hardware is very heavy.
হার্ডওয়্যার টি চেক করো।	Check the hardware.
অ্যাপ টি আপডেট করো।	Update the app.
নতুন আপডেট টি ভালো।	The new update is good.
গুগলে অনুসন্ধান করো।	Search on Google.
অনুসন্ধান টি শুরু করো।	Start the search.
এখানে ক্লিক করো।	Click here.
বাটন টি ক্লিক করো।	Click the button.
সামাজিক মিডিয়া খুব জনপ্রিয়।	Social media is very popular.
সামাজিক মিডিয়া ব্যবহার করো।	Use social media.
এটি একটি ডিজিটাল ঘড়ি।	This is a digital clock.
ডিজিটাল যুগে আমরা আছি।	We are in the digital age.
তিনি আমার ব্যবসার অংশীদার	He is my business partner.
আপনার অংশীদার কে?	Who is your partner?
এটি একটি আপেক্ষিক সত্য	It is a relative truth.
আপেক্ষিক গুরুত্ব অনেক বেশি	The relative importance is much more.
হোস্ট খুব দয়ালু	The host is very kind.
তিনি আজকের অনুষ্ঠানের হোস্ট	He is the host of today's program.
আমি আপনার সমর্থন চাই	I want your support.
তার সমর্থন খুব জরুরি	His support is very urgent.
বেশি তর্ক করা ভালো নয়	Arguing too much is not good.
আমরা কি তর্ক করা বন্ধ করব?	Shall we stop arguing?
আমি আপনার সাথে অসম্মত	I disagree with you.
সে আমার সাথে অসম্মত ছিল	He was in disagreement with me.
কুকুরটি খুব অনুগত	The dog is very loyal.
তিনি একজন অনুগত কর্মী	He is a loyal employee.
ছেলেটি খুব অসভ্য	The boy is very rude.
অসভ্য কথা বলবেন না	Do not speak rude words.
আমার ওপর নির্ভর করা ঠিক নয়	It is not right to rely on me.
আমরা একে অপরের ওপর নির্ভর করা পছন্দ করি	We like to rely on each other.
আমি সবার সাথে সঙ্গে পেতে চাই	I want to get along with everyone.
তারা খুব সহজে সঙ্গে পেতে পারে	They can get along very easily.
রিপোর্টার এখানে এসেছেন।	The reporter has come here.
তিনি একজন দক্ষ রিপোর্টার।	He is a skilled reporter.
সাংবাদিক সত্য কথা বলেন।	The journalist speaks the truth.
আমি একজন সাংবাদিক হতে চাই।	I want to be a journalist.
সাক্ষাৎকারটি খুব দীর্ঘ ছিল।	The interview was very long.
আপনার সাক্ষাৎকারটি কেমন হলো?	How was your interview?
শিরোনামটি খুব আকর্ষণীয়।	The headline is very attractive.
খবরের শিরোনামটি পড়ুন।	Read the news headline.
সম্প্রচারটি খুব সুন্দর ছিল।	The broadcast was very beautiful.
আজকের সম্প্রচারটি কখন শুরু হবে?	When will today's broadcast start?
সামাজিক মিডিয়া এখন খুব জনপ্রিয়।	Social media is very popular now.
সামাজিক মিডিয়া ব্যবহার করুন।	Use social media.
রেডিওতে গান শুনছি।	I am listening to songs on the radio.
রেডিওটি পুরনো হয়ে গেছে।	The radio has become old.
বিজ্ঞাপনটি খুব বড়।	The advertisement is very big.
আমি একটি বিজ্ঞাপন দেখলাম।	I saw an advertisement.
পাবলিক ভিড় খুব বেশি।	The public crowd is too much.
পাবলিক লাইব্রেরি কোথায়?	Where is the public library?
আপনার আপডেট দিন।	Give your update.
নতুন আপডেটটি ডাউনলোড করুন।	Download the new update.
ব্রেকিং নিউজটি শুনুন।	Listen to the breaking news.
ব্রেকিং নিউজটি খুব চমকপ্রদ।	The breaking news is very surprising.
সেলিব্রিটি এখানে এসেছেন।	The celebrity has come here.
তিনি একজন বিখ্যাত সেলিব্রিটি।	He is a famous celebrity.
একটু শিথিল করা প্রয়োজন।	It is necessary to relax a bit.
গান শুনে শিথিল করা যায়।	One can relax by listening to music.
আমার রুটিন খুব সহজ।	My routine is very simple.
আপনার রুটিন কী?	What is your routine?
এটি একটি ভালো অভ্যাস।	This is a good habit.
বই পড়া আমার অভ্যাস।	Reading books is my habit.
সুষম খাবার খান।	Eat balanced food.
এটি একটি সুষম খাদ্য তালিকা।	This is a balanced diet list.
সে খুব সক্রিয় মানুষ।	He is a very active person.
সক্রিয় থাকা ভালো।	It is good to stay active.
সুস্থ জীবনধারা বজায় রাখুন।	Maintain a healthy lifestyle.
আপনার জীবনধারা কেমন?	How is your lifestyle?
আমি প্রতিদিন যোগব্যায়াম করি।	I do yoga every day.
যোগব্যায়াম মন শান্ত করে।	Yoga calms the mind.
ধ্যান করা খুব দরকার।	Meditation is very necessary.
আমি ১০ মিনিট ধ্যান করি।	I meditate for ten minutes.
পুষ্টির গুরুত্ব অনেক।	The importance of nutrition is great.
ফল থেকে পুষ্টি পাওয়া যায়।	Nutrition is found in fruits.
মাছে অনেক প্রোটিন আছে।	There is a lot of protein in fish.
প্রোটিন শরীরের জন্য ভালো।	Protein is good for the body.
এই খাবারে কত ক্যালোরি?	How many calories are in this food?
কম ক্যালোরি খাবার খান।	Eat low calorie food.
ফিটনেস ধরে রাখা কঠিন।	It is hard to maintain fitness.
আমার ফিটনেস লক্ষ্য খুব বড়।	My fitness goal is very big.
ব্যায়ামে পেশী বৃদ্ধি পায়।	Muscles grow with exercise.
তার পেশী খুব শক্ত।	His muscles are very strong.
আমার হৃদয় ভেঙে গেছে।	My heart is broken.
হৃদয় দিয়ে কথা বলুন।	Speak from the heart.
আমাদের সমাজ খুব সুন্দর	Our society is very beautiful.
এই সমাজ পরিবর্তন করা দরকার	This society needs to be changed.
দারিদ্র্য একটি বড় সমস্যা	Poverty is a big problem.
আমরা দারিদ্র্য দূর করতে চাই	We want to remove poverty.
সমতা সবার অধিকার	Equality is everyone's right.
আইনে সমতা থাকা প্রয়োজন	Equality is needed in law.
সে ন্যায়বিচার চায়	He wants justice.
ন্যায়বিচার পাওয়া কঠিন	Getting justice is difficult.
এটি একটি ছোট সম্প্রদায়	This is a small community.
আমাদের সম্প্রদায় খুব একতাবদ্ধ	Our community is very united.
নির্বাচনী প্রচারণা শুরু হয়েছে	The election campaign has started.
এই প্রচারণা খুব কার্যকর	This campaign is very effective.
আমি একজন স্বেচ্ছাসেবক	I am a volunteer.
সে স্বেচ্ছাসেবক হিসেবে কাজ করে	He works as a volunteer.
অর্থনৈতিক অসমতা বাড়ছে	Economic inequality is increasing.
সামাজিক অসমতা দূর করুন	Remove social inequality.
লিঙ্গ বৈষম্য দূর করা দরকার	Gender discrimination needs to be removed.
বৈষম্য করা ভুল	It is wrong to discriminate.
কুসংস্কার মন থেকে দূর করো	Remove prejudice from the mind.
পুরানো কুসংস্কার এখনো আছে	Old prejudices still exist.
জনকল্যাণ আমাদের লক্ষ্য	Public welfare is our goal.
শিশুদের কল্যাণ প্রয়োজন	Children's welfare is needed.
এটি একটি দাতব্য সংস্থা	This is a charity organization.
দাতব্য কাজ করা ভালো	Doing charity work is good.
বেকারত্ব একটি অভিশাপ	Unemployment is a curse.
বেকারত্ব দূর করার পথ খুঁজুন	Find a way to remove unemployment.
এটি একটি শান্তিপূর্ণ প্রতিবাদ	This is a peaceful protest.
আমরা অন্যায়ের বিরুদ্ধে প্রতিবাদ করি	We protest against injustice.
আমার আবেদন মঞ্জুর করুন	Please grant my petition.
আবেদনটি খুব সংক্ষিপ্ত	The petition is very short.
সচেতনতা বৃদ্ধি করা জরুরি	Increasing awareness is urgent.
পরিবেশ সচেতনতা প্রয়োজন	Environmental awareness is necessary.
আমি তোমার সমর্থন চাই	I want your support.
সবার সমর্থন প্রয়োজন	Everyone's support is needed.
তহবিলটি অনেক বড়	The fund is very large.
শিক্ষা তহবিলের টাকা শেষ	The education fund money is finished.
হাউজিং প্রকল্প শুরু হয়েছে	The housing project has started.
সস্তা হাউজিং দরকার	Cheap housing is needed.
স্বাস্থ্যসেবা উন্নত হওয়া উচিত	Healthcare should be improved.
স্বাস্থ্যসেবা সবার জন্য প্রাপ্য	Healthcare is available for all.
নিরাপত্তা নিশ্চিত করা হয়েছে	Safety has been ensured.
খাবারের নিরাপত্তা জরুরি	Food safety is urgent.
এটি একটি ন্যায্য চুক্তি	This is a fair deal.
দামটি ন্যায্য নয়	The price is not fair.
এটি খুব অন্যায়	This is very unfair.
সিদ্ধান্তটি অন্যায় ছিল	The decision was unfair.
নতুন প্রজন্ম অনেক স্মার্ট	The new generation is very smart.
পুরানো প্রজন্ম অভিজ্ঞ	The old generation is experienced.
তারা একটি সংখ্যালঘু গোষ্ঠী	They are a minority group.
সংখ্যালঘু অধিকার রক্ষা করুন	Protect minority rights.
সংখ্যাগরিষ্ঠ মানুষ রাজি	The majority of people agree.
সংখ্যাগরিষ্ঠ মতামতে সিদ্ধান্ত হলো	The decision was by majority vote.
এই বিনিয়োগ খুব জরুরি।	This investment is very urgent.
আপনার বিনিয়োগ কত?	How much is your investment?
রাজস্ব বৃদ্ধি পেয়েছে।	Revenue has increased.
সরকারি রাজস্ব কম।	Government revenue is low.
বোনাস অনেক বেশি।	The bonus is very high.
আমি বোনাস চাই।	I want the bonus.
বিনিময় খুব কঠিন।	The exchange is very difficult.
এটি একটি বিনিময়।	This is an exchange.
তার দেউলিয়াত্ব হলো।	He went bankrupt.
দেউলিয়াত্ব খুব খারাপ।	Bankruptcy is very bad.
মুদ্রাস্ফীতি বাড়ছে।	Inflation is rising.
মুদ্রাস্ফীতি একটি সমস্যা।	Inflation is a problem.
মন্দা শুরু হয়েছে।	The recession has started.
অর্থনৈতিক মন্দা ভয়ংকর।	Economic recession is terrible.
বৃদ্ধি খুব দ্রুত।	Growth is very fast.
বেতন বৃদ্ধি চাই।	I want a salary growth.
এটি বড় এন্টারপ্রাইজ।	This is a big enterprise.
নতুন এন্টারপ্রাইজ শুরু করুন।	Start a new enterprise.
তিনি একজন উদ্যোক্তা।	He is an entrepreneur.
উদ্যোক্তা হওয়া কঠিন।	Being an entrepreneur is difficult.
আমি সেখানে বিনিয়োগ করি।	I invest there.
আমার উপার্জন কম।	My earning is low.
আপনার উপার্জন কত?	How much is your earning?
নতুন গ্রাহক এসেছে।	A new customer has come.
সরবরাহকারী দেরি করছে।	The supplier is delaying.
সঠিক সরবরাহকারী খুঁজুন।	Find the right supplier.
পণ্যটি খুব ভালো।	The product is very good.
এই পণ্যটি সস্তা।	This product is cheap.
সেবাটি খুব দ্রুত।	The service is very fast.
ভালো সেবা দিন।	Give good service.
লাভ মার্জিন কম।	The profit margin is low.
লাভ মার্জিন বাড়ান।	Increase the profit margin.
এই তত্ত্বটি খুব জটিল	This theory is very complex.
তার তত্ত্বটি সঠিক	His theory is correct.
পরীক্ষাগারটি খুব পরিষ্কার	The laboratory is very clean.
আমরা পরীক্ষাগারে কাজ করি	We work in the laboratory.
বিশ্লেষণটি খুব গভীর	The analysis is very deep.
তথ্য বিশ্লেষণ প্রয়োজন	Data analysis is necessary.
নমুনাটি এখানে রাখুন	Keep the sample here.
এটি একটি ছোট নমুনা	This is a small sample.
পর্যবেক্ষণটি সঠিক ছিল	The observation was correct.
আপনার পর্যবেক্ষণ লিখুন	Write your observation.
উপসংহারটি খুব পরিষ্কার	The conclusion is very clear.
উপসংহারটি এখনো বাকি	The conclusion is still remaining.
পরিমাপটি সঠিক নয়	The measure is not correct.
এর সঠিক পরিমাপ নিন	Take its correct measure.
দুইটির মধ্যে তুলনা করুন	Compare between the two.
তুলনা করা খুব সহজ	Comparing is very easy.
বিকাশ খুব জরুরি	Development is very urgent.
নতুন ধারণা বিকাশ করুন	Develop new ideas.
তিনি নতুন কিছু উদ্ভাবন করলেন	He invented something new.
উদ্ভাবন করা খুব কঠিন	To invent is very difficult.
এই উদ্ভাবনটি চমৎকার	This invention is wonderful.
তার উদ্ভাবনটি কার্যকর	His invention is effective.
নতুন উদ্ভাবন দরকার	New innovation is needed.
উদ্ভাবন জীবন বদলে দেয়	Innovation changes life.
প্রযুক্তি এখন খুব উন্নত	Technology is very advanced now.
আধুনিক প্রযুক্তি খুব দ্রুত	Modern technology is very fast.
রসায়ন একটি মজার বিষয়	Chemistry is an interesting subject.
সে রসায়ন পড়ছে	He is studying chemistry.
জেনেটিক্স একটি কঠিন বিজ্ঞান	Genetics is a difficult science.
জেনেটিক্স নিয়ে গবেষণা চলছে	Research on genetics is ongoing.
অণু খুব ছোট	The molecule is very small.
অণুগুলো একে অপরের সাথে যুক্ত	The molecules are connected to each other.
কোষটি খুব ছোট	The cell is very small.
কোষের গঠন দেখুন	Look at the cell structure.
আমাদের পরিবেশ রক্ষা করুন	Protect our environment.
পরিবেশটি খুব সুন্দর	The environment is very beautiful.
তিনি খুব নির্ভরযোগ্য ব্যক্তি	He is a very reliable person.
তথ্যটি নির্ভরযোগ্য নয়	The information is not reliable.
এটি একটি উল্লেখযোগ্য পরিবর্তন	This is a significant change.
ফলাফলটি উল্লেখযোগ্য	The result is significant.
তথ্যটি যাচাই করা দরকার	The information needs to be validated.
আমি এটি যাচাই করা শুরু করেছি	I have started to validate this.
তার ব্যক্তিত্ব খুব সুন্দর।	His personality is very beautiful.
আপনার ব্যক্তিত্ব প্রশংসনীয়।	Your personality is commendable.
তার মনোভাব ইতিবাচক।	His attitude is positive.
সঠিক মনোভাব খুব জরুরি।	A correct attitude is very important.
আমার আত্মবিশ্বাস বাড়ছে।	My confidence is increasing.
আত্মবিশ্বাস থাকা প্রয়োজন।	It is necessary to have confidence.
তার উচ্চাকাঙ্ক্ষা অনেক।	His ambition is a lot.
উচ্চাকাঙ্ক্ষা মানুষকে সামনে নেয়।	Ambition takes a person forward.
ছেলেটি খুব একগুঁয়ে।	The boy is very stubborn.
একগুঁয়ে হওয়া ভালো নয়।	Being stubborn is not good.
সে খুব নির্ভরযোগ্য ব্যক্তি।	He is a very reliable person.
একটি নির্ভরযোগ্য সূত্র খুঁজুন।	Find a reliable source.
কুকুরটি খুব অনুগত।	The dog is very loyal.
সে তার দেশের প্রতি অনুগত।	He is loyal to his country.
সে খুব সংবেদনশীল।	She is very sensitive.
সংবেদনশীল হওয়া সহজ নয়।	Being sensitive is not easy.
তাকে কাপুরুষ বলবেন না।	Do not call him a coward.
কাপুরুশ হওয়া লজ্জার।	Being a coward is shameful.
আজ সে খুব প্রফুল্ল।	He is very cheerful today.
প্রফুল্ল মন ভালো কাজ করে।	A cheerful mind works well.
সে একজন হতাশাবাদী মানুষ।	He is a pessimistic man.
হতাশাবাদী হওয়া ঠিক নয়।	Being pessimistic is not right.
মেয়েটি খুব উচ্চাভিলাষী।	The girl is very ambitious.
উচ্চাভিলাষী হওয়া দোষ নয়।	Being ambitious is not a fault.
বাবা খুব পরিশ্রমী মানুষ।	Father is a very hardworking man.
পরিশ্রমী মানুষ সফল হয়।	Hardworking people become successful.
শিশুটির মন খুব কৌতূহলী।	The child's mind is very curious.
কৌতূহলী হওয়া শেখার পথ।	Being curious is the way to learn.
তার চিন্তা খুব সৃজনশীল।	His thinking is very creative.
সৃজনশীল কাজ করতে ভালোবাসি।	I love to do creative work.
এটি একটি ব্যবহারিক সমাধান।	This is a practical solution.
ব্যবহারিক জ্ঞান প্রয়োজন।	Practical knowledge is needed.
আমি খুব নার্ভাস।	I am very nervous.
সে কথা বলতে নার্ভাস।	He is nervous to speak.
ছেলেটি খুব অসভ্য।	The boy is very rude.
অসভ্য হওয়া উচিত নয়।	One should not be rude.
তার ব্যবহার খুব বন্ধুত্বপূর্ণ।	His behavior is very friendly.
বন্ধুত্বপূর্ণ কথা বলুন।	Speak friendly words.
সে একজন বহির্গামী মানুষ।	He is an outgoing person.
বহির্গামী হওয়া আনন্দদায়ক।	Being outgoing is enjoyable.
তার চিন্তা অপরিপক্ক।	His thinking is immature.
অপরিপক্ক কথা বলবেন না।	Do not speak immature words.
সে এখন অনেক পরিপক্ক।	He is very mature now.
পরিপক্ক চিন্তা করা শিখুন।	Learn to think maturely.
সে খুব আবেগপ্রবণ।	She is very impulsive.
আবেগপ্রবণ হওয়া স্বাভাবিক।	Being impulsive is natural.
সে খুব বিনয়ী মানুষ।	He is a very modest man.
বিনয়ী হওয়া একটি গুণ।	Being modest is a quality.
এই চেষ্টা বৃথা গেল।	This effort went in vain.
বৃথা আশা করবেন না।	Do not hope in vain.
আমি নির্ধারিত লক্ষ্যে যাব।	I will go to the determined goal.
সব কিছু নির্ধারিত ছিল।	Everything was determined.
গল্পের উপসংহার খুব সুন্দর।	The conclusion of the story is very beautiful.
এই উপসংহারটি সঠিক নয়।	This conclusion is not correct.
তার দৃষ্টিকোণ আলাদা।	His perspective is different.
নতুন দৃষ্টিকোণ থেকে দেখুন।	Look from a new perspective.
এই ঘটনার তাৎপর্য অনেক।	The significance of this event is great.
তার কথার তাৎপর্য বুঝুন।	Understand the significance of his words.
এর নিহিত অর্থ গভীরে।	The implication of this is deep.
এই সিদ্ধান্তের নিহিত অর্থ কী?	What is the implication of this decision?
কাজটি মূল্যায়ন করুন।	Evaluate the work.
আমি মূল্যায়ন করছি।	I am evaluating.
আপনার ন্যায্যতা প্রমাণ করুন।	Prove your justification.
এটি ন্যায্যতা পায় না।	This does not get justification.
আমাকে সমালোচনা করা সহজ।	It is easy to criticize me.
সে সমালোচনা করা পছন্দ করে।	He likes to criticize.
তথ্যটি বিশ্লেষণ করুন।	Analyze the information.
আমি বিশ্লেষণ করছি।	I am analyzing.
গল্পটি সংক্ষিপ্ত করা প্রয়োজন।	The story needs to be summarized.
অনুগ্রহ করে সংক্ষিপ্ত করা শুরু করুন।	Please start summarizing.
দুইটি জিনিসের তুলনা করুন।	Compare two things.
তুলনা করা সহজ নয়।	Comparison is not easy.
সাদা এবং কালো বিপরীত।	White and black are opposite.
বিপরীত দিক দেখুন।	Look at the opposite side.
আমরা উপসংহার টানলাম।	We concluded.
গল্পটি এখানে উপসংহার পেল।	The story concluded here.
আমি কিছু অনুমান করা শুরু করলাম।	I started to deduce something.
সঠিকভাবে অনুমান করা কঠিন।	It is difficult to deduce correctly.
এটি প্রমাণ ভিত্তিক তথ্য।	This is evidence-based information.
প্রমাণ ভিত্তিক যুক্তি দিন।	Give evidence-based arguments.
এই টিকিট বৈধ।	This ticket is valid.
আপনার যুক্তি বৈধ।	Your argument is valid.
এই চুক্তি অবৈধ।	This contract is invalid.
কাগজটি অবৈধ হয়ে গেছে।	The paper has become invalid.
বিচারক পক্ষপাতদুষ্ট ছিলেন।	The judge was biased.
আপনি পক্ষপাতদুষ্ট হবেন না।	Do not be biased.
এটি একটি বিষয়গত মতামত।	This is a subjective opinion.
ভালোবাসা বিষয়গত বিষয়।	Love is a subjective matter.
এই তথ্য প্রাসঙ্গিক নয়।	This information is not relevant.
প্রাসঙ্গিক কথা বলুন।	Speak relevant words.
এই আলোচনা অপ্রাসঙ্গিক।	This discussion is irrelevant.
আপনার কথা অপ্রাসঙ্গিক।	Your words are irrelevant.
তার যুক্তি বিশ্বাসী মনে হয়।	His argument seems convincing.
এটি বিশ্বাসী প্রমাণ।	This is convincing proof.
তিনি খুব প্ররোচিত করতে পারেন।	He can be very persuasive.
তার প্ররোচিত কথা শুনুন।	Listen to his persuasive words.
আমার দৃষ্টিকোণ থেকে দেখুন।	Look from my point of view.
আপনার দৃষ্টিকোণ কী?	What is your point of view?
তার দৃষ্টিকোণ পরিষ্কার।	His standpoint is clear.
আমার দৃষ্টিকোণ আলাদা।	My standpoint is different.
মানদণ্ড অনেক কঠিন।	The criteria are very difficult.
এই মানদণ্ড সঠিক।	This criterion is correct.
এটি একটি বিশ্বব্যাপী নেটওয়ার্ক।	This is a global network.
অভিবাসন নীতি খুব কঠিন।	Immigration policy is very hard.
অভিবাসন এখন বাড়ছে।	Immigration is increasing now.
দুই দলের মধ্যে সংঘর্ষ হলো।	A conflict happened between two parties.
এই সংঘর্ষ খুব ভয়াবহ।	This conflict is very terrible.
অর্থনৈতিক সংকট বাড়ছে।	The economic crisis is increasing.
এটি একটি বড় সংকট।	This is a big crisis.
দেশের উন্নয়ন প্রয়োজন।	The country needs development.
শিক্ষা উন্নয়ন জরুরি।	Education development is urgent.
কার্বন নির্গমন কমাতে হবে।	Carbon emission must be reduced.
গাড়ির নির্গমন ক্ষতিকর।	Car emission is harmful.
বন উজাড় পরিবেশের ক্ষতি করে।	Deforestation harms the environment.
বন উজাড় বন্ধ করুন।	Stop deforestation.
গ্রামে খরা দেখা দিয়েছে।	Drought has appeared in the village.
দীর্ঘ খরা খুব কষ্টকর।	Long drought is very painful.
দুর্ভিক্ষে অনেকে মারা গেল।	Many died in the famine.
দুর্ দুর্ভিক্ষ রোধ করা দরকার।	Famine needs to be prevented.
সে একজন উদ্বাস্তু।	He is a refugee.
মাইগ্রেশন এখন খুব সাধারণ।	Migration is very common now.
শ্রমিকদের মাইগ্রেশন বাড়ছে।	Worker migration is increasing.
সে একজন বিদেশী নাগরিক।	He is a foreign citizen.
বিদেশী ভাষা শেখা ভালো।	Learning a foreign language is good.
কূটনীতি খুব জটিল কাজ।	Diplomacy is a very complex job.
কূটনীতি শান্তি আনে।	Diplomacy brings peace.
সরকার অনুমোদন দিয়েছে।	The government has given sanction.
এই অনুমোদনটি দরকার।	This sanction is needed.
তারা একটি জোট গঠন করল।	They formed a coalition.
এই জোট খুব শক্তিশালী।	This coalition is very strong.
দুই দেশের জোট তৈরি হলো।	An alliance of two countries was formed.
এই জোট সফল হয়েছে।	This alliance has been successful.
দারিদ্র্য দূর করা প্রয়োজন।	Poverty needs to be removed.
দারিদ্র্য একটি অভিশাপ।	Poverty is a curse.
অতিমারী পুরো পৃথিবীকে বদলে দিল।	The pandemic changed the whole world.
এই অতিমারী খুব ভয়াবহ ছিল।	This pandemic was very terrible.
টিকা নেওয়া খুব জরুরি।	Taking the vaccine is very urgent.
এই টিকা নিরাপদ।	This vaccine is safe.
নবায়নযোগ্য উৎস ব্যবহার করুন।	Use renewable sources.
বনভূমিতে জীববৈচিত্র্য বেশি।	Biodiversity is high in forests.
জীববৈচিত্র্য রক্ষা করা উচিত।	Biodiversity should be protected.
বিশুদ্ধ জল এখন দুষ্প্রাপ্য।	Pure water is now scarce.
এই ধাতু খুব দুষ্প্রাপ্য।	This metal is very scarce.
দেশের স্থিতিশীলতা প্রয়োজন।	The stability of the country is needed.
রাজনৈতিক স্থিতিশীলতা জরুরি।	Political stability is urgent.
দুই দেশের মধ্যে উত্তেজনা বাড়ছে।	Tension is increasing between two countries.
এই উত্তেজনা কমাতে হবে।	This tension must be reduced.
আমাদের সহযোগিতা করতে হবে।	We have to cooperate.
পারস্পরিক সহযোগিতা খুব জরুরি।	Mutual cooperation is very urgent.
আমি কবিতা পড়তে ভালোবাসি	I love to read poetry
এই কবিতা খুব সুন্দর	This poetry is very beautiful
তিনি একজন বিখ্যাত লেখক	He is a famous author
লেখক বই লিখছেন	The author is writing a book
চরিত্রটি খুব রহস্যময়	The character is very mysterious
গল্পের চরিত্রটি ভালো	The character of the story is good
চক্রান্ত খুব জটিল	The plot is very complex
এই চক্রান্তটি গোপন	This plot is secret
থিম খুব সাধারণ	The theme is very simple
বইয়ের থিমটি আলাদা	The theme of the book is different
গ্যালারিটি অনেক বড়	The gallery is very big
আমরা গ্যালারিতে যাই	We go to the gallery
প্রদর্শনীটি আজ শুরু	The exhibition starts today
এই প্রদর্শনী চমৎকার	This exhibition is wonderful
ভাস্কর্যটি পাথরের তৈরি	The sculpture is made of stone
পুরানো ভাস্কর্য সুন্দর	The old sculpture is beautiful
এটি একটি মাস্টারপিস	This is a masterpiece
মাস্টারপিসটি এখানে আছে	The masterpiece is here
পেইন্টিংটি খুব উজ্জ্বল	The painting is very bright
আমি পেইন্টিং করি	I do painting
ক্যানভাসটি সাদা	The canvas is white
বড় ক্যানভাস প্রয়োজন	A large canvas is needed
ব্রাশ দিয়ে আঁকো	Paint with the brush
ব্রাশটি কোথায়?	Where is the brush?
প্রতিকৃতিটি খুব সুন্দর	The portrait is very beautiful
এটি একটি পুরোনো প্রতিকৃতি	This is an old portrait
ল্যান্ডস্কেপ ছবি আঁকো	Paint a landscape picture
ল্যান্ডস্কেপটি খুব সুন্দর	The landscape is very beautiful
এটি একটি বিমূর্ত শিল্প	This is an abstract art
বিমূর্ত চিন্তা কঠিন	Abstract thought is difficult
ছবিটি বাস্তবসম্মত	The picture is realistic
এটি বাস্তবসম্মত দৃশ্য	This is a realistic scene
তিনি আমার অনুপ্রেরণা	He is my inspiration
অনুপ্রেরণা খুব জরুরি	Inspiration is very important
মেয়েটি খুব সৃজনশীল	The girl is very creative
সৃজনশীল কাজ করো	Do creative work
তার অভিব্যক্তি সুন্দর	His expression is beautiful
মুখের অভিব্যক্তি দেখুন	Look at the facial expression
আবেগ খুব শক্তিশালী	Emotion is very powerful
আবেগ নিয়ন্ত্রণ করো	Control the emotion
এটি শান্তির প্রতীক	This is a symbol of peace
প্রতীকটি ছোট	The symbol is small
এটি একটি রূপক	This is a metaphor
রূপক কথা বলা সহজ নয়	Speaking in metaphor is not easy
আখ্যানটি খুব দীর্ঘ	The narrative is very long
এই আখ্যানটি সত্য	This narrative is true
এটি নতুন ধারা	This is a new genre
ধারা পরিবর্তন করো	Change the genre
আমি নন-ফিকশন পড়ি	I read non-fiction
নন-ফিকশন বই ভালো	Non-fiction books are good
এটি একটি জীবনী	This is a biography
জীবনী পড়া দরকার	It is necessary to read the biography
প্রথম অধ্যায় সহজ	The first chapter is easy
এই অধ্যায়টি পড়ুন	Read this chapter
সংলাহটি খুব ছোট	The dialogue is very short
সংলাহ শুনতে ভালো	The dialogue sounds good
বাচ্চারা ছড়া বলে	Children say rhymes
এই ছড়াটি মজার	This rhyme is funny
শ্লোকটি খুব প্রাচীন	The verse is very ancient
শ্লোক পাঠ করো	Recite the verse
সমালোচক খুব কঠোর	The critic is very strict
সমালোচক কথা বললেন	The critic spoke
এই সংলাপটি খুব ছোট।	This dialogue is very short.
সংলাপটি শুনতে ভালো লাগছে।	The dialogue sounds good.
কঠোর পরিশ্রমে অনেক কিছু অর্জন করা যায়।	Many things can be achieved with hard work.
লক্ষ্য অর্জন করা খুব কঠিন।	Achieving the goal is very difficult.
কাজটি দ্রুত সম্পন্ন করা প্রয়োজন।	It is necessary to accomplish the work quickly.
আমি আমার লক্ষ্য সম্পন্ন করা চাই।	I want to accomplish my goal.
স্বাস্থ্য বজায় রাখা খুব জরুরি।	It is very important to maintain health.
শান্তি বজায় রাখা উচিত।	Peace should be maintained.
তথ্য প্রাপ্ত হওয়ার পর জানাবেন।	Let me know after obtaining the information.
তিনি পুরস্কার প্রাপ্ত হয়েছেন।	He has obtained the award.
এই দল পাঁচ সদস্যে গঠিত।	This team consists of five members.
পানি হাইড্রোজেন ও অক্সিজেন দ্বারা গঠিত।	Water consists of hydrogen and oxygen.
শিক্ষকরা পড়াশোনার ওপর জোর দেওয়া।	Teachers emphasize on studies.
সে এই বিষয়ে জোর দেওয়া চাই।	He wants to emphasize on this matter.
নতুন পণ্যের প্রদর্শন হবে।	There will be a demonstration of new products.
他-র দক্ষতা প্রদর্শন করা জরুরি।	It is important to demonstrate his skills.
একটি কোম্পানি প্রতিষ্ঠা করা সহজ নয়।	Establishing a company is not easy.
তিনি একটি নতুন রেকর্ড প্রতিষ্ঠা করলেন।	He established a new record.
মূল্য বৃদ্ধি পাওয়া খুব সাধারণ।	Price increase is very common.
বেতন বৃদ্ধি করা প্রয়োজন।	It is necessary to increase the salary.
খরচ হ্রাস করা উচিত।	Expenses should be decreased.
তাপমাত্রা হ্রাস পাওয়া শুরু হয়েছে।	The temperature has started to decrease.
ওজন হ্রাস করা কঠিন।	Reducing weight is difficult.
খরচ হ্রাস করা জরুরি।	It is urgent to reduce costs.
পড়ার উন্নতি করা দরকার।	Reading needs improvement.
জীবনে উন্নতি করা সবার লক্ষ্য।	Improving in life is everyone's goal.
অসুখ প্রতিরোধ করা ভালো।	It is good to prevent illness.
দুর্ঘটনা প্রতিরোধ করা সম্ভব।	It is possible to prevent accidents.
ভুল এড়ানো খুব জরুরি।	Avoiding mistakes is very important.
ঝামেলা এড়ানোই বুদ্ধিমানের কাজ।	Avoiding trouble is the wise thing to do.
ছাত্রদের পড়াশোনায় উত্সাহিত করা উচিত।	Students should be encouraged in studies.
মা আমাকে স্বপ্ন দেখতে উত্সাহিত করা।	Mother encouraged me to dream.
তাকে ভুল পথে নিরুৎসাহিত করা হলো।	He was discouraged from going the wrong way.
খারাপ অভ্যাস নিরুৎসাহিত করা দরকার।	Bad habits need to be discouraged.
তাকে রাজি করা খুব কঠিন ছিল।	It was very difficult to persuade him.
আমি তাকে রাজি করা চাই।	I want to persuade him.
তাকে সত্যিটা বোঝানো সহজ নয়।	It is not easy to convince him of the truth.
আমি তাকে সব বোঝানো চেষ্টা করলাম।	I tried to convince him of everything.
সে সেখানে যাওয়ার জন্য জোর করা।	He insisted on going there.
আমার কথায় জোর করা বন্ধ করুন।	Stop insisting on my words.
আমি তোমার কাছ থেকে অনেক আশা করা।	I expected a lot from you.
ভালো ফলাফলের আশা করা উচিত।	One should expect good results.
টাকা গণনা করা সহজ।	Calculating money is easy.
সে দ্রুত গণনা করা পারে।	He can calculate quickly.
তার ভাগ্য নির্ধারণ করা হবে।	His fate will be determined.
সঠিক তারিখ নির্ধারণ করা হয়েছে।	The correct date has been determined.
সঠিক কারণ সনাক্ত করা জরুরি।	It is important to identify the correct reason.
সে অপরাধীকে সনাক্ত করা করল।	He identified the criminal.
বিষয়টি একটু বিবেচনা করুন।	Please consider the matter.
আমার প্রস্তাব বিবেচনা করা হবে।	My proposal will be considered.
লাল আলো বিপদ নির্দেশ করে।	Red light indicates danger.
এটি একটি সমস্যা নির্দেশ করে।	This indicates a problem.
বিষয়টি আরও স্পষ্ট করা প্রয়োজন।	The matter needs to be clarified further.
সে সব কিছু স্পষ্ট করা করল।	He clarified everything.
এটি একটি ভালো দৃষ্টান্ত।	This is a good example.
নতুন একটি দৃষ্টান্ত দেখান।	Show a new example.
তাদের মধ্যে ঐক্যমত আছে।	There is consensus among them.
ঐক্যমত খুব জরুরি।	Consensus is very important.
একাধিক পারস্পরিক সম্পর্ক আছে।	There are multiple correlations.
পারস্পরিক সম্পর্কটি খুঁজুন।	Find the correlation.
এটি একটি পরিবর্তনশীল মান।	This is a variable value.
পরিবর্তনশীল বিষয়গুলো লক্ষ্য করুন।	Notice the variable factors.
মানদণ্ড খুব কঠিন।	The criteria are very difficult.
আপনার মানদণ্ড কী?	What is your criteria?
এটি একটি অভিজ্ঞতামূলক প্রমাণ।	This is an empirical proof.
অভিজ্ঞতামূলক শিক্ষা কার্যকর।	Empirical learning is effective.
তাত্ত্বিক আলোচনা শুরু হোক।	Let the theoretical discussion begin.
এটি একটি তাত্ত্বিক বিষয়।	This is a theoretical matter.
কাঠামোটি খুব মজবুত।	The framework is very strong.
একটি নতুন কাঠামো তৈরি করুন।	Create a new framework.
প্রসঙ্গটি পরিষ্কার করুন।	Clear the context.
প্রসঙ্গ ছাড়া কথা বলবেন না।	Do not speak without context.
এটি একটি নতুন মাত্রা।	This is a new dimension.
এই মাত্রার কাজ কঠিন।	Work of this dimension is difficult.
আপনার দৃষ্টিভঙ্গি সঠিক।	Your aspect is correct.
অন্য একটি দৃষ্টিভঙ্গি দেখুন।	Look at another aspect.
এটি একটি প্রধান ফ্যাক্টর।	This is a major factor.
ফ্যাক্টরটি এখানে গুরুত্বপূর্ণ।	The factor is important here.
বর্তমান প্রবণতা বদলাচ্ছে।	The current trend is changing.
নতুন প্রবণতা লক্ষ্য করুন।	Notice the new trend.
প্যাটার্নটি খুব সুন্দর।	The pattern is very beautiful.
এই প্যাটার্নটি দেখুন।	Look at this pattern.
নমুনাটি এখানে দিন।	Put the sample here.
এটি একটি ছোট নমুনা।	This is a small sample.
জরিপটি শেষ হয়েছে।	The survey is finished.
জরিপটি খুব বড়।	The survey is very large.
ডেটা সেটটি আপডেট করুন।	Update the data set.
এটি একটি বড় ডেটা সেট।	This is a large data set.
পরিসংখ্যান সঠিক নয়।	The statistics are not correct.
পরিসংখ্যান দেখুন।	Look at the statistics.
ফলাফলটি উল্লেখযোগ্য।	The result is significant.
এটি একটি উল্লেখযোগ্য পরিবর্তন।	This is a significant change.
বিষয়ের প্রাসঙ্গিকতা কোথায়?	Where is the relevance of the topic?
প্রাসঙ্গিকতা বজায় রাখুন।	Maintain the relevance.
এর বৈধতা নেই।	It has no validity.
বৈধতা পরীক্ষা করুন।	Check the validity.
নির্ভরযোগ্যতা খুব গুরুত্বপূর্ণ।	Reliability is very important.
তার নির্ভরযোগ্যতা কম।	His reliability is low.
এখানে কিছু সীমাবদ্ধতা আছে।	There are some limitations here.
সীমাবদ্ধতা মেনে চলুন।	Follow the limitation.
ফলাফল এক্সট্রাপোলেট করুন।	Extrapolate the results.
এখান থেকে এক্সট্রাপোলেট করা যায়।	One can extrapolate from here.
খরচ পরিমাপ করা কঠিন।	It is hard to quantify the cost.
সময় পরিমাপ করা সহজ।	It is easy to quantify time.
রঙের বিপরীত দেখুন।	Look at the contrast of colors.
বিপরীত চিন্তা করুন।	Think the contrast.
তথ্য সংশ্লেষিত করা দরকার।	Need to synthesize the information.
এভাবে সংশ্লেষিত করা হয়।	It is synthesized this way.
সমালোচনা করা সহজ।	It is easy to critique.
আপনার সমালোচনা শুনলাম।	I heard your critique.
প্রস্তাবটি খুব ভালো।	The proposition is very good.
নতুন একটি প্রস্তাব দিন।	Give a new proposition.
ভিত্তিটি খুব দুর্বল।	The premise is very weak.
ভিত্তি শক্ত হওয়া চাই।	The premise must be strong.
তিনি আমাদের দলের প্রতিনিধি।	He is our team delegate.
প্রতিনিধি এখানে এসেছেন।	The delegate has come here.
নতুন নিয়ম কাজ সহজতর করা উচিত।	New rules should facilitate the work.
এটি প্রক্রিয়াটি সহজতর করা হবে।	It will facilitate the process.
ম্যানেজার কাজ তদারকি করেন।	The manager oversees the work.
আপনি কি তদারকি করবেন?	Will you oversee?
আমরা কাজ স্ট্রিমলাইন করব।	We will streamline the work.
প্রক্রিয়াটি স্ট্রিমলাইন করা দরকার।	The process needs to be streamlined.
কাজের অগ্রাধিকার দেওয়া জরুরি।	It is urgent to prioritize the work.
আমি আমার লক্ষ্যকে অগ্রাধিকার দেওয়া শুরু করেছি।	I started to prioritize my goals.
আমরা একসঙ্গে সহযোগিতা করি।	We collaborate together.
আপনার সহযোগিতা প্রয়োজন।	Your collaboration is needed.
খরচ অপ্টিমাইজ করা দরকার।	The cost needs to be optimized.
আমরা সিস্টেমটি অপ্টিমাইজ করব।	We will optimize the system.
আমাদের এখন কৌশল করা উচিত।	We should strategize now.
সে কৌশল করা পছন্দ করে।	He likes to strategize.
অনুষ্ঠানটি সংগঠিত করা সহজ নয়।	Organizing the event is not easy.
তারা দলটিকে সংগঠিত করা শুরু করল।	They started to organize the team.
সমন্বয় করা খুব গুরুত্বপূর্ণ।	Coordination is very important.
সঠিক সমন্বয় প্রয়োজন।	Proper coordination is needed.
তিনি ব্যবসা পরিচালনা করেন।	He manages the business.
আমি কাজ পরিচালনা করি।	I manage the work.
সে দলটিকে নেতৃত্ব দেয়।	He leads the team.
আপনার নেতৃত্ব প্রয়োজন।	Your leadership is needed.
শিক্ষক আমাদের অনুপ্রাণিত করা শুরু করলেন।	The teacher started to motivate us.
অনুপ্রাণিত করা খুব জরুরি।	Motivating is very important.
তার কথা আমাদের অনুপ্রাণিত করা করল।	His words inspired us.
সফলতা আমাদের অনুপ্রাণিত করা উচিত।	Success should inspire us.
আমার একজন পরামর্শদাতা আছেন।	I have a mentor.
তিনি খুব ভালো পরামর্শদাতা।	He is a very good mentor.
বস কাজ তদারকি করছেন।	The boss is supervising the work.
আমরা ফলাফল মূল্যায়ন করব।	We will evaluate the result.
সঠিক মূল্যায়ন প্রয়োজন।	Correct evaluation is needed.
অনুগ্রহ করে ফাইলটি পর্যালোচনা করুন।	Please review the file.
আমরা রিপোর্টটি পর্যালোচনা করলাম।	We reviewed the report.
রঙটি এর সাথে অনুরূপ।	The color is similar to this.
উত্তরটি তথ্যের সাথে অনুরূপ।	The answer is corresponding to the info.
আমি তাকে অনুসরণ করা শুরু করলাম।	I started to follow up with him.
অনুগ্রহ করে অনুসরণ করা চালিয়ে যান।	Please continue to follow up.
আমার সময়সূচী খুব ব্যস্ত।	My schedule is very busy.
বাজেট বরাদ্দ করা হয়েছে।	The budget has been allocated.
সঠিক সম্পদ বরাদ্দ করুন।	Allocate the correct resources.
এটি একটি বড় মাইলফলক।	This is a big milestone.
আমরা প্রথম মাইলফলক ছুঁলাম।	We reached the first milestone.
এটি আমার আজকের টাস্ক।	This is my task today.
টাস্কটি শেষ করুন।	Finish the task.
কাজের চাপ খুব বেশি।	The workload is very high.
কাজের চাপ কমানো দরকার।	The workload needs to be reduced.
এটি একটি কার্যকর পদ্ধতি।	It is an effective method.
কার্যকর পরিকল্পনা প্রয়োজন।	An effective plan is needed.
দিনটি খুব উত্পাদনশীল ছিল।	The day was very productive.
আমি আজ খুব উত্পাদনশীল।	I am very productive today.
তিনি কাজের জন্য দায়বদ্ধ।	He is accountable for the work.
সক্রিয় হওয়া খুব জরুরি।	Being proactive is very important.
তিনি খুব সক্রিয় মানুষ।	He is a proactive person.
সে খুব সম্পদশালী ব্যক্তি।	He is a resourceful person.
সম্পদশালী হওয়া একটি গুণ।	Being resourceful is a quality.
সময়সীমা খুব কাছাকাছি।	The deadline is very close.
সময়সীমা কি শেষ হয়েছে?	Has the deadline ended?
আমি আমার কাজের জন্য দায়বদ্ধ।	I am accountable for my work.
সে কি এই কাজের জন্য দায়বদ্ধ?	Is he accountable for this work?
আমাদের আরও সক্রিয় হতে হবে।	We need to be more proactive.
সে খুব সক্রিয় একজন ছাত্র।	He is a very proactive student.
সে আমার সম্পর্কে আনা কথাগুলো জানে।	He knows the things brought about me.
আপনার কী সম্পর্কে আনা হবে?	What will be brought about you?
তার চোখের মধ্যে তাকান।	Look into her eyes.
বক্সটির মধ্যে তাকান।	Look into the box.
সে আমার সঙ্গে আসা বন্ধু।	He is a friend who came up with me.
সবাই আমার সঙ্গে আসা দল।	Everyone is the group that came up with me.
ভলিউম নামিয়ে দিন।	Turn down the volume.
চেয়ারটি নামিয়ে দিন।	Turn down the chair.
সে ভুলটি নির্দেশ করা করল।	He pointed out the mistake.
আঙুল দিয়ে নির্দেশ করা দেখুন।	Look at the pointing out with a finger.
নতুন কম্পিউটার সেট আপ করুন।	Set up the new computer.
টেবিলটি সেট আপ করুন।	Set up the table.
এটি সঠিক জন্য অ্যাকাউন্ট।	This is the correct account for.
টাকার জন্য অ্যাকাউন্ট খোলা হলো।	The account for money was opened.
ফাইলটি ব্যাক আপ করুন।	Back up the file.
ডেটা ব্যাক আপ রাখা জরুরি।	It is important to keep a data back up.
প্রাচীরটি ভেঙ্গে ফেলা হলো।	The wall was broken down.
খেলনাটি ভেঙ্গে ফেলা সহজ।	It is easy to break down the toy.
বিষয়টি আপ আনা হলো।	The topic was brought up.
বাচ্চাকে আপ আনা কঠিন।	It is hard to bring up a child.
সে কল বন্ধ করল।	He called off the call.
মিটিংটি কল বন্ধ করুন।	Call off the meeting.
সে আমার সাথে জুড়ে আসা বন্ধু।	He is a friend who came across me.
নতুন তথ্যের সাথে জুড়ে আসা।	Coming across new information.
রহস্যটি বের করা হলো।	The mystery was figured out.
সঠিক পথটি বের করা কঠিন।	It is hard to figure out the right way.
সে আমার সঙ্গে পেতে পছন্দ করে।	He likes to get along with me.
সবাই তার সঙ্গে পেতে চায়।	Everyone wants to get along with him.
সে দুঃখের উপর পেতে।	He is getting over the sadness.
অসুখটি উপর পেতে সহজ নয়।	It is not easy to get over the illness.
এই পথ মাধ্যমে যান।	Go through this path.
সুড়ঙ্গ মাধ্যমে যান।	Go through the tunnel.
হাতটি ধরে রাখুন।	Hold on to the hand.
একটু ধরে রাখুন।	Hold on for a moment.
তার সঙ্গে রাখা কঠিন।	It is hard to keep up with him.
গতির সঙ্গে রাখা জরুরি।	It is important to keep up with the speed.
আমি তোমার জন্য উন্মুখ।	I am looking forward to you.
সবাই ছুটির জন্য উন্মুখ।	Everyone is looking forward to the holiday.
সে গল্পটি আপ করা করল।	He made up the story.
ভুলটি আপ করা হলো।	The mistake was made up.
আমি এটা সঙ্গে রাখা পারি।	I can put up with this.
চিনি রান আউট হয়ে গেছে।	The sugar has run out.
বেশি সময় রান আউট হলো।	Too much time ran out.
সে বাবার পরে নিতে।	He takes after his father.
সে মায়ের পরে নিতে।	She takes after her mother.
সে হঠাৎ উঠা করল।	He suddenly turned up.
সকালবেলা সূর্য উঠা করল।	The sun turned up in the morning.
বাতাস করা বন্ধ করুন।	Stop winding up the air.
ফ্যান দিয়ে বাতাস করা হয়।	Air is winded up by the fan.
এখতিয়ার কার হাতে আছে?	Who has the jurisdiction?
এটি আমার এখতিয়ারের বাইরে।	This is outside my jurisdiction.
সংশোধন করা খুব জরুরি।	The amendment is very urgent.
আইনের এই সংশোধনটি দেখুন।	Look at this amendment of the law.
প্রসিকিউশন মামলাটি শুরু করল।	The prosecution started the case.
প্রসিকিউশন দল এখানে এসেছে।	The prosecution team has come here.
বিচার বিভাগ স্বাধীন হতে হবে।	The judiciary must be independent.
বিচার বিভাগ গুরুত্বপূর্ণ ভূমিকা পালন করে।	The judiciary plays an important role.
গণভোট কি অনুষ্ঠিত হবে?	Will the referendum be held?
গণভোটের ফলাফল প্রকাশিত হলো।	The referendum result was published.
এটি একটি বড় নজির।	This is a big precedent.
আগে এমন কোনো নজির নেই।	There is no such precedent before.
সার্বভৌমত্ব রক্ষা করা আমাদের দায়িত্ব।	Protecting sovereignty is our duty.
দেশের সার্বভৌমত্ব অটুট থাকবে।	The sovereignty of the country will remain intact.
সংসদ অধিবেশনে আলোচনা চলছে।	Discussion is ongoing in the parliament.
সংসদ নতুন আইন পাস করল।	The parliament passed a new law.
ক্যাবিনেট মিটিং শেষ হয়েছে।	The cabinet meeting has ended.
ক্যাবিনেট সিদ্ধান্ত নিল।	The cabinet took a decision.
আমলাতন্ত্র অনেক জটিল।	The bureaucracy is very complex.
আমরা আমলাতন্ত্রের সাথে কাজ করি।	We work with the bureaucracy.
প্রবিধান মেনে চলতে হবে।	The regulation must be followed.
নতুন প্রবিধানটি কার্যকর হলো।	The new regulation became effective.
এই ধারাটি খুব গুরুত্বপূর্ণ।	This clause is very important.
চুক্তির তৃতীয় ধারাটি পড়ুন।	Read the third clause of the agreement.
আসামী আদালতে উপস্থিত।	The defendant is present in court.
আসামী কি দোষী?	Is the defendant guilty?
সাক্ষ্য দেওয়া সহজ নয়।	Giving testimony is not easy.
তার সাক্ষ্য সঠিক ছিল।	His testimony was correct.
সাক্ষী কি প্রস্তুত?	Is the witness ready?
সাক্ষী সত্যি কথা বলেছে।	The witness spoke the truth.
আপিল করা যাবে কি?	Can an appeal be made?
তার আপিল খারিজ হয়ে গেল।	His appeal was dismissed.
ভুল প্রত্যয় বিপদজনক হতে পারে।	Wrong conviction can be dangerous.
তার প্রত্যয় অনেক গভীর।	His conviction is very deep.
শাস্তি খুব কঠোর ছিল।	The penalty was very severe.
ভুল কাজের শাস্তি পাওয়া উচিত।	Wrong actions should receive penalty.
অনুমোদন কি পাওয়া গেছে?	Has the sanction been received?
সরকার এই অনুমোদন দিল।	The government gave this sanction.
তার পূর্ণ অনাক্রম্যতা আছে।	He has full immunity.
অনাক্রম্যতা আইনত দেওয়া হয়।	Immunity is granted legally.
প্রার্থী কে হয়েছেন?	Who has become the candidate?
একজন যোগ্য প্রার্থী দরকার।	A qualified candidate is needed.
প্রচারণা শুরু হয়েছে।	The campaign has started.
নির্বাচনী প্রচারণা খুব জমজমাট।	The election campaign is very exciting.
নির্বাচনী এলাকাটি অনেক বড়।	The constituency is very large.
আমার নির্বাচনী এলাকা কোথায়?	Where is my constituency?
নীতিশাস্ত্র একটি কঠিন বিষয়	Ethics is a difficult subject
তিনি নীতিশাস্ত্র পড়ান	He teaches ethics
নৈতিকতা মানুষের প্রয়োজন	Morality is a human need
তার নৈতিকতা খুব দৃঢ়	His morality is very strong
চেতনা জাগ্রত হওয়া জরুরি	It is important for consciousness to awaken
মানুষের চেতনা ভিন্ন হয়	Human consciousness is different
এই উপলব্ধি খুব গভীর	This perception is very deep
সঠিক উপলব্ধি প্রয়োজন	Correct perception is necessary
পুণ্য অর্জন করা কঠিন	It is hard to earn virtue
তার মনে পুণ্য জাগল	Virtue awoke in his mind
এই মতবাদ পুরনো	This doctrine is old
নতুন মতবাদ আলোচনা করুন	Discuss the new doctrine
রাজনৈতিক মতাদর্শ পরিবর্তন হয়	Political ideology changes
তার মতাদর্শ খুব স্পষ্ট	His ideology is very clear
সংশয়বাদ একটি দর্শন	Skepticism is a philosophy
সংশয়বাদ আমাদের ভাবায়	Skepticism makes us think
এটি একটি অস্তিত্বগত সংকট	This is an existential crisis
অস্তিত্বগত প্রশ্ন অনেক	Existential questions are many
এটি একটি অদ্ভুত প্যারাডক্স	This is a strange paradox
প্যারাডক্স বোঝা কঠিন	It is hard to understand the paradox
বিমূর্ত চিন্তা করা শিখুন	Learn to think abstract
ছবিটি খুব বিমূর্ত	The picture is very abstract
তিনি খুব যুক্তিবাদী মানুষ	He is a very rational person
যুক্তিবাদী হওয়া ভালো	It is good to be rational
তার অন্তর্দৃষ্টি প্রবল	Her intuition is strong
অন্তর্দৃষ্টির গুরুত্ব অনেক	The importance of intuition is great
তার স্বভাব খুব শান্ত	His disposition is very calm
সবার স্বভাব এক নয়	Not everyone's disposition is the same
এই নিশ্চিততা প্রয়োজন	This certainty is needed
পরিপূর্ণ নিশ্চিততা নেই	There is no complete certainty
মনন গভীর হতে হবে	Contemplation must be deep
মনন দিয়ে চিন্তা করুন	Think with contemplation
আত্মা অমর বলে বিশ্বাস	Believe that the soul is immortal
আত্মার শান্তি প্রয়োজন	Peace of the soul is needed
জ্ঞানতত্ত্ব একটি জটিল বিষয়	Epistemology is a complex subject
জ্ঞানতত্ত্ব নিয়ে আলোচনা চলছে	Discussion on epistemology is going on
স্বাধীন ইচ্ছা একটি অধিকার	Free will is a right
স্বাধীন ইচ্ছা কি সত্য	Is free will true
নির্ণয়বাদ একটি মত	Determinism is an opinion
নির্ণয়বাদ নিয়ে বিতর্ক আছে	There is debate about determinism
সে খুব অসুস্থ, তবুও সে কাজ করছে।	He is very sick, nonetheless he is working.
বৃষ্টি হচ্ছিল, তবুও আমরা গেলাম।	It was raining, nonetheless we went.
সে মেধাবী, অধিকন্তু সে নম্র।	He is talented, furthermore he is humble.
বইটি ভালো, অধিকন্তু এটি সস্তা।	The book is good, furthermore it is cheap.
রাস্তাটি সরু, অধিকন্তু এখানে ভিড়।	The road is narrow, moreover it is crowded.
সে অলস, অধিকন্তু সে কথা বলে।	He is lazy, moreover he talks.
সে দেরি করল, ফলস্বরূপ সে হেরে গেল।	He was late, consequently he lost.
বৃষ্টি এল, ফলস্বরূপ মাঠ ভিজে গেল।	It rained, consequently the field got wet.
আদেশটি ছিল স্পষ্ট, সেই অনুযায়ী কাজ করো।	The order was clear, work accordingly.
পরিকল্পনাটি ছিল ঠিক, সেই অনুযায়ী চলুন।	The plan was right, proceed accordingly.
তুমি করো, একইভাবে আমিও করব।	You do it, similarly I will also do it.
সে হাসল, একইভাবে সে কথা বলল।	He smiled, similarly he spoke.
সে ধনী, বিপরীতভাবে তার ভাই দরিদ্র।	He is rich, conversely his brother is poor.
শীতকালে ঠান্ডা থাকে, বিপরীতভাবে গ্রীষ্মে গরম।	It is cold in winter, conversely hot in summer.
প্রথমে যুদ্ধ হলো, পরবর্তীকালে শান্তি এল।	First there was war, subsequently peace came.
সে পড়ল, পরবর্তীকালে সে পাশ করল।	He studied, subsequently he passed.
অসাবধানে চললে অনিবার্যভাবে দুর্ঘটনা ঘটবে।	Walking carelessly will inevitably lead to an accident.
ভুল করলে অনিবার্যভাবে শাস্তি পেতে হবে।	If you make a mistake, you will inevitably be punished.
এটি তর্কযোগ্যভাবে সেরা সিনেমা।	This is arguably the best movie.
সে তর্কযোগ্যভাবে দলের সেরা খেলোয়াড়।	He is arguably the best player of the team.
সে কথা বলল, এইভাবে সব বুঝাল।	He spoke, thus he explained everything.
বেশি করে পড়ুন, এইভাবে সফল হবেন।	Read more, thus you will succeed.
সে কাজ করল, এর দ্বারা সে জিতল।	He worked, thereby he won.
আলোর উপস্থিতিতে, এর দ্বারা আমরা দেখি।	In the presence of light, thereby we see.
দ্রুত আসুন, অন্যথায় দেরি হবে।	Come quickly, otherwise it will be late.
পড়ুন, অন্যথায় আপনি পারবেন না।	Study, otherwise you will not be able to.
সে গান গায়, একইভাবে সে নাচে।	She sings, likewise she dances.
তুমি যাও, একইভাবে আমিও যাব।	You go, likewise I will also go.
দুজন বন্ধু সমানভাবে ভাগ করল।	Two friends divided it equally.
সবাইকে সমানভাবে সুযোগ দিন।	Give everyone opportunities equally.
আমি ফল পছন্দ করি, বিশেষ করে আম।	I like fruits, especially mangoes.
সে সব জানে, বিশেষ করে ইতিহাস।	He knows everything, especially history.
আমি এই রং পছন্দ করি, বিশেষ করে নীল।	I like this color, particularly blue.
সে কথা বলে, বিশেষ করে জোরে।	He speaks, particularly loudly.
সে উল্লেখযোগ্যভাবে উন্নতি করেছে।	He has improved remarkably.
শহরটি উল্লেখযোগ্যভাবে বড় হয়েছে।	The city has grown remarkably.
সে নিঃসন্দেহে একজন ভালো মানুষ।	He is undoubtedly a good man.
এটি নিঃসন্দেহে সত্য কথা।	This is undoubtedly a true statement.
দৃশ্যত আকাশ পরিষ্কার মনে হচ্ছে।	Apparently the sky seems clear.
দৃশ্যত তারা খুশি ছিল।	Apparently they were happy.
আপাতদৃষ্টিতে সমস্যাটি সহজ মনে হয়।	Seemingly the problem seems easy.
আপাতদৃষ্টিতে সে খুব শান্ত।	Seemingly he is very quiet.
শেষ পর্যন্ত আমরা জিতলাম।	Ultimately we won.
সব চেষ্টা করে, শেষ পর্যন্ত সে হারল।	After trying everything, ultimately he lost.
প্রাথমিকভাবে পরিকল্পনাটি ভালো ছিল।	Initially the plan was good.
প্রাথমিকভাবে সে রাজি ছিল।	Initially he was agreed.
আমাদের লক্ষ্য প্রাথমিকভাবে শান্তি আনা।	Our goal is primarily to bring peace.
আমার কাজ প্রাথমিকভাবে লেখা।	My work is primarily writing.
এটি একচেটিয়াভাবে আমার সম্পত্তি।	This is exclusively my property.
দোকানটি একচেটিয়াভাবে মাছ বিক্রি করে।	The shop sells fish exclusively.
শহরটি ক্রমবর্ধমান বড় হচ্ছে।	The city is becoming increasingly large.
খরচ ক্রমবর্ধমান বাড়ছে।	Expenses are increasing increasingly.
এটি উল্লেখযোগ্যভাবে পরিবর্তিত হয়েছে।	This has changed significantly.
সে উল্লেখযোগ্যভাবে হেরে গেল।	He lost significantly.
সে সামান্য অসুস্থ।	He is slightly sick.
একটু সামান্য অপেক্ষা করুন।	Wait a little slightly.
এটি নিছক একটি ভুল।	This is merely a mistake.
বিশুদ্ধভাবে জল পান করো।	Drink water purely.
এটি বিশুদ্ধভাবে তৈরি।	This is made purely.
তিনি কঠোরভাবে নিয়ম মানেন।	He follows the rules strictly.
শিক্ষক কঠোরভাবে কথা বললেন।	The teacher spoke strictly.
সে স্পষ্টভাবে সব বলল।	He said everything explicitly.
বিষয়টি স্পষ্টভাবে বুঝিয়ে দিন।	Explain the matter explicitly.
এটি অন্তর্নিহিতভাবে সঠিক।	This is implicitly correct.
কথাটির অর্থ অন্তর্নিহিতভাবে গভীর।	The meaning of the word is implicitly deep.
তার কাজ খুব সূক্ষ্ম	His work is very meticulous.
সূক্ষ্ম কাজ করা কঠিন	It is hard to do meticulous work.
তর্কটি সুসঙ্গত ছিল না	The argument was not coherent.
একটি সুসঙ্গত পরিকল্পনা দরকার	A coherent plan is needed.
উত্তরটি খুব অস্পষ্ট	The answer is very ambiguous.
অস্পষ্ট কথা বলবেন না	Do not speak ambiguous words.
তিনি একজন বাগ্মী মানুষ	He is an eloquent person.
বাগ্মী বক্তারা কথা বলতে পারেন	Eloquent speakers can speak.
সে খুব বাস্তববাদী	She is very pragmatic.
বাস্তববাদী চিন্তা করা ভালো	It is good to think pragmatically.
তদন্তটি পুঙ্খানুপুঙ্খ ছিল	The investigation was thorough.
পুঙ্খানুপুঙ্খ হিসাব রাখা দরকার	It is necessary to keep thorough accounts.
এটি একটি অত্যাধুনিক যন্ত্র	This is a sophisticated machine.
শহরটি এখন খুব অত্যাধুনিক	The city is very sophisticated now.
উপস্থিতি বাধ্যতামূলক	Attendance is compelling.
বাধ্যতামূলক নিয়ম মেনে চলুন	Follow the compelling rules.
তার কথা বিশ্বাসী মনে হয়	His words seem convincing.
বিশ্বাসী প্রমাণ করা কঠিন	It is hard to prove convincing.
তার প্ররোচিত করার ক্ষমতা আছে	He has the power to be persuasive.
প্ররোচিত কথা সবাই শোনে	Everyone listens to persuasive words.
এই পরিকল্পনাটি সম্ভবপর	This plan is feasible.
কাজটি করা সম্ভবপর নয়	The work is not feasible.
এটি একটি কার্যকর উপায়	This is a viable way.
কার্যকর সমাধান খুঁজে নিন	Find a viable solution.
বিষয়টি খুব বিতর্কযোগ্য	The matter is very debatable.
বিতর্কযোগ্য প্রশ্নে কথা বলুন	Speak on the debatable question.
তিনি খুব সংবেদনশীল মানুষ	He is a very sensitive person.
এটি একটি সংবেদনশীল বিষয়	This is a sensitive issue.
কাজটি খুব সূক্ষ্ম	The work is very delicate.
সূক্ষ্ম সুতো দিয়ে সেলাই করো	Sew with a delicate thread.
পার্থক্যটি খুব সূক্ষ্ম	The difference is very subtle.
সূক্ষ্ম ইঙ্গিত বোঝা দরকার	It is necessary to understand subtle hints.
উত্তরটি খুব সংক্ষিপ্ত	The answer is very nuanced.
সংক্ষিপ্ত ব্যাখ্যা দিন	Give a nuanced explanation.
সুনির্দিষ্ট কারণটি বলুন	Tell the precise reason.
সুনির্দিষ্ট লক্ষ্য রাখা ভালো	It is good to have a precise goal.
সে একজন নির্ভরযোগ্য বন্ধু	He is a reliable friend.
নির্ভরযোগ্য তথ্য খুঁজুন	Search for reliable information.
তার আচরণ সামঞ্জস্যপূর্ণ	His behavior is consistent.
সামঞ্জস্যপূর্ণ পদক্ষেপ নিন	Take consistent steps.
তার কথা অসামঞ্জস্যপূর্ণ	His words are inconsistent.
অসামঞ্জস্যপূর্ণ কাজ করবেন না	Do not do inconsistent work.
বইটি খুব অস্পষ্ট	The book is very obscure.
অস্পষ্ট স্মৃতি মনে নেই	I don't remember obscure memories.
এটি একটি বিমূর্ত ধারণা	This is an abstract concept.
বিমূর্ত শিল্প আমার পছন্দ	I like abstract art.
দেওয়ালটি কংক্রিট দিয়ে তৈরি	The wall is made of concrete.
কংক্রিট রাস্তা খুব শক্ত	Concrete roads are very hard.
এর অর্থ অন্তর্নিহিত	The meaning is implicit.
অন্তর্নিহিত ক্ষমতা ব্যবহার করুন	Use the implicit power.
সেরা খুব তর্ক করা পছন্দ করে	They love to argue very much.
তুমি কি আমার সাথে তর্ক করা চাও?	Do you want to argue with me?
সে তার দাবিতে জোর করা শুরু করল	He started to assert his claim.
সবাই এখানে এই কথাটি জোর করা করে	Everyone here asserts this point.
সে তথ্যের মাধ্যমে যুক্তি খণ্ডন করল	He refuted the argument with facts.
আপনার খণ্ডন খুব সঠিক ছিল	Your refutation was very correct.
সে ঘটনাটি প্রমাণ করা শুরু করল	He started to substantiate the incident.
তুমি কি এটি প্রমাণ করা পারবে?	Can you substantiate this?
আমি আমার ভুল স্বীকার করা চাই	I want to concede my mistake.
সবাই সত্যটি স্বীকার করা উচিত	Everyone should concede the truth.
চুক্তিতে কিছু শর্ত করা হয়েছে	Some things were stipulated in the contract.
তুমি কি শর্ত করা করতে চাও?	Do you want to stipulate the terms?
বিজ্ঞানীরা নতুন কিছু অনুমান করা করেন	Scientists hypothesize something new.
আমি এটি অনুমান করা করছি	I am hypothesizing this.
আমার উকিল খুব অভিজ্ঞ মানুষ	My advocate is a very experienced person.
আপনার উকিল কোথায় থাকেন?	Where does your advocate live?
সে এই বিষয়ের ওপর জোর দেওয়া দিল	He emphasized this subject.
শিক্ষক গুরুত্বের ওপর জোর দেওয়া করেন	The teacher emphasizes the importance.
দয়া করে বিষয়টি স্পষ্ট করা করুন	Please clarify the matter.
আমি বিষয়টি স্পষ্ট করা করতে চাই	I want to clarify the matter.
শান্তি বজায় রাখা খুব জরুরি	It is very important to maintain peace.
তুমি কি শৃঙ্খলা বজায় রাখা পারো?	Can you maintain the discipline?
বেশি তর্ক করা ভালো নয়	Arguing too much is not good.
তুমি কেন তর্ক করা করছ?	Why are you arguing?
আমার কাছে একটি নতুন প্রস্তাব আছে	I have a new proposal.
সে একটি সুন্দর প্রস্তাব দিল	He gave a beautiful proposal.
আমি তোমার সিদ্ধান্ত সমর্থন করি	I support your decision.
সবাই তাকে সমর্থন করল	Everyone supported him.
আমি এই সিদ্ধান্তের বিরোধিতা করি	I oppose this decision.
সে সব সময় বিরোধিতা করে	He always opposes.
এটি আমার জন্য একটি চ্যালেঞ্জ	This is a challenge for me.
তুমি কি আমাকে চ্যালেঞ্জ করবে?	Will you challenge me?
জমি নিয়ে অনেক বিবাদ চলছে	There is much dispute over the land.
এই বিবাদ খুব পুরনো	This dispute is very old.
কথাটি আমার কথার বিরোধিতা করে	The word contradicts my words.
তুমি কেন বিরোধিতা করছ?	Why are you contradicting?
সে সব প্রস্তাব প্রত্যাখ্যান করল	He rejected all proposals.
আমার অনুরোধ প্রত্যাখ্যান করো না	Do not reject my request.
আমি সত্যটি স্বীকার করা করি	I admit the truth.
সে তার ভুল স্বীকার করা করল	He admitted his mistake.
গল্পের উপসংহার খুব সুন্দর	The conclusion of the story is very beautiful.
এখন উপসংহার করার সময় হয়েছে	Now is the time to conclude.
এই কথাটি কি কিছু বোঝানো করে?	Does this word imply something?
তুমি কি এটি বোঝানো করতে চাও?	Do you want to imply this?
আমি ফলাফলটি অনুমান করা করছি	I am deducing the result.
সে সহজভাবে অনুমান করা করল	He deduced it simply.
সে রহস্যের দিকে ইঙ্গিত করা করল	He alluded to the mystery.
তুমি কি এখানে ইঙ্গিত করা করছ?	Are you alluding to this?
সে উদাহরণ দেওয়া দিয়ে বোঝাল	He explained by giving an example.
একটি উদাহরণ দেওয়া করো	Give an example.
তথ্যটি যাচাই করা খুব প্রয়োজন	It is necessary to verify the information.
তুমি কি এটি যাচাই করবে?	Will you verify this?
অনুগ্রহ করে তারিখটি নিশ্চিত করুন	Please confirm the date.
সে সবকিছু নিশ্চিত করুন করল	He confirmed everything.
তথ্যটি যাচাই করা করা হচ্ছে	The information is being validated.
তুমি কি এটি যাচাই করা করবে?	Will you validate this?
তার অবদান উল্লেখযোগ্য।	His contribution is significant.
সে একজন প্রান্তিক কৃষক।	He is a marginal farmer.
এটি একটি প্রান্তিক এলাকা।	This is a marginal area.
দাম ওঠানামা করা শুরু করেছে।	Prices have started to fluctuate.
আবহাওয়া ওঠানামা করা স্বাভাবিক।	Weather fluctuation is normal.
পর্বতের শিখর খুব উঁচু।	The peak of the mountain is very high.
আমরা শিখর স্পর্শ করলাম।	We touched the peak.
এটি একটি বিশাল মালভূমি।	This is a huge plateau.
মালভূমি এলাকাটি খুব সুন্দর।	The plateau area is very beautiful.
চাহিদা হ্রাস পেয়েছে।	Demand has declined.
এর একটি দ্রুত হ্রাস দেখা যাচ্ছে।	A rapid decline is seen here.
এটি একটি নতুন প্রবণতা।	This is a new trend.
বর্তমান প্রবণতা খুব অদ্ভুত।	The current trend is very strange.
সূর্য এখন উঠা শুরু করেছে।	The sun has started to rise now.
তারা দ্রুত উঠা শুরু করল।	They started to rise quickly.
এটি একটি বড় পতন।	This is a big fall.
ঝরনার পতন খুব সুন্দর।	The fall of the waterfall is beautiful.
উৎপাদনে বৃদ্ধি হয়েছে।	There has been an increase in production.
জনসংখ্যার বৃদ্ধি খুব দ্রুত।	Population increase is very fast.
খরচ হ্রাস করা প্রয়োজন।	It is necessary to decrease costs.
তাপমাত্রার হ্রাস লক্ষ্য করা গেছে।	A decrease in temperature was noticed.
আবেগের ঢেউ বয়ে গেল।	A surge of emotion swept through.
বাজারে পণ্যের ঢেউ এল।	A surge of products came to the market.
পাখির উড্ডয়ন খুব সুন্দর।	The bird's soar is very beautiful.
উড্ডয়ন শুরু করার সময় হলো।	It is time to soar.
রকেট আকাশে উড়ল।	The rocket flew in the sky.
এটি একটি শক্তিশালী রকেট।	This is a powerful rocket.
দাম স্থিতিশীল করা দরকার।	It is necessary to stabilize prices.
সে পরিস্থিতি স্থিতিশীল করা শুরু করল।	He started to stabilize the situation.
এখন বন্ধ স্তর তৈরি হয়েছে।	A level off has now been created.
এটি একটি বন্ধ স্তর।	This is a level off.
সে জলে ডুব দিল।	He took a dip in the water.
গভীর জলে ডুব দেওয়া কঠিন।	It is hard to dip in deep water.
চাপে একটি স্পাইক দেখা দিল।	A spike appeared in the pressure.
এটি একটি বড় স্পাইক।	This is a big spike.
এখানে মেয়েদের সংখ্যা বেশি।	Girls outnumber here.
ছাত্রদের সংখ্যা বেশি।	Students outnumber.
এর অনুপাত সঠিক নয়।	Its proportion is not correct.
সঠিক অনুপাত বজায় রাখুন।	Maintain the correct proportion.
দশ শতাংশ ছাড় দেওয়া হয়েছে।	Ten percentage discount has been given.
এই শতাংশ খুব কম।	This percentage is very low.
পরিসংখ্যান খুব গুরুত্বপূর্ণ।	Statistics are very important.
এই পরিসংখ্যান সঠিক।	These statistics are correct.
তুলনা করা খুব সহজ।	Comparison is very easy.
আমাদের তুলনা করা উচিত নয়।	We should not make a comparison.
সে সীমারেখা অতিক্রম করল।	He exceeded the boundary.
খরচ বাজেট অতিক্রম করল।	Costs exceeded the budget.
এটি তিন অংশ নিয়ে গঠিত।	It is comprised of three parts.
দলটি পাঁচ সদস্যে গঠিত।	The team is comprised of five members.
এটি কেন জন্য অ্যাকাউন্ট করে?	Why does it account for this?
তিনি এর জন্য অ্যাকাউন্ট করেন।	He accounts for this.
সে অবিচলিতভাবে কাজ করে।	He works steadily.
নদীটি অবিচলিতভাবে বয়ে চলে।	The river flows steadily.
দাম তীক্ষ্ণভাবে বেড়ে গেল।	Prices rose sharply.
সে তীক্ষ্ণভাবে তাকাল।	He looked sharply.
পরিস্থিতি নাটকীয়ভাবে বদলে গেল।	The situation changed dramatically.
তিনি নাটকীয়ভাবে কথা বলেন।	He speaks dramatically.
তার উন্নতি লক্ষণীয়ভাবে দেখা যাচ্ছে।	His improvement is noticeably visible.
এটি লক্ষণীয়ভাবে পরিবর্তিত।	It is noticeably changed.
সামগ্রিক ফলাফল ভালো।	The overall result is good.
এটি একটি সামগ্রিক পরিকল্পনা।	This is an overall plan.
সে খুব ছোট, যদিও সে সাহসী।	He is very small, albeit he is brave.
সে অসুস্থ, যদিও সে কাজ করছে।	He is sick, albeit he is working.
বৃষ্টি হচ্ছে, তা সত্ত্বেও আমরা যাব।	It is raining, notwithstanding we will go.
ঝুঁকি আছে, তা সত্ত্বেও তিনি রাজি।	There is risk, notwithstanding he agrees.
একটি যন্ত্র আছে যার দ্বারা কাজ হয়।	There is a machine whereby work happens.
এটি একটি নিয়ম যার দ্বারা আমরা চলি।	This is a rule whereby we live.
তুমি এইভাবে কথা বলো।	You speak in this way.
এইভাবে কাজ করলে ভালো হবে।	It will be good to work thus.
সে পড়ছে, একইভাবে আমি পড়ছি।	He is studying, likewise I am studying.
তুমি হাসলে, একইভাবে সে হাসল।	You smiled, likewise he smiled.
সে খুব দয়ালু, বিপরীতভাবে সে কঠোর।	He is very kind, conversely he is harsh.
তুমি জিতলে, বিপরীতভাবে সে হারল।	You won, conversely he lost.
তিনি তর্কযোগ্যভাবে একজন মহান নেতা।	He is arguably a great leader.
সে অসুস্থ, তবুও সে এল।	He is sick, nevertheless he came.
পথ কঠিন, তবুও আমরা হাঁটব।	The path is hard, nevertheless we will walk.
ভুল হয়েছে, তবুও ক্ষমা করো।	A mistake happened, nonetheless forgive.
সময় কম, তবুও আমি চেষ্টা করব।	Time is short, nonetheless I will try.
বৃষ্টি হচ্ছে, অধিকন্তু ঠান্ডা বাড়ছে।	It is raining, furthermore the cold is increasing.
সে দেরি করল, অধিকন্তু ভুল করল।	He was late, moreover he made a mistake.
আমি ক্লান্ত, অধিকন্তু আমি ক্ষুধার্ত।	I am tired, moreover I am hungry.
সে মিথ্যা বলল, ফলস্বরূপ সে শাস্তি পেল।	He lied, consequently he was punished.
বৃষ্টি পড়ল, ফলস্বরূপ রাস্তা ভিজে গেল।	It rained, consequently the road got wet.
সে চেষ্টা করল, সেই অনুযায়ী ফল পেল।	He tried, accordingly he got the result.
সবাই শান্ত থাকল, সেই অনুযায়ী কাজ হলো।	Everyone stayed quiet, accordingly the work was done.
সে গান গায়, একইভাবে সে নাচ করে।	He sings, similarly he dances.
তুমি পড়ো, একইভাবে সেও পড়ে।	You read, similarly he also reads.
আমরা সমানভাবে দায়িত্ব ভাগ করি।	We equally divide the responsibilities.
দুটি দল সমানভাবে লড়াই করল।	Two teams fought equally.
সে লম্বা, বিপরীতে তার ভাই খাটো।	He is tall, in contrast his brother is short.
শহরটি ঘিঞ্জি, বিপরীতে গ্রামটি শান্ত।	The city is crowded, in contrast the village is quiet.
সে খুব সুখী, বিপরীতে আমি দুঃখিত।	He is very happy, on the contrary I am sad.
সে বলল হ্যাঁ, বিপরীতে আমি বললাম না।	He said yes, on the contrary I said no.
সে ধনী, অন্য দিকে সে একা।	He is rich, on the other hand he is alone.
আমি যাব, অন্য দিকে তুমি রবে।	I will go, on the other hand you will stay.
সে পড়ল না, ফলস্বরূপ সে ফেল করল।	He didn't study, as a result he failed.
মেঘ হলো, ফলস্বরূপ বৃষ্টি এল।	Clouds formed, as a result rain came.
ফল অনেক, উদাহরণস্বরূপ আম ও জাম।	Fruits are many, for instance mango and jamun.
ভাষা অনেক, উদাহরণস্বরূপ বাংলা ও ইংরেজি।	Languages are many, for instance Bengali and English.
শহরটি সুন্দর, উদাহরণস্বরূপ পার্কগুলো।	The city is beautiful, for example the parks.
রঙ অনেক, উদাহরণস্বরূপ লাল ও নীল।	Colors are many, for example red and blue.
সে দয়ালু, উপরন্তু সে সাহসী।	He is kind, in addition he is brave.
সে গান গায়, উপরন্তু সে লেখে।	He sings, in addition he writes.
সব কিছু বলে যোগফল জানাও।	Say everything and tell the sum up.
গণনা করে যোগফল বের করো।	Calculate and find the sum up.
উপসংহারে আমরা এই কথাটি বলব।	In conclusion we will say this word.
বক্তৃতাটি উপসংহারে শেষ হলো।	The speech ended in conclusion.
সব চেষ্টা করল, শেষ পর্যন্ত সে জিতল।	He tried everything, ultimately he won.
বেশি লড়াই হলো, শেষ পর্যন্ত শান্তি এল।	Much fighting happened, ultimately peace came.
সে মেধাবী, এটা অনস্বীকার্যভাবে সত্য।	He is talented, this is undeniably true.
আপাতদৃষ্টিতে এটি সহজ।	Seemingly it is easy.
আপাতদৃষ্টিতে সে খুশি।	Seemingly he is happy.
আপনি কি আমার কথা সমর্থন করা করবেন?	Will you corroborate my words?
তারা প্রমাণটি সমর্থন করা করে।	They corroborate the evidence.
তথ্য থেকে এক্সট্রাপোলেট করা কঠিন।	It is hard to extrapolate from data.
সে ফলাফল এক্সট্রাপোলেট করছে।	He is extrapolating the results.
উপাদানগুলো সংশ্লেষিত করা প্রয়োজন।	The elements need to be synthesized.
আমরা তথ্য সংশ্লেষিত করা করি।	We synthesize the information.
সে পুরো বিষয়টি বর্ণনা করা করছে।	He is delineating the whole matter.
সীমানাটি বর্ণনা করা করা সহজ।	It is easy to delineate the boundary.
মেঘ থেকে বর্ষণ শুরু হলো।	Rain started from the clouds.
এই বর্ষণ খুব প্রয়োজন ছিল।	This precipitation was very necessary.
ঝুঁকি প্রশমিত করা করা জরুরি।	It is urgent to mitigate the risk.
আমরা কষ্ট প্রশমিত করা করি।	We mitigate the pain.
এই ভুলটি সমস্যা বৃদ্ধি করা করবে।	This mistake will exacerbate the problem.
গরম বৃদ্ধি করা করা হতে পারে।	Heat may increase.
আমি সত্যটি নিশ্চিত করা চাই।	I want to ascertain the truth.
অনুগ্রহ করে তারিখটি নিশ্চিত করা করুন।	Please ascertain the date.
সে একটি নতুন তত্ত্ব অনুমান করা করে।	He postulates a new theory.
আমরা ফলাফল অনুমান করা করি।	We postulate the results.
দুই দলের মিলন হবে।	The two groups will amalgamate.
এই মিলন খুব সুন্দর।	This amalgamation is very beautiful.
লোহা এখানে অনুঘটক হিসেবে কাজ করে।	Iron acts as a catalyst here.
সে একটি অনুঘটক হিসেবে কাজ করল।	He acted as a catalyst.
সে নিয়মটি ফাঁকি দেওয়া করতে চায়।	He wants to circumvent the rule.
ফাঁকি দেওয়া করা ভালো নয়।	It is not good to circumvent.
সব তথ্য এখানে সংঘটিত হয়েছে।	All information is conflated here.
সে ঘটনাটি সংঘটিত করল।	He conflated the incident.
আমি লেখাটির পাঠোদ্ধার করতে চাই।	I want to decipher the writing.
পাঠোদ্ধার করা অনেক কঠিন।	It is very hard to decipher.
সে ফাইলটি যাচাই করা করছে।	He is scrutinizing the file.
সব তথ্য যাচাই করা করো।	Scrutinize all the information.
সবাই তার নিন্দা করা করছে।	Everyone is denouncing him.
মিথ্যা কথা বলার জন্য নিন্দা করা করো।	Denounce for telling lies.
তার অবমূল্যায়ন করা ঠিক নয়।	It is not right to deprecate him.
সে আমার কাজ অবমূল্যায়ন করল।	He deprecated my work.
খবরটি দ্রুত প্রচার করা করো।	Disseminate the news quickly.
তারা তথ্য প্রচার করা করে।	They disseminate information.
সবগুলো নাম গণনা করা করো।	Enumerate all the names.
সে সংখ্যাগুলো গণনা করা করছে।	He is enumerating the numbers.
খারাপ অভ্যাস পরিত্যাগ করা করো।	Eschew bad habits.
সে মাংস খাওয়া পরিত্যাগ করা করল।	He eschewed eating meat.
কাজের গতি দ্রুত করা করো।	Expedite the speed of work.
আমরা প্রক্রিয়াটি দ্রুত করা করলাম।	We expedited the process.
দুই ধারণার সংযোজন করা হলো।	The juxtaposition of two concepts was done.
রঙের সংযোজন খুব সুন্দর।	The juxtaposition of colors is very beautiful.
সে কাজটিকে বৈধ করা করল।	He legitimized the work.
আইনটি এটিকে বৈধ করা করে।	The law legitimizes this.
এটি আমাদের সুযোগ বর্জন করা করে।	It precludes our opportunity.
অসুখ আমাদের কাজ বর্জন করা করায়।	Sickness precludes our work.
সে কথাটি পুনরাবৃত্তি করল।	He reiterated the word.
আমার কথা পুনরাবৃত্তি করো না।	Do not reiterate my words.
চুক্তিতে এটি শর্ত করা করা আছে।	This is stipulated in the contract.
সে নতুন শর্ত করা করল।	He stipulated a new condition.
সে সব বাধা অতিক্রম করা করল।	He transcended all barriers.
ভালোবাসা সব সীমা অতিক্রম করা করে।	Love transcends all limits.
এই পয়েন্টটি আন্ডারস্কোর করা করো।	Underscore this point.
সে মূল কথাটি আন্ডারস্কোর করল।	He underscored the main point.
রহস্যটি উন্মোচন করা হলো।	The mystery was unraveled.
তাকে এই কাজে জড়িত করা সহজ।	It is easy to implicate him in this work.
মিথ্যা কথা বলে তাকে জড়িত করা হয়।	He is implicated by telling lies.
পুরানো ভুলগুলো স্থায়ী করা উচিত নয়।	Old mistakes should not be perpetuated.
মিথ্যে বলে তাকে অপমান করা ঠিক নয়।	It is not right to vilify him with lies.
তারা তাকে সবার সামনে অপমান করা শুরু করল।	They started to vilify him in front of everyone.
সঠিক তথ্য তাকে প্রমাণ করা সহজ করবে।	Correct information will make it easy to vindicate him.
আইন তাকে প্রমাণ করা সম্ভব করল।	The law was able to vindicate him.
এটি একটি দ্বি-ধারী তলোয়ার	This is a double-edged sword.
ক্ষমতা একটি দ্বি-ধারী তলোয়ার	Power is a double-edged sword.
বিষয়টির মূল বিষয় সহজ	The crux of the matter is easy.
আমি বিষয়টির মূল বিষয় বুঝতে চাই	I want to understand the crux of the matter.
এটি একটি মূল বিন্দু	This is a moot point.
একটি মূল বিন্দু আলোচনা করুন	Discuss a moot point.
দীর্ঘমেয়াদে এটি লাভজনক	In the long run, this is profitable.
দীর্ঘমেয়াদে চিন্তা করুন	Think in the long run.
নতুন আলোকে সব দেখুন	See everything in light of new.
আলোকে সত্য প্রকাশ পেল	The truth came out in light of.
একই টোকেন দ্বারা এটি হবে	By the same token, this will happen.
একই টোকেন দ্বারা কাজ চলবে	Work will continue by the same token.
অন্যের এর ব্যয়ে কাজ করো	Work at the expense of others.
এর ব্যয়ে সময় নষ্ট হয়	Time is wasted at the expense of.
নীলের বাইরে খবর এলো	The news came out of the blue.
নীলের বাইরে বৃষ্টি শুরু হলো	Rain started out of the blue.
এক চিমটি লবণ দিয়ে রান্না করো	Cook with a pinch of salt.
এক চিমটি লবণ দিয়ে স্বাদ নিন	Taste with a pinch of salt.
সে এখন প্রান্তে	He is now on the verge of.
আমরা পতনের প্রান্তে	We are on the verge of fall.
শয়তানের উকিল খেলতে ভালো লাগে	It feels good to play devil's advocate.
শয়তানের উকিল খেলতে যাবেন না	Do not go to play devil's advocate.
আমরা একই পৃষ্ঠায় থাকতে চাই	We want to be on the same page.
একই পৃষ্ঠায় থাকতে হবে	Need to be on the same page.
বুলেট কামড়াতে হবে	Will have to bite the bullet.
সাহস করে বুলেট কামড়াতে শিখুন	Learn to bite the bullet with courage.
মধ্যরাতের তেল পোড়াতে হবে	Will have to burn the midnight oil.
সে মধ্যরাতের তেল পোড়াতে অভ্যস্ত	He is used to burn the midnight oil.
লাইন আঁকা জরুরি	It is urgent to draw the line.
এখানে লাইন আঁকা হবে	The line will be drawn here.
বিড়ালকে ব্যাগ থেকে বের করে দিতে হবে	Will have to let the cat out of the bag.
বিড়ালকে ব্যাগ থেকে বের করে দিতে ভুলেছি	Forgot to let the cat out of the bag.
মঞ্জুর জন্য এটা নিতে হবে	Must take it for granted.
মঞ্জুর জন্য এটা নিতে লজ্জা পাচ্ছি	Feeling shy to take it for granted.
চোখ বন্ধ করতে হবে	Need to turn a blind eye.
সে চোখ বন্ধ করতে পারে	He can turn a blind eye.
সে পাতলা বরফের উপর হতে পারে	He could be on thin ice.
আমরা পাতলা বরফের উপর হতে পারি	We could be on thin ice.
একটি হাত এবং একটি পা খরচ করতে হবে	Will cost an arm and a leg.
এটি একটি হাত এবং একটি পা খরচ করতে পারে	This could cost an arm and a leg.
হৃদয় পরিবর্তন করা সহজ নয়	A change of heart is not easy.
তার হৃদয় পরিবর্তন করা দরকার	He needs to have a change of heart.
সে চাঁদের উপরে হতে পারে	He could be over the moon.
চাঁদের উপরে হতে খুব ভালো লাগে	Feels great to be over the moon.
বেড়ার উপর বসতে মানা	Forbidden to sit on the fence.
বেড়ার উপর বসতে সময় লাগে	Takes time to sit on the fence.
মটরশুটি ছড়িয়ে দিতে হবে	Will have to spill the beans.
মটরশুটি ছড়িয়ে দিতে ভুলবেন না	Do not forget to spill the beans.
আবহাওয়ার অধীনে থাকতে কষ্ট হয়	Hard to be under the weather.
আবহাওয়ার অধীনে থাকতে হবে	Need to be under the weather.
বরফ ভাঙতে শুরু করুন	Start to break the ice.
বরফ ভাঙতে সময় লাগছে	Taking time to break the ice.
মাথায় পেরেক মারতে হবে	Need to hit the nail on the head.
মাথায় পেরেক মারতে ভুলবেন না	Do not forget to hit the nail on the head.
কারো পা টানতে ভালো লাগে	Likes to pull someone's leg.
কারো পা টানতে যাবেন না	Do not go to pull someone's leg.
উপসংহারে আমি এটাই বলব।	In conclusion, I will say this.
উপসংহারে লেখাটি শেষ হলো।	The writing ended in conclusion.
গণিতের যোগফল বের করো।	Find the sum in math.
এই যোগফল সঠিক নয়।	This sum is not correct.
ভারসাম্যের উপর নজর দাও।	Keep an eye on the balance.
ভারসাম্যের উপর চাপ বেশি।	There is more pressure on the balance.
সারমর্মে কথাটি সত্য।	In essence, the word is true.
সারমর্মে এটি একটি গল্প।	In essence, it is a story.
উপরন্তু সে খুব দয়ালু।	In addition, he is very kind.
উপরন্তু বৃষ্টি শুরু হলো।	In addition, it started raining.
বিপরীতে সে রাজি নয়।	In contrast, he does not agree.
বিপরীতে আকাশ পরিষ্কার।	In contrast, the sky is clear.
বিপরীতে আমি অন্য কিছু চাই।	On the contrary, I want something else.
বিপরীতে তারা হেরে গেল।	On the contrary, they lost.
অন্য কথায় এটি সহজ।	In other words, it is easy.
অন্য কথায় আমরা হেরেছি।	In other words, we lost.
উদাহরণস্বরূপ এই বইটি দেখো।	For instance, look at this book.
উদাহরণস্বরূপ সে গান গায়।	For instance, he sings.
ফলস্বরূপ সে পরীক্ষায় পাস করল।	As a result, he passed the exam.
ফলস্বরূপ সব নষ্ট হলো।	As a result, everything was ruined.
প্রথম স্থানে সে ছিল।	He was in the first place.
প্রথম স্থানে নাম লিখুন।	Write the name in the first place.
দ্বিতীয় স্থানে রহিম আছে।	Rahim is in the second place.
দ্বিতীয় স্থানে কী হবে?	What will be in the second place?
দ্বিতীয়ত আমরা যাব।	Secondly, we will go.
দ্বিতীয়ত তুমি বলো।	Secondly, you speak.
তৃতীয়ত সে এল।	Thirdly, he came.
তৃতীয়ত এটা অসম্ভব।	Thirdly, it is impossible.
পালাক্রমে আমরা কথা বলব।	We will speak in turn.
পালাক্রমে সবাই আসুন।	Everyone come in turn.
বিপরীতে সে খুব চুপচাপ।	By contrast, he is very quiet.
বিপরীতে এখানে ভিড় নেই।	By contrast, it is not crowded here.
তুলনায় এটি অনেক ছোট।	In comparison, this is much smaller.
তুলনায় সে অনেক ভালো।	In comparison, he is much better.
একদিকে সে বন্ধু।	On the one hand, he is a friend.
একদিকে আকাশ নীল।	On the one hand, the sky is blue.
অন্য দিকে সে শত্রু।	On the other hand, he is an enemy.
অন্য দিকে অনেক সমস্যা।	On the other hand, there are many problems.
বিকল্পভাবে আপনি আসতে পারেন।	Alternatively, you can come.
বিকল্পভাবে এটা চেষ্টা করুন।	Alternatively, try this.
ফলস্বরূপ সব শেষ হয়ে গেল।	Consequently, everything ended.
ফলস্বরূপ সে কাঁদতে শুরু করল।	Consequently, he started crying.
এইভাবে কাজটা করো।	Do the work thus.
এইভাবে সে কথা বলে।	Thus he speaks.
এর দ্বারা অনেক লাভ হলো।	Much was gained thereby.
এর দ্বারা সব সম্ভব।	Everything is possible thereby.
তারপর আমরা যাব।	Thereafter we will go.
তারপর সে হাসল।	Thereafter he laughed.
তারপর সে চলে গেল।	Thereupon he left.
তারপর আমি খাব।	Thereupon I will eat.
উল্লেখযোগ্যভাবে সে বদলেছে।	Notably, he has changed.
উল্লেখযোগ্যভাবে দাম বেড়েছে।	Notably, the price has increased.
সে প্রধানত একজন শিক্ষক।	He is chiefly a teacher.
এখানে প্রধানত আম ফলে।	Chiefly mangoes grow here.
সে দ্বিতীয় স্থানে আছে।	He is in the second place.
আমি দ্বিতীয় স্থানে এসেছি।	I came in the second place.
দ্বিতীয়ত, আমার খিদে পেয়েছে।	Secondly, I am hungry.
দ্বিতীয়ত, এটি খুব দামী।	Secondly, it is very expensive.
তার উত্তরটি ছিল দ্ব্যর্থহীন।	His answer was unequivocal.
এটি একটি দ্ব্যর্থহীন সত্য।	It is an unequivocal truth.
প্রমাণটি অকাট্য ছিল।	The evidence was irrefutable.
এটি একটি অকাট্য যুক্তি।	It is an irrefutable argument.
আশার আলো খুব ক্ষীণ।	The light of hope is very tenuous.
তাদের সম্পর্ক এখন খুব ক্ষীণ।	Their relationship is now very tenuous.
এটি একটি উল্লেখযোগ্য বৈশিষ্ট্য।	It is a salient feature.
তার অনেক উল্লেখযোগ্য কাজ আছে।	He has many salient works.
এটি মানুষের সহজাত প্রবৃত্তি।	It is an inherent instinct of humans.
সহজাত গুণটি ধরে রাখা কঠিন।	It is hard to keep the inherent quality.
ঈশ্বর সর্বব্যাপী সত্তা।	God is a ubiquitous entity.
এই সমস্যাটি এখন সর্বব্যাপী।	This problem is now ubiquitous.
শিক্ষা এখন সর্বোপরি।	Education is paramount now.
স্বাস্থ্যই সর্বোপরি।	Health is paramount.
খরচটি খুব নগণ্য।	The cost is negligible.
ফলাফলটি ছিল নগণ্য।	The result was negligible.
এটি একটি কার্যকর পরিকল্পনা।	It is a viable plan.
এই পথটি কার্যকর নয়।	This path is not viable.
ছেলেটি খুব চতুর।	The boy is very astute.
তিনি একজন চতুর ব্যবসায়ী।	He is an astute businessman.
কাঁচটি এখন অস্বচ্ছ।	The glass is now opaque.
জলটি খুব অস্বচ্ছ।	The water is very opaque.
তিনি একজন ফলপ্রসূ লেখক।	He is a prolific writer.
মাটিটি খুব ফলপ্রসূ।	The soil is very prolific.
এই তথ্যটি অপ্রয়োজনীয়।	This information is redundant.
অপ্রয়োজনীয় কথা বলা বন্ধ করো।	Stop speaking redundant words.
সে খুব স্থিতিস্থাপক।	He is very resilient.
এটি একটি স্থিতিস্থাপক বস্তু।	It is a resilient object.
আমি সব যাচাই করা শুরু করলাম।	I started scrutinizing everything.
তথ্যটি যাচাই করা প্রয়োজন।	The information needs scrutinizing.
সুখ একটি অধরা জিনিস।	Happiness is an intangible thing.
স্বপ্নগুলো সবসময় অধরা থাকে।	Dreams always remain intangible.
জলটি খুব স্বচ্ছ।	The water is very transparent.
তার স্বচ্ছ উদ্দেশ্য আছে।	He has transparent intentions.
महलটি খুব ঐশ্বর্যপূর্ণ।	The palace is very opulent.
এটি একটি ঐশ্বর্যপূর্ণ জীবন।	It is an opulent life.
তার কাজ খুব সূক্ষ্ম।	His work is very meticulous.
তিনি খুব সূক্ষ্ম পরিকল্পনা করেন।	He makes very meticulous plans.
সে খুব বিশ্বাসী মানুষ।	He is a fastidious person.
তিনি তার কাজে বিশ্বাসী।	He is fastidious in his work.
তার বিবেক খুব পরিষ্কার।	His conscience is very scrupulous.
বিবেকের তাড়নায় সে কাঁদল।	He cried due to his conscience.
সে একজন নীতিহীন লোক।	He is an unscrupulous man.
নীতিহীন কাজ করা অপরাধ।	Doing unscrupulous work is a crime.
তিনি একজন বিচক্ষণ নেতা।	He is a discerning leader.
বিচক্ষণ সিদ্ধান্ত নেওয়া কঠিন।	It is hard to make a discerning decision.
সত্যিটি এখন অবিসংবাদিত।	The truth is now incontrovertible.
এটি একটি অবিসংবাদিত ঘটনা।	It is an incontrovertible event.
তার গান অনবদ্য।	His song is impeccable.
তার কাজ অনবদ্য ছিল।	His work was impeccable.
এটি একটি ত্রুটিহীন কাজ।	It is a flawless work.
তার উপস্থাপনা ত্রুটিহীন ছিল।	His presentation was flawless.
তিনি একজন বিচক্ষণ ব্যক্তি।	He is a sagacious person.
বিচক্ষণ মানুষ সবার প্রিয়।	Sagacious people are loved by all.
সে কাজে খুব নিপুণ।	He is very adroit in work.
তার হাতের কাজ নিপুণ।	His handwork is adroit.
শিল্পীটি খুব নিপুণ।	The artist is very deft.
সে খুব নিপুণভাবে আঁকলো।	He painted very deftly.
এই কথার গভীরে অনেক অর্থ নিহিত।	Many meanings are implicit in these words.
গল্পটির ভেতরে একটি শিক্ষা নিহিত।	A lesson is inherent in the story.
প্রকল্পটির সম্ভাব্যতা যাচাই করা প্রয়োজন।	The feasibility of the project needs to be verified.
এই কাজের সম্ভাব্যতা খুব কম।	The feasibility of this work is very low.
পরিবেশের স্থায়িত্ব রক্ষা করা জরুরি।	It is urgent to maintain environmental sustainability.
এই ব্যবস্থার স্থায়িত্ব নিয়ে সন্দেহ আছে।	There is doubt about the sustainability of this system.
রোগটির ব্যাপকতা এখন অনেক বেশি।	The prevalence of the disease is now very high.
এই তথ্যের ব্যাপকতা অবাক করার মতো।	The prevalence of this information is surprising.
হিসাবে একটি বড় অসঙ্গতি আছে।	There is a big discrepancy in the accounts.
কথার মধ্যে অনেক অসঙ্গতি দেখা যাচ্ছে।	Many discrepancies are appearing in the speech.
দলের মধ্যে সুন্দর সমন্বয় প্রয়োজন।	A good coherence is needed within the team.
রঙের সমন্বয় খুব সুন্দর হয়েছে।	The coherence of colors has been very beautiful.
কাগজটির বৈধতা কি পরীক্ষা করা হয়েছে?	Has the validity of the paper been checked?
আপনার দলিলে কোনো বৈধতা নেই।	There is no validity in your document.
এই তথ্যের নির্ভরযোগ্যতা খুব কম।	The reliability of this information is very low.
তার নির্ভরযোগ্যতা সবাই জানে।	Everyone knows his reliability.
সমস্যার মাত্রা অনেক বেড়ে গেছে।	The magnitude of the problem has increased a lot.
ভূমিকম্পের মাত্রা খুব বেশি ছিল।	The magnitude of the earthquake was very high.
তার জেদের প্রবণতা খুব বেশি।	His propensity for stubbornness is very high.
মানুষের শেখার একটি স্বাভাবিক প্রবণতা আছে।	Humans have a natural propensity for learning.
আপনার প্রস্তাবটি আমি গ্রহণ করলাম।	I accepted your proposition.
নতুন প্রস্তাব নিয়ে আলোচনা শুরু হোক।	Let the discussion on the new proposition begin.
এই পোস্টুলেশনটি গাণিতিক ভাবে সঠিক।	This postulation is mathematically correct.
পুরানো পোস্টুলেশনটি এখন আর চলে না।	The old postulation is no longer applicable.
এটি নির্বাচনের প্রধান মানদণ্ড।	This is the main criterion for selection.
আমাদের মানদণ্ড অনেক কঠিন।	Our criterion is very strict.
এটি একটি নতুন চিন্তার দৃষ্টান্ত।	This is a paradigm of new thought.
পুরানো দৃষ্টান্ত বদলে যাচ্ছে।	The old paradigm is changing.
তাদের এই মতবাদ খুব পুরনো।	Their dogma is very old.
কঠোর মতবাদ মেনে চলা কঠিন।	It is hard to follow a strict dogma.
বাজারে তাদের আধিপত্য অনেক বেশি।	Their hegemony in the market is very high.
এই ক্ষেত্রে সাংস্কৃতিক আধিপত্য স্পষ্ট।	Cultural hegemony is clear in this case.
চাষিদের জন্য সরকারি ভর্তুকি দেওয়া হয়েছে।	Government subsidy has been given to farmers.
ভর্তুকি পেলে উৎপাদন বাড়বে।	Production will increase with subsidy.
নতুন ট্যারিফ নিয়মটি মেনে চলুন।	Follow the new tariff rule.
ট্যারিফ বৃদ্ধির ফলে দাম বেড়েছে।	Prices increased due to the tariff hike.
এই পদের জন্য নির্দিষ্ট কোটা আছে।	There is a specific quota for this post.
কোটা ব্যবস্থা নিয়ে বিতর্ক চলছে।	There is a debate over the quota system.
শহরের অবকাঠামো খুব উন্নত।	The city's infrastructure is very advanced.
আমাদের অবকাঠামো আরও উন্নত করা দরকার।	We need to improve our infrastructure further.
বাজেট বরাদ্দ শেষ হয়ে গেছে।	The budget allocation is finished.
এই কাজের জন্য বরাদ্দ কত?	What is the allocation for this work?
এটি তার চরিত্রের প্রধান বৈশিষ্ট্য।	This is the main attribution of his character.
এই গুণের বৈশিষ্ট্য খুব বিরল।	The attribution of this quality is very rare.
প্রমাণের অনুমোদন পাওয়া গেছে।	Corroboration of the evidence has been found.
আপনার কথার কোনো অনুমোদন নেই।	There is no corroboration for your words.
পুরানো দলিলের সত্যতা যাচাই করুন।	Verify the authenticity of the old document.
এই তথ্যের সত্যতা প্রমাণিত।	The authenticity of this information is proven.
তার বিশ্বাসের বিশ্বাসযোগ্যতা খুব বেশি।	The credibility of his belief is very high.
আপনার কথার বিশ্বাসযোগ্যতা নেই।	Your words have no credibility.
ডকুমেন্টের যাচাইকরণ এখন চলছে।	Verification of the document is going on now.
সঠিক যাচাইকরণ খুব প্রয়োজনীয়।	Correct verification is very necessary.
বেতন থেকে কর কর্তন করা হয়েছে।	Tax deduction has been made from the salary.
ভুল কর্তন করে হিসাব মেলান।	Correct the account by deducting errors.
সবার মধ্যে ঐক্যমত তৈরি হয়েছে।	Consensus has been created among everyone.
এই বিষয়ে কোনো ঐক্যমত নেই।	There is no consensus on this matter.
এই বিচ্যুতি খুব স্পষ্ট	This divergence is very clear
তার পথে বিচ্যুতি ঘটেছে	There has been a divergence in his path
আমাদের অভিন্নতা সুন্দর	Our convergence is beautiful
এটির অভিন্নতা লক্ষ্য করুন	Notice the convergence of this
জটিলতা অনেক বেশি	The complexity is too much.
এই জটিলতা দূর করো	Remove this complexity.
