అద్భుతం!	Wonderful!
తప్పకుండా	Definitely!
మేము ఎవరము ?	Who are we?
అభినందనలు	Congratulations!
అతను పెట్టేసాడు	He hung up.
కోపమొచ్చిందా ?	Are you mad?
అతను మా అబ్బాయి	He's my son.
వాళ్ళు మృగాలు	They're animals.
నీ కలం ఏది ?	Which is your pen?
అతను నన్ను తాకాడు	He touched me.
నేను కాఫీ తాగాను	I drank coffee.
ఆమె ఎంత పొడుగు ?	How tall is she?
నేను ఇంటికి పరిగెత్తాను	I ran home.
నేను అంగీకరించను	I don't accept it.
వాళ్ళు పోలీసులు.	They're policemen.
నా తల నొప్పిపుడుతుంది	My head hurts.
పెట్టె లో ఏముంది?	What's in the box?
నువ్వు అది చూసావా ?	Can you see that?
వొంట్లో ఎలా వుంది	Are you feeling OK?
నాకు కాఫీ ఇష్టం లేదు	I dislike coffee.
అది నా తప్పు కాదు.	It wasn't my fault.
అది చాలా విలువైనది	It's very valuable.
ఆమె వైద్యురాలు కాదు	She's not a doctor.
నాకు అది తట్టింది	I've thought of that.
ఇంకేమి మిగల్లేదు	There was nothing left.
నేనూ తప్పులు చేస్తాను	I do make mistakes.
నేను టామ్‌ను చూడాలి.	I've got to see Tom.
టామ్ చాలా భయపడ్డాడు.	Tom was very scared.
నాకు ఏమీ అవసరంలేదు.	I don't need anything.
నేను వాడిని నమ్మను	I don't trust that guy.
నీ గది అంకె ఎంత ?	What's your room number?
వాళ్లెవరు రాలేదు	None of them are present.
నాకు మళ్ళా ఆకలి వేస్తుంది	I'm hungry again.
నువ్వు ఎలా వస్తున్నావ్?	How are you coming?
నువ్వు ఏమి తీసుకుంటావ్?	What will you have?
ఇది ఒక వాక్యం కాదు.	This is not a sentence.
ఇదంతా నీ తప్పు కాదు	It's not all your fault.
నువ్వు ఏం చెప్తున్నావు ?	What are you saying?
నేను ఇంకేం కోల్పోతాను ?	What else can I lose?
మీరిద్దరూ సంగీతకారులా?	Are you two musicians?
స్టేషన్ దగ్గర్లో వుంది	The station is nearby.
నేను జపనీస్ మాట్లాడను	I don't speak Japanese.
నేను మాట్లాడటం మొదలుపెట్టాను	I began to speak.
మేము వినాలని అనుకుంటున్నాం	We want to hear it.
ఆమె బల్ల మీద కూర్చుంది .	She sat on the bench.
నీకు బాగోలేదని విన్నాను	I heard you were sick.
ఆమె భయంతో తెల్లబోయింది	She was pale with fear.
టామ్ గుహలోకి వెళ్ళాడు.	Tom went into the cave.
డబ్బాలు అక్కడ పెట్టు	Put the boxes over there.
మీ అబ్బాయి ఎక్కడ వున్నాడు ?	Where was your son?
నాకు గంట మోగటం వినపడింది	I heard the bell ring.
మనం ఆ అవకాశం తీసుకుందాం	Let's take that chance.
దయచేసి ఇంకొంచం కాఫీ ఇవ్వరా.	More coffee, please.
ఎవరు గెలిచారో నాకు తెలియదు	I don't know who won.
అది నిజంగా అంత చెడ్డదా ?	Was it really that bad?
పని దాదాపుగా అయిపోయింది	The work is almost done.
మేము అది కావాలని చేశాం	We did that deliberately.
మళ్ళీ ఎప్పుడు వస్తావు?	When will you next visit?
నీ పళ్ళు రోజూ తోముకో	Brush your teeth every day.
సహాయం చాలా ఆలస్యముగా వచ్చింది	Help came too late.
నేను చాలా జాగ్రత్తగా ఉంటాను	I'll be very careful.
నువ్వు అది చెయ్యమని నా సలహా	I suggest you do that.
తను ఇప్పుడు ఇంటి దగ్గర లేదు	She's not at home now.
నేను ఈసారికి వదిలేస్తాను	I'll let it go this time.
నువ్వు ఒక్కసారిగా రావాలి	You have to come at once.
ఇది నన్ను చాలా బాధ పెట్టింది	This made me very sad.
నేను ఒక ఫోన్ చేసుకోవచ్చా ?	Can I make a phone call?
ఇదంతా నిజంగా జరిగిందా ?	Did all this really happen?
మాకు ఫ్రెంచి అర్ధం కాదు	We don't understand French.
ఇది ఒక అద్భుతమైన ఫీచర్	This is a wonderful feature.
నా పని లో అడ్డు రాకు.	Don't interfere with my work.
అతను తన మాట నిలబెట్టుకోలేదు	He didn't keep his word.
నువ్వు చాల త్వరగా వచ్చావు	You've arrived very early.
జాగ్రత్తగా చూస్తున్నావా?	Are you watching carefully?
అది అంత సులభం ఏం కాదు	It actually isn't that simple.
పొగ తాగడం ఎప్పుడు ఆపేశావ్?	When did you quit smoking?
నా పుస్తకం ఎక్కడ పెట్టావ్?	Where did you put my book?
మేము రోజుల తరబడి నిద్రపోలేదు	We haven't slept in days.
అది అంత తేలిక కాదు, తెలుసా	That wasn't easy, you know.
ముసలివాళ్లు నెమ్మదిగా నడుస్తారు	Old people walk slowly.
చలనచిత్రం మొదలు అవ్వబోతుంది	The movie's about to start.
పసిపాప పాల కోసం ఏడుస్తుంది	The baby is crying for milk.
ఆమె చల్ల గాలి పీల్చింది .	She breathed in the cold air.
నువ్వు చాలా సంతోషంగా ఉన్నట్లున్నావ్	You seem very happy.
మీరు ఎందుకు రావాలనుకుంటున్నారు?	Why do you want to come?
మధ్యతరగతి అవస్థపడుతుంది.	The middle class is struggling.
నాకు టామ్‌ను భయపెట్టాలని లేదు.	I don't want to scare Tom.
చూపుకి వెలుపల​, మనసుకి వెలుపల​	Out of sight, out of mind.
నువ్వు గట్టిగా మాట్లాడాలి	You must speak in a loud voice.
మనం అంత కష్టపడనక్కరలేదు.	We won't have to work very hard.
కొన్ని కుక్కలు బ్రతికే ఉన్నాయి	Some of the dogs are alive.
భయపడాల్సిన కారణం ఏమీ లేదు.	There's no reason to be afraid.
ఎక్కడ నొప్పి పుడుతుందో నాకు చూపించు	Show me where it hurts.
తనని ఒంటరిగా వదిలెయ్యడం మంచిది	We'd better leave her alone.
అతను ఆమెకి పుస్తకాల అర తయారు చేసాడు	He made her a bookshelf.
ఆవిడ పిల్లిని భయపెట్టి తరిమేసింది .	She scared the cat away.
నువ్వు ఎక్కడ ఉన్నవో అక్కడే ఉండు	You must stay where you are.
మా అక్కకి టెన్నిసంటే పిచ్చి	My sister is crazy about tennis.
సాదారణంగా అది చేసేది నేనే	I'm usually the one who does that.
మీకు ఎన్ని మామిడిపండ్లు కావాలి?	How many mangoes do you want?
అతడు స్త్రీలాగా వస్త్రాలను ధరించాడు.	He dressed up as a woman.
ఇది చెయ్యడానికి సిద్దంగా వున్నావా	Are you prepared to do this?
వాళ్ళు ఎక్కడ ఉన్నారో నాకు తెలియదు	I don't know where they are.
టామ్ చివరికి ఉద్యోగం సంపాదించాడు.	Tom has finally found a job.
తను స్కూలుకు వెళ్ళే దారిలో వుంది	She was on her way to school.
మేము నిన్న బాస్కెట్ బాల్ ఆడాము	We played basketball yesterday.
వాడు నేను చెప్పినట్లు చేశాడు.	He did it the way I told him to.
ఇది చాలా తెలివితక్కువ ప్రశ్న	This is a pretty stupid question.
నేను దానిగురించి చాలా ఆలోచిస్తుంటాను.	I think about that a lot.
ఏం చెయ్యాలన్నా మనకి డబ్బులు కావాలి	We need money to do anything.
నీ రోజువారీ జీవితం గురించి చెప్పు	Tell me about your daily life.
నువ్వు సిగ్గు పడాల్సిన అవసరం లేదు	You have no need to be ashamed.
నీకు నచ్చితే ముందే వెళ్లిపోవచ్చు	You can leave early if you like.
ఈ పెన్సిళ్లు ఒకే రంగులో ఉన్నాయి	These pencils are the same color.
టామ్ నీకు ఆకలి వేస్తోందని అంటున్నాడు.	Tom says that you're hungry.
మీరిద్దరూ కలిసి ప్రయాణిస్తున్నారా?	Are you two traveling together?
అది చాలా ఆసక్తికరంగా ఉన్నట్లు ఉంది	That sounds really interesting.
నాకు నువ్వు ఒద్దని చెప్తావని తెలుసు.	I know you're going to say no.
మేరీ ఒంటరిగా లేదని టామ్ అనుకున్నాడు.	Tom thought Mary wasn't alone.
నీకు ఎప్పుడైనా గుండెపోటు వచ్చిందా	Have you ever had a heart attack?
ఈ రాత్రి బయటకి వెళ్లి తిందామా ?	How about going out to eat tonight?
నేను వచ్చే స్టాపు లో దిగుతాను	I'm getting off at the next bus stop.
నా పరువును ఎలా తిరిగి తెచ్చుకోగలను?	How can I restore my reputation?
ఆ పైన ఇంకేమైనా చెప్పేది వుందా ?	Do you have anything further to say?
నాకు ఇప్పుడు మాట్లాడేంత సమయం లేదు	I don't have time to talk right now.
నేనింక నీతో మాట్లాడదల్చుకోవట్లేదు	I don't want to talk to you anymore.
రోజంతా కూర్చోవడం నీకు మంచిది కాదు	Sitting down all day is bad for you.
టామ్‌కు ఆకలి వేస్తోందేమోనని అనుకున్నాను.	I thought Tom might be hungry.
అది ఇక్కడ చెయ్యడానికి నాకు అనుమతి లేదు	I'm not allowed to do that here.
నువ్వు ఈ చుట్టుపక్కల నివసిస్తున్నావా?	Do you live in this neighborhood?
నిన్న రాత్రికి నన్ను నిజంగా క్షమించు	I'm really sorry about last night.
నిన్ను ఇక్కడ ఇంకా ఎక్కువ సమయం వుంచలేను	I can't keep you here any longer.
నువ్వు భోజనం ఇక్కడ ఈ గదిలో తినొచ్చు	You can eat lunch here in this room.
నన్ను సహాయం అడగడానికి ఏం సందేహ పడొద్దు	Don't hesitate to ask me for help.
ఈ సాక్స్ ఉతికినప్పుడు సాగవు	These socks don't stretch when you wash them.
నువ్వు ఇంతకు ముందెప్పుడైనా ఇక్కడకు వచ్చావా?	Have you ever been here before?
అతడు తన చేతులకి అంటిన రక్తాన్ని కడిగేసాడు	He washed the blood off his hands.
ఆమె ముప్పై ఏళ్ళ పాటు సంగీతం నేర్పిస్తుంది	She taught music for thirty years.
వాళ్ళు నా గురించి మాట్లాడుతున్నారనుకుంట.	I think they were talking about me.
మనం నమ్మదగిన వాళ్ళనే పనిలోకి తీసుకోవాలి	We need to hire people we can trust.
ఆవిడ ఇంకా ఎక్కువ చెప్పడానికి ఒప్పుకోవట్లేదు	She refuses to say more about it.
ఆటను చెప్పేది ఏం అర్ధం పర్థం లేకుండా ఉంది	What he says makes no sense at all.
అతను పిల్లలకి స్పానిష్ నేర్పుతున్నాడు	He is teaching Spanish to the children.
నేను నువ్వైతే ఈరోజు అక్కడికి వెళ్ళను	I wouldn't go there today if I were you.
నా అంతట నేనే చేయగలిగి వుండాల్సింది	I should've been able to do that by myself.
ఒక పిల్లి డెస్క్ కింద నుండి బయటకు వచ్చింది.	A cat came out from under the desk.
వేరే దారి లేదని స్పష్టంగా తెలుస్తుంది	It was apparent that there was no way out.
ఏమైనా అవుతుందని ఇంకా భయపడుతున్నావా ?	Are you still afraid something might happen?
ఆటను ఒక గొప్ప కవే కాదు మంచి వైద్యుడు కూడా	He was a great poet as well as a doctor.
టామ్ నిన్న ఇక్కడకు మొదటి సారి వచ్చాడు.	Tom came here yesterday for the first time.
నేను ఎన్ని భాషలు మట్లాడుతానని తను అడిగింది	She asked me how many languages I spoke.
నేను ఇంటికి వెళ్లి పరీక్ష కోసం చదవాలి	I have to get back home and study for a test.
స్కూలుకి బయలుదేరే సమయం అయ్యింది, కాదా	It's high time you left for school, isn't it?
నువ్వు నాన్న అయినప్పుడు నీకు అర్ధం అవుతుంది	When you're a father, you'll understand.
నీకు ఏ రంగు అంటే ఇష్టం , నీలమా లేక పచ్ఛా ?	Which color do you prefer, blue or green?
తను ఎందుకు అంత కోపంగా ఉందొ నీకు తెలుసా ?	Do you know the reason why she is so angry?
టామ్ ఒక కర్రతో తన పేరును ఇసుకలో రాశాడు.	Tom wrote his name in the sand with a stick.
తన గుండె కొట్టుకుంటూనే ఆమె తలుపు తీసింది	With her heart pounding, she opened the door.
నువ్వు మాములుగా ఏడు కు ముందే టిఫిన చెస్తావా?	Do you usually eat breakfast before seven?
నేనో పొరపాటు చేసాను, కావాలని కాకపోయినా.	I've made a mistake, though I didn't intend to.
మా నాన్న దురదర్శిని చూస్తూనే నిద్ర పోతాడు	My father often falls asleep while watching television.
